{
    "kmeans": {
        "accuracy": [
            0.6023350682233788,
            0.6056407370938247,
            0.6117597411731608,
            0.6063440708960472,
            0.6075397383598256,
            0.6096497397664932,
            0.6094387396258264,
            0.6137994091996062,
            0.6109157406104937,
            0.6058517372344915,
            0.6078210718807145,
            0.6126037417358279,
            0.6109157406104937,
            0.5992403994935996,
            0.6103530735687157,
            0.6097200731467154,
            0.6007174004782669,
            0.6034604023069349,
            0.6085947390631594,
            0.6066957377971586
        ],
        "roc_auc": [
            0.6425484971356705,
            0.6446520293624667,
            0.6541956474218322,
            0.6443261819189984,
            0.6463032477866344,
            0.649322622613763,
            0.6482489383847618,
            0.6511983043829697,
            0.6495173016393723,
            0.647314555559744,
            0.6489028309311929,
            0.6517794799140445,
            0.6467041790065255,
            0.6396682676940599,
            0.6498653322378654,
            0.6492024760452928,
            0.6386470828940578,
            0.6429438360515312,
            0.6477296697040246,
            0.6489063423389821
        ]
    },
    "quantile": {
        "accuracy": [
            0.6023350682233788,
            0.6056407370938247,
            0.6117597411731608,
            0.6063440708960472,
            0.6075397383598256,
            0.6096497397664932,
            0.6094387396258264,
            0.6137994091996062,
            0.6109157406104937,
            0.6058517372344915,
            0.6078210718807145,
            0.6126037417358279,
            0.6109157406104937,
            0.5992403994935996,
            0.6103530735687157,
            0.6097200731467154,
            0.6007174004782669,
            0.6034604023069349,
            0.6085947390631594,
            0.6066957377971586
        ],
        "roc_auc": [
            0.6425484971356705,
            0.6446520293624667,
            0.6541956474218322,
            0.6443261819189984,
            0.6463032477866344,
            0.649322622613763,
            0.6482489383847618,
            0.6511983043829697,
            0.6495173016393723,
            0.647314555559744,
            0.6489028309311929,
            0.6517794799140445,
            0.6467041790065255,
            0.6396682676940599,
            0.6498653322378654,
            0.6492024760452928,
            0.6386470828940578,
            0.6429438360515312,
            0.6477296697040246,
            0.6489063423389821
        ]
    },
    "linspace": {
        "accuracy": [
            0.6023350682233788,
            0.6056407370938247,
            0.6117597411731608,
            0.6063440708960472,
            0.6075397383598256,
            0.6096497397664932,
            0.6094387396258264,
            0.6137994091996062,
            0.6109157406104937,
            0.6058517372344915,
            0.6078210718807145,
            0.6126037417358279,
            0.6109157406104937,
            0.5992403994935996,
            0.6103530735687157,
            0.6097200731467154,
            0.6007174004782669,
            0.6034604023069349,
            0.6085947390631594,
            0.6066957377971586
        ],
        "roc_auc": [
            0.6425484971356705,
            0.6446520293624667,
            0.6541956474218322,
            0.6443261819189984,
            0.6463032477866344,
            0.649322622613763,
            0.6482489383847618,
            0.6511983043829697,
            0.6495173016393723,
            0.647314555559744,
            0.6489028309311929,
            0.6517794799140445,
            0.6467041790065255,
            0.6396682676940599,
            0.6498653322378654,
            0.6492024760452928,
            0.6386470828940578,
            0.6429438360515312,
            0.6477296697040246,
            0.6489063423389821
        ]
    },
    "exact": {
        "accuracy": [
            0.6024054016036011,
            0.6059220706147137,
            0.6116894077929386,
            0.6063440708960472,
            0.6080320720213813,
            0.6096497397664932,
            0.6094387396258264,
            0.6137994091996062,
            0.6109157406104937,
            0.6058517372344915,
            0.6081727387818259,
            0.6126037417358279,
            0.6109157406104937,
            0.5992403994935996,
            0.6103530735687157,
            0.6095090730060486,
            0.6007877338584893,
            0.6039527359684906,
            0.6085947390631594,
            0.6076804051202701
        ],
        "roc_auc": [
            0.6425481408967061,
            0.6446016098046647,
            0.6541959838751765,
            0.64431066835994,
            0.6462695495206703,
            0.649322622613763,
            0.6482489383847618,
            0.6511983241749324,
            0.6495173412177071,
            0.6473150106921485,
            0.6477718313054127,
            0.6517794799140445,
            0.6466963727577392,
            0.6396899962622113,
            0.6498739202635455,
            0.6488184507838212,
            0.638741052235002,
            0.6430075793009666,
            0.6477295905468976,
            0.6495336141797214
        ]
    }
}