{
    "kmeans": {
        "accuracy": [
            0.7216572504708098,
            0.7152542372881356,
            0.7160075329566855,
            0.7096045197740113,
            0.7141242937853107,
            0.71939736346516,
            0.7167608286252354,
            0.7171374764595103,
            0.7175141242937854,
            0.7258003766478343,
            0.711864406779661,
            0.7099811676082862,
            0.7133709981167609,
            0.720527306967985,
            0.7152542372881356,
            0.7092278719397364,
            0.7220338983050848,
            0.7054613935969868,
            0.7160075329566855,
            0.7175141242937854
        ],
        "roc_auc": [
            0.78488125,
            0.7819800854551361,
            0.7687468139867826,
            0.7807361000127127,
            0.7711502467921563,
            0.7918701304892667,
            0.7876662241969971,
            0.7860214724239731,
            0.7866573708028153,
            0.7932779623477297,
            0.7745947642243942,
            0.7725066308632209,
            0.7712756781296107,
            0.7851024783427325,
            0.7825553285665645,
            0.7763072697283224,
            0.7845618915949293,
            0.770607769373756,
            0.7865768085729663,
            0.7837150675975542
        ]
    },
    "quantile": {
        "accuracy": [
            0.7227871939736347,
            0.7182674199623352,
            0.7122410546139359,
            0.7126177024482109,
            0.7122410546139359,
            0.7182674199623352,
            0.720527306967985,
            0.7141242937853107,
            0.7160075329566855,
            0.7295668549905838,
            0.7163841807909604,
            0.7088512241054614,
            0.7084745762711865,
            0.7160075329566855,
            0.7111111111111111,
            0.711864406779661,
            0.7197740112994351,
            0.7032015065913371,
            0.7103578154425612,
            0.7163841807909604
        ],
        "roc_auc": [
            0.7842482954545456,
            0.7835971342318011,
            0.7687138894849359,
            0.781098469026388,
            0.771860072368137,
            0.7929711620536849,
            0.789364944365779,
            0.7865821753229433,
            0.7861083019214857,
            0.7937402390890763,
            0.7797934267931157,
            0.7720239993553564,
            0.7679885938032005,
            0.7838438429577137,
            0.7826838610827376,
            0.777023780313254,
            0.7831680083360575,
            0.7689502113748391,
            0.7863724308010928,
            0.7845612430095468
        ]
    },
    "linspace": {
        "accuracy": [
            0.7231638418079096,
            0.7190207156308851,
            0.7092278719397364,
            0.7129943502824859,
            0.7126177024482109,
            0.7152542372881356,
            0.7178907721280603,
            0.7122410546139359,
            0.7145009416195857,
            0.728060263653484,
            0.7141242937853107,
            0.7032015065913371,
            0.7088512241054614,
            0.7167608286252354,
            0.72015065913371,
            0.7073446327683616,
            0.7080979284369114,
            0.6964218455743879,
            0.7126177024482109,
            0.7069679849340866
        ],
        "roc_auc": [
            0.7834690340909091,
            0.7801952270512527,
            0.7638070033821411,
            0.7773033843052503,
            0.7713169138373965,
            0.7917041244415387,
            0.7870314751499723,
            0.7822966004832941,
            0.7848435990769967,
            0.7939072039072038,
            0.7786462707640065,
            0.7701658254899804,
            0.77125468164794,
            0.7813563640531918,
            0.7806208148904779,
            0.7731651876388718,
            0.7815153259053431,
            0.7676034987276632,
            0.7859421020480923,
            0.7794058724914106
        ]
    },
    "exact": {
        "accuracy": [
            0.7182674199623352,
            0.7178907721280603,
            0.7092278719397364,
            0.7148775894538606,
            0.7111111111111111,
            0.7152542372881356,
            0.7175141242937854,
            0.7171374764595103,
            0.7175141242937854,
            0.7250470809792844,
            0.7156308851224106,
            0.7096045197740113,
            0.7073446327683616,
            0.72015065913371,
            0.7107344632768362,
            0.7160075329566855,
            0.71939736346516,
            0.7001883239171375,
            0.7137476459510358,
            0.7145009416195857
        ],
        "roc_auc": [
            0.7841849431818182,
            0.7829148219911819,
            0.7667585714399247,
            0.7820025470824328,
            0.7722743265742795,
            0.7914124078311722,
            0.7868940786657326,
            0.7867532805092181,
            0.7848830412343637,
            0.7939032285543914,
            0.7768450967662854,
            0.7719927886170465,
            0.7680093065486323,
            0.7818852405991059,
            0.7813318579048916,
            0.7769260872331047,
            0.7838413969706877,
            0.768070476447858,
            0.7863820819736533,
            0.7824614113365939
        ]
    }
}