{
    "kmeans": {
        "accuracy": [
            0.8647173489278752,
            0.868875893437297,
            0.8755035737491877,
            0.8747238466536712,
            0.8774528914879792,
            0.8773229369720598,
            0.8680961663417803,
            0.8721247563352826,
            0.8803118908382066,
            0.8809616634178038,
            0.8695256660168941,
            0.8648473034437947,
            0.8684860298895387,
            0.8747238466536712,
            0.8799220272904483,
            0.8801819363222873,
            0.8692657569850553,
            0.865237166991553,
            0.8846003898635477,
            0.885899935022742
        ],
        "roc_auc": [
            0.9384806270175967,
            0.9433383919369704,
            0.9517471666554285,
            0.9492937000108085,
            0.9521537687694037,
            0.9499134082390122,
            0.9455176071922077,
            0.9506375016043938,
            0.9530497956150131,
            0.9522126242624371,
            0.9442621869974916,
            0.9410226786328075,
            0.9455011092790537,
            0.9486263045438398,
            0.9506052573767538,
            0.9535666074374767,
            0.9437962837364969,
            0.9427331227636313,
            0.9564851123338884,
            0.9541401843019828
        ]
    },
    "quantile": {
        "accuracy": [
            0.8660168940870695,
            0.8739441195581547,
            0.8765432098765432,
            0.8801819363222873,
            0.8821312540610786,
            0.8791423001949318,
            0.8695256660168941,
            0.8771929824561403,
            0.878882391163093,
            0.8834307992202729,
            0.8713450292397661,
            0.8628979857050032,
            0.867056530214425,
            0.8738141650422352,
            0.8784925276153346,
            0.8805717998700455,
            0.8783625730994152,
            0.8673164392462638,
            0.8917478882391163,
            0.8834307992202729
        ],
        "roc_auc": [
            0.9419797201292992,
            0.9474589401146638,
            0.9530496045256219,
            0.9521958765672286,
            0.954147356107937,
            0.9519402891102855,
            0.9452039785531122,
            0.9503039566036843,
            0.9537161920205398,
            0.9544458319873357,
            0.9462254063908728,
            0.9434173502376871,
            0.9450785251737024,
            0.9500928755087142,
            0.9496843031241243,
            0.9564824211448073,
            0.9515840974445081,
            0.9438541105407168,
            0.9593806270328944,
            0.9549386599559611
        ]
    },
    "linspace": {
        "accuracy": [
            0.8275503573749188,
            0.8344379467186485,
            0.8415854450942171,
            0.8401559454191033,
            0.8405458089668616,
            0.8301494476933073,
            0.8306692657569851,
            0.8380766731643925,
            0.8358674463937622,
            0.8336582196231319,
            0.8384665367121508,
            0.8296296296296296,
            0.8300194931773879,
            0.8400259909031839,
            0.836127355425601,
            0.8333983105912931,
            0.8374269005847953,
            0.827030539311241,
            0.8376868096166342,
            0.8387264457439896
        ],
        "roc_auc": [
            0.9144736575431974,
            0.9147765253406044,
            0.922218744159907,
            0.9211120568525725,
            0.9231724610614965,
            0.9141656635902655,
            0.9167088757276503,
            0.9161767467625023,
            0.9216632208371339,
            0.9153819059813367,
            0.9206614688842358,
            0.9139874965681836,
            0.9135102189072823,
            0.9187808844677855,
            0.9182232750330268,
            0.9172706683908931,
            0.9182070822797364,
            0.9147005583186562,
            0.9198511517189969,
            0.9184932328115334
        ]
    },
    "exact": {
        "accuracy": [
            0.8769330734243015,
            0.8887589343729695,
            0.895906432748538,
            0.8917478882391163,
            0.9005847953216374,
            0.8973359324236517,
            0.8812215724496426,
            0.9025341130604289,
            0.8974658869395712,
            0.9070825211176088,
            0.8848602988953866,
            0.8753736192332684,
            0.8875893437296946,
            0.8930474333983106,
            0.8920077972709551,
            0.9021442495126706,
            0.9035737491877843,
            0.8826510721247564,
            0.9124106562703054,
            0.9091617933723197
        ],
        "roc_auc": [
            0.9491808482810468,
            0.9570004390188732,
            0.9628274489068293,
            0.959964973789451,
            0.9648030150749695,
            0.9627697987285374,
            0.9539545655721366,
            0.9654635515533909,
            0.9627621364143104,
            0.9660468794943993,
            0.9546491388774724,
            0.9496825434570662,
            0.9548068443693244,
            0.9581221446371708,
            0.9594674745682059,
            0.9641821933301833,
            0.9629806780346162,
            0.9539628275751374,
            0.9710229597807867,
            0.9669706103372571
        ]
    }
}