{
    "kmeans": {
        "accuracy": [
            0.7837271911456776,
            0.7678731678133414,
            0.7675740352976369,
            0.7798384684415196,
            0.7732575530960215,
            0.7699670954232725,
            0.7762488782530661,
            0.7765480107687706,
            0.7837271911456776,
            0.7843254561770865,
            0.776847143284475,
            0.7744540831588393,
            0.7738558181274304,
            0.7759497457373616,
            0.7822315285671553,
            0.7810349985043374,
            0.7855219862399043,
            0.7801376009572241,
            0.7849237212084954,
            0.7855219862399043
        ],
        "roc_auc": [
            0.8596837817327931,
            0.8437549664322868,
            0.8527110353872709,
            0.8558676920962318,
            0.851578729600142,
            0.8512539658450544,
            0.8561169700515024,
            0.8603920392354218,
            0.8585999427159787,
            0.8598245733592533,
            0.8557492742261694,
            0.8500237322062145,
            0.8537337572841184,
            0.8585991832118174,
            0.8582109612635398,
            0.8602820768936097,
            0.8600729600952948,
            0.8627928810164497,
            0.8638183131864081,
            0.8625761993108932
        ]
    },
    "quantile": {
        "accuracy": [
            0.7804367334729285,
            0.7675740352976369,
            0.7681723003290458,
            0.7759497457373616,
            0.7690696978761591,
            0.7714627580017948,
            0.7801376009572241,
            0.7777445408315884,
            0.7831289261142687,
            0.7819323960514508,
            0.773556685611726,
            0.7738558181274304,
            0.7771462758001795,
            0.7789410708944062,
            0.7798384684415196,
            0.7852228537241999,
            0.7819323960514508,
            0.7801376009572241,
            0.7834280586299731,
            0.7801376009572241
        ],
        "roc_auc": [
            0.8594912014432783,
            0.8436653021953241,
            0.8515956146144144,
            0.8550778951347218,
            0.8513743552005588,
            0.8514068012095112,
            0.8550041134702008,
            0.8616378326023104,
            0.8598460491926533,
            0.8600161043879975,
            0.8548448759114681,
            0.8497957168916035,
            0.8539458639381456,
            0.8592631367959139,
            0.8578442566796072,
            0.8610342580758341,
            0.858708000698676,
            0.8622157270779509,
            0.8645143434508351,
            0.860708017850875
        ]
    },
    "linspace": {
        "accuracy": [
            0.7621896500149566,
            0.7397547113371223,
            0.7415495064313491,
            0.752019144481005,
            0.749326951839665,
            0.7394555788214179,
            0.7469338917140294,
            0.759796589889321,
            0.7517200119653006,
            0.7574035297636853,
            0.7478312892611427,
            0.7505234819024827,
            0.7514208794495961,
            0.7544122046066407,
            0.7574035297636853,
            0.7612922524678433,
            0.7556087346694585,
            0.7636853125934789,
            0.7544122046066407,
            0.7648818426562968
        ],
        "roc_auc": [
            0.8324050342921779,
            0.8162522067066702,
            0.8233743217302325,
            0.8302451967888391,
            0.8236177346869529,
            0.8214834622829523,
            0.8283070116587703,
            0.8329196199301168,
            0.8251371236260785,
            0.8320601063104811,
            0.823192008791618,
            0.8140313179213594,
            0.8254036470172972,
            0.8230658548894545,
            0.8252079066447802,
            0.829429044003136,
            0.8285393019540019,
            0.8337311668853588,
            0.8311969071050225,
            0.8344295527968998
        ]
    },
    "exact": {
        "accuracy": [
            0.784026323661382,
            0.7684714328447503,
            0.7675740352976369,
            0.7774454083158839,
            0.7690696978761591,
            0.7717618905174992,
            0.7771462758001795,
            0.7780436733472929,
            0.7822315285671553,
            0.7843254561770865,
            0.7726592880646126,
            0.7750523481902483,
            0.776847143284475,
            0.7759497457373616,
            0.7819323960514508,
            0.7837271911456776,
            0.7894107089440622,
            0.7795393359258151,
            0.7849237212084954,
            0.776847143284475
        ],
        "roc_auc": [
            0.8594969287381338,
            0.8440611850140098,
            0.8526242684869071,
            0.8552676038995531,
            0.8516030684077982,
            0.8511118683282173,
            0.8568852474275594,
            0.8611114889315707,
            0.857666392180731,
            0.8598547018356851,
            0.8538296874608475,
            0.8500131726272805,
            0.853798015755676,
            0.85856822257299,
            0.8574560759853419,
            0.8603128658425252,
            0.860739780432492,
            0.8624340612810419,
            0.8639538314246207,
            0.8607164346960265
        ]
    }
}