{
    "kmeans": {
        "accuracy": [
            0.9846306395637084,
            0.9816559246405553,
            0.9846306395637084,
            0.985126425384234,
            0.9885969261279127,
            0.9900842835894893,
            0.9871095686663361,
            0.9861179970252851,
            0.9846306395637084,
            0.9821517104610809,
            0.9920674268715914,
            0.984134853743183,
            0.9826474962816063,
            0.9856222112047596,
            0.9846306395637084,
            0.9866137828458106,
            0.9796727813584531,
            0.9861179970252851,
            0.9885969261279127,
            0.9836390679226574
        ],
        "roc_auc": [
            0.9987706119205403,
            0.9987728093120843,
            0.998956803196646,
            0.9988702642539417,
            0.9995693511754352,
            0.9994208695412775,
            0.9991505026192836,
            0.9990017702596381,
            0.9991672008904166,
            0.9986704899913069,
            0.9993739430366912,
            0.998930218380972,
            0.9987058105660972,
            0.9992605572173352,
            0.9991855620212226,
            0.9992594868401358,
            0.9984494066055082,
            0.9991308024345398,
            0.9994964248128805,
            0.9991642626928832
        ]
    },
    "quantile": {
        "accuracy": [
            0.9846306395637084,
            0.9816559246405553,
            0.9846306395637084,
            0.985126425384234,
            0.9885969261279127,
            0.9900842835894893,
            0.9871095686663361,
            0.9861179970252851,
            0.9846306395637084,
            0.9821517104610809,
            0.9920674268715914,
            0.984134853743183,
            0.9826474962816063,
            0.9856222112047596,
            0.9846306395637084,
            0.9866137828458106,
            0.9796727813584531,
            0.9861179970252851,
            0.9885969261279127,
            0.9836390679226574
        ],
        "roc_auc": [
            0.9987706119205403,
            0.9987728093120843,
            0.998956803196646,
            0.9988702642539417,
            0.9995693511754352,
            0.9994208695412775,
            0.9991505026192836,
            0.9990017702596381,
            0.9991672008904166,
            0.9986704899913069,
            0.9993739430366912,
            0.998930218380972,
            0.9987058105660972,
            0.9992605572173352,
            0.9991855620212226,
            0.9992594868401358,
            0.9984494066055082,
            0.9991308024345398,
            0.9994964248128805,
            0.9991642626928832
        ]
    },
    "linspace": {
        "accuracy": [
            0.9846306395637084,
            0.9816559246405553,
            0.9846306395637084,
            0.985126425384234,
            0.9885969261279127,
            0.9900842835894893,
            0.9871095686663361,
            0.9861179970252851,
            0.9846306395637084,
            0.9821517104610809,
            0.9920674268715914,
            0.984134853743183,
            0.9826474962816063,
            0.9856222112047596,
            0.9846306395637084,
            0.9866137828458106,
            0.9796727813584531,
            0.9861179970252851,
            0.9885969261279127,
            0.9836390679226574
        ],
        "roc_auc": [
            0.9987706119205403,
            0.9987728093120843,
            0.998956803196646,
            0.9988702642539417,
            0.9995693511754352,
            0.9994208695412775,
            0.9991505026192836,
            0.9990017702596381,
            0.9991672008904166,
            0.9986704899913069,
            0.9993739430366912,
            0.998930218380972,
            0.9987058105660972,
            0.9992605572173352,
            0.9991855620212226,
            0.9992594868401358,
            0.9984494066055082,
            0.9991308024345398,
            0.9994964248128805,
            0.9991642626928832
        ]
    },
    "exact": {
        "accuracy": [
            0.984134853743183,
            0.9816559246405553,
            0.9871095686663361,
            0.985126425384234,
            0.9895884977689638,
            0.9895884977689638,
            0.9871095686663361,
            0.9871095686663361,
            0.9821517104610809,
            0.9821517104610809,
            0.9900842835894893,
            0.984134853743183,
            0.9826474962816063,
            0.9861179970252851,
            0.9846306395637084,
            0.9866137828458106,
            0.9796727813584531,
            0.9831432821021319,
            0.9885969261279127,
            0.9881011403073872
        ],
        "roc_auc": [
            0.9986781619369648,
            0.9987728093120843,
            0.9991337828616825,
            0.9988702642539417,
            0.999575250474402,
            0.9994198862977144,
            0.9991505026192836,
            0.9990538945712037,
            0.9989341744571565,
            0.9986704899913069,
            0.9995088012190393,
            0.998930218380972,
            0.9987058105660972,
            0.9991995925198283,
            0.9991855620212226,
            0.9992594868401358,
            0.9984494066055082,
            0.9990167448354522,
            0.9994964248128805,
            0.9992330881181752
        ]
    }
}