{
    "kmeans": {
        "accuracy": [
            0.7265,
            0.7205,
            0.7295,
            0.732,
            0.7205,
            0.717,
            0.7445,
            0.7195,
            0.706,
            0.714,
            0.7175,
            0.722,
            0.7285,
            0.722,
            0.7185,
            0.72,
            0.7225,
            0.733,
            0.727,
            0.731
        ],
        "roc_auc": [
            0.8075932934342546,
            0.7992264588683611,
            0.8122914999999999,
            0.8039895958383353,
            0.7943261773047092,
            0.7951728538793603,
            0.8157190732449328,
            0.8053683858941743,
            0.7803862389257075,
            0.7817011941310813,
            0.7971829646682014,
            0.7919080782173424,
            0.8032762448239674,
            0.7942475375383485,
            0.7894340215166035,
            0.7901702845209709,
            0.7989151468421952,
            0.8063040218623181,
            0.8026445578231294,
            0.8000438252433402
        ]
    },
    "quantile": {
        "accuracy": [
            0.726,
            0.72,
            0.733,
            0.7295,
            0.717,
            0.716,
            0.7415,
            0.7205,
            0.707,
            0.7135,
            0.715,
            0.7205,
            0.727,
            0.7215,
            0.718,
            0.7175,
            0.721,
            0.7355,
            0.7315,
            0.7325
        ],
        "roc_auc": [
            0.8071542302091501,
            0.798688221505684,
            0.8123645000000002,
            0.8034753901560624,
            0.7893561574246296,
            0.7952168625050511,
            0.8134308879019201,
            0.8058273932382919,
            0.7802762335354433,
            0.7813860803750153,
            0.7909043138824943,
            0.7924032386493223,
            0.8023593404691469,
            0.7959250223314538,
            0.7897250567318645,
            0.7906543542270087,
            0.7987931408639024,
            0.8054957882828135,
            0.8034708883553422,
            0.8023141329405737
        ]
    },
    "linspace": {
        "accuracy": [
            0.725,
            0.7205,
            0.733,
            0.7315,
            0.7155,
            0.7165,
            0.7425,
            0.7215,
            0.7075,
            0.713,
            0.721,
            0.72,
            0.7245,
            0.722,
            0.7215,
            0.718,
            0.721,
            0.7355,
            0.73,
            0.731
        ],
        "roc_auc": [
            0.8077083099966395,
            0.7991464235727955,
            0.8119565,
            0.8038475390156063,
            0.7892406569626279,
            0.7942656760725102,
            0.8129758510439345,
            0.8046623745979935,
            0.7801192258420664,
            0.7810509593963421,
            0.795152136923231,
            0.7926083050908496,
            0.8034623268861569,
            0.7946746609770223,
            0.789973086743496,
            0.7883070162103343,
            0.7988341428730008,
            0.8057948747187937,
            0.8033058223289316,
            0.8009423427894466
        ]
    },
    "exact": {
        "accuracy": [
            0.728,
            0.7215,
            0.7325,
            0.731,
            0.7155,
            0.7155,
            0.742,
            0.719,
            0.709,
            0.713,
            0.7165,
            0.721,
            0.7285,
            0.722,
            0.719,
            0.718,
            0.7215,
            0.7345,
            0.73,
            0.731
        ],
        "roc_auc": [
            0.8075662895456945,
            0.7997076710829476,
            0.8120525000000001,
            0.8038825530212086,
            0.7892211568846276,
            0.7951088413329013,
            0.813478891790235,
            0.8050203803260851,
            0.7803042349075106,
            0.7813740760414509,
            0.7964483034731258,
            0.7913478967185368,
            0.8023058168652375,
            0.795273834138066,
            0.789766061693465,
            0.7909543974332304,
            0.798700136306679,
            0.8058939033380647,
            0.8043352340936376,
            0.8011234471055327
        ]
    }
}