{
    "kmeans": {
        "accuracy": [
            0.882876204595997,
            0.8806523350630097,
            0.8821349147516679,
            0.8802816901408451,
            0.8802816901408451,
            0.8899184581171238,
            0.8802816901408451,
            0.885470719051149,
            0.885470719051149,
            0.8832468495181616,
            0.8787991104521868,
            0.8810229799851742,
            0.8836174944403261,
            0.874351371386212,
            0.8832468495181616,
            0.888065233506301,
            0.8862120088954781,
            0.8765752409191994,
            0.874351371386212,
            0.8799110452186805
        ],
        "roc_auc": [
            0.949557621973873,
            0.9503094189649839,
            0.9545342306268791,
            0.9495415037621262,
            0.9529909384163094,
            0.9586385204845627,
            0.9496889873666058,
            0.954286989251271,
            0.9519297134994218,
            0.9486970056981937,
            0.9471038089192627,
            0.955973598230501,
            0.9520702451342695,
            0.9475189911404908,
            0.9518776324003975,
            0.9513636650920971,
            0.9523018803210215,
            0.9496800770694697,
            0.9476035332550706,
            0.9474364194996869
        ]
    },
    "quantile": {
        "accuracy": [
            0.8802816901408451,
            0.8802816901408451,
            0.8851000741289844,
            0.8810229799851742,
            0.8817642698295033,
            0.8914010378057821,
            0.8799110452186805,
            0.8865826538176427,
            0.8847294292068199,
            0.8847294292068199,
            0.8776871756856931,
            0.8832468495181616,
            0.8932542624166049,
            0.876945885841364,
            0.8836174944403261,
            0.8839881393624908,
            0.8895478131949592,
            0.874351371386212,
            0.8728687916975537,
            0.8784284655300222
        ],
        "roc_auc": [
            0.9492637123428285,
            0.9509644716357247,
            0.9548119538682448,
            0.9497283870815255,
            0.9529848903961288,
            0.9598419593523411,
            0.9493048583256259,
            0.9537989851933633,
            0.9521621627562439,
            0.9500137504675158,
            0.9467157998290782,
            0.9555278155218132,
            0.9538904946679339,
            0.9476250700093052,
            0.9524843484836494,
            0.9534350620622188,
            0.9529499257138806,
            0.9473164448025093,
            0.9480107853094676,
            0.9470550381628631
        ]
    },
    "linspace": {
        "accuracy": [
            0.874351371386212,
            0.8691623424759081,
            0.8825055596738325,
            0.8728687916975537,
            0.8713862120088954,
            0.8843587842846553,
            0.8750926612305412,
            0.8810229799851742,
            0.8747220163083765,
            0.8802816901408451,
            0.8739807264640475,
            0.8787991104521868,
            0.8806523350630097,
            0.865826538176427,
            0.8784284655300222,
            0.8813936249073387,
            0.8791697553743514,
            0.868421052631579,
            0.8613787991104522,
            0.8713862120088954
        ],
        "roc_auc": [
            0.9445859259116565,
            0.9464488946260952,
            0.9513885337147766,
            0.9448073095562787,
            0.9456986755385623,
            0.9543044920141666,
            0.9452739763290782,
            0.9470180369157484,
            0.9464663316759646,
            0.9463885772116252,
            0.9435919419415294,
            0.9509655510555872,
            0.9499139918347234,
            0.9421859172331994,
            0.9478394532520861,
            0.9492944664737614,
            0.9489737082652445,
            0.9455183037242734,
            0.9405994574369392,
            0.9429895350939522
        ]
    },
    "exact": {
        "accuracy": [
            0.8813936249073387,
            0.8847294292068199,
            0.8832468495181616,
            0.8806523350630097,
            0.8825055596738325,
            0.8902891030392883,
            0.8787991104521868,
            0.888065233506301,
            0.8847294292068199,
            0.8832468495181616,
            0.8784284655300222,
            0.8765752409191994,
            0.8895478131949592,
            0.8736100815418829,
            0.8773165307635286,
            0.8873239436619719,
            0.888065233506301,
            0.8765752409191994,
            0.8665678280207562,
            0.8758339510748703
        ],
        "roc_auc": [
            0.9490077797989415,
            0.9509771110748415,
            0.954218011094631,
            0.9487379054887082,
            0.9523685421577246,
            0.9586495107938575,
            0.948098066660402,
            0.9532115118398687,
            0.9515532885799822,
            0.9485534508173278,
            0.9464366091522881,
            0.9538854003139717,
            0.9526944092492873,
            0.946651672720857,
            0.9499580134884416,
            0.9528981146385497,
            0.9532291513793364,
            0.9480764781494534,
            0.9450330638105163,
            0.9457487796071993
        ]
    }
}