{
    "kmeans": {
        "accuracy": [
            0.9047734431790647,
            0.9093772716258783,
            0.9025926823358371,
            0.9016234552944027,
            0.9025926823358371,
            0.9023503755754786,
            0.9110734189483887,
            0.9081657378240853,
            0.901381148534044,
            0.9059849769808578,
            0.9035619093772717,
            0.9098618851465956,
            0.9047734431790647,
            0.9052580566997819,
            0.9023503755754786,
            0.90210806881512,
            0.909619578386237,
            0.9035619093772717,
            0.9057426702204991,
            0.9004119214926096
        ],
        "roc_auc": [
            0.9675569309744523,
            0.9673396339859457,
            0.963675373617398,
            0.9648998315845847,
            0.9654469635338478,
            0.9647294806614888,
            0.9703546006016868,
            0.9687134079755811,
            0.9643082699347296,
            0.968328394483902,
            0.9649705929329087,
            0.968483190690373,
            0.9659560080562924,
            0.9686234912904229,
            0.9669379902323516,
            0.9631385002532438,
            0.9699261489892466,
            0.9691527033482374,
            0.9665600890214687,
            0.9634617769585045
        ]
    },
    "quantile": {
        "accuracy": [
            0.9025926823358371,
            0.9098618851465956,
            0.90210806881512,
            0.8977465471286649,
            0.9016234552944027,
            0.9011388417736855,
            0.9125272595105404,
            0.9076811243033681,
            0.9004119214926096,
            0.9042888296583474,
            0.9011388417736855,
            0.9103464986673128,
            0.9062272837412164,
            0.9050157499394234,
            0.90210806881512,
            0.9047734431790647,
            0.9076811243033681,
            0.9028349890961958,
            0.9055003634601405,
            0.9052580566997819
        ],
        "roc_auc": [
            0.9676165888296069,
            0.9683143249032354,
            0.9641550915300836,
            0.9639929251432237,
            0.9645218761214248,
            0.9623863794353823,
            0.9703658734203375,
            0.9693564408541319,
            0.9635345641825692,
            0.9684143896738104,
            0.9649945507671205,
            0.968565909507494,
            0.9663949124681748,
            0.9675851157879112,
            0.9665774000389955,
            0.9649450334666738,
            0.9681066517586594,
            0.9686160591196404,
            0.9671141236056328,
            0.9658542990234489
        ]
    },
    "linspace": {
        "accuracy": [
            0.8994426944511752,
            0.8907196510782651,
            0.893869638962927,
            0.8924157984007753,
            0.8948388660043615,
            0.8962927065665132,
            0.8941119457232857,
            0.9038042161376303,
            0.8984734674097408,
            0.895808093045796,
            0.8858735158710928,
            0.8924157984007753,
            0.8897504240368306,
            0.8962927065665132,
            0.9008965350133269,
            0.8950811727647201,
            0.8979888538890235,
            0.8953234795250787,
            0.9038042161376303,
            0.8875696631936031
        ],
        "roc_auc": [
            0.9648215948282747,
            0.9613099376197813,
            0.960220133558363,
            0.9605929068218814,
            0.9598325589434983,
            0.9603762959038354,
            0.9626691216360618,
            0.9680083507346128,
            0.9637979483757583,
            0.9632777043137631,
            0.9565151216212407,
            0.9603751016360467,
            0.9580129660069941,
            0.9634186957383623,
            0.9639881980121732,
            0.960259323261852,
            0.9636968491174991,
            0.9639090903539785,
            0.9639933910581919,
            0.9597178533914341
        ]
    },
    "exact": {
        "accuracy": [
            0.9016234552944027,
            0.9079234310637266,
            0.9057426702204991,
            0.9004119214926096,
            0.903319602616913,
            0.8999273079718925,
            0.9079234310637266,
            0.9057426702204991,
            0.8989580809304579,
            0.8984734674097408,
            0.90210806881512,
            0.912769566270899,
            0.9045311364187061,
            0.9023503755754786,
            0.90210806881512,
            0.8992003876908166,
            0.9113157257087473,
            0.9025926823358371,
            0.9023503755754786,
            0.9047734431790647
        ],
        "roc_auc": [
            0.9669967578069584,
            0.9676186539400998,
            0.9636353578935724,
            0.9637711899242013,
            0.9642792725933635,
            0.9623124015977333,
            0.9680725593760495,
            0.9682684301633873,
            0.9649337192855499,
            0.9667257354938334,
            0.9640869716358034,
            0.968233154265894,
            0.966398671820739,
            0.9668833139327868,
            0.9668078488856942,
            0.9639926686230788,
            0.9700919849103404,
            0.9682835040965801,
            0.9672337180090844,
            0.9634142130749239
        ]
    }
}