{
    "kmeans": {
        "accuracy": [
            0.9374657534246575,
            0.9389041095890411,
            0.9386301369863014,
            0.9371917808219178,
            0.9391095890410959,
            0.9402739726027397,
            0.9391780821917808,
            0.937054794520548,
            0.9385616438356165,
            0.9391780821917808,
            0.9385616438356165,
            0.943013698630137,
            0.9386301369863014,
            0.9415753424657535,
            0.9383561643835616,
            0.938082191780822,
            0.9382191780821918,
            0.9372602739726027,
            0.9391780821917808,
            0.9408904109589041
        ],
        "roc_auc": [
            0.9822160017021973,
            0.9826305273393969,
            0.9826359729780447,
            0.9820438417214638,
            0.9833706062418633,
            0.9829695239609325,
            0.9827284263899854,
            0.9824595072343001,
            0.9818072413508382,
            0.9824660889065433,
            0.9823750794215628,
            0.9842042837543019,
            0.9821771240910157,
            0.9837970983929396,
            0.9825194113563698,
            0.9825608330692421,
            0.9815477663230241,
            0.9828605482444633,
            0.982746012310878,
            0.9831667904446126
        ]
    },
    "quantile": {
        "accuracy": [
            0.9375342465753425,
            0.9392465753424658,
            0.9391780821917808,
            0.9363698630136986,
            0.9391780821917808,
            0.9388356164383561,
            0.9395205479452055,
            0.9366438356164384,
            0.9405479452054795,
            0.9382191780821918,
            0.937945205479452,
            0.9443150684931507,
            0.939041095890411,
            0.9434246575342465,
            0.9366438356164384,
            0.935,
            0.94,
            0.9360958904109589,
            0.9391095890410959,
            0.9418493150684931
        ],
        "roc_auc": [
            0.9822114410385295,
            0.9823933271379792,
            0.9823215894164008,
            0.981835146504005,
            0.9829926885049788,
            0.9810590528098369,
            0.9828551885458052,
            0.9824862289702613,
            0.9833155058136478,
            0.9827032443799519,
            0.9816446046471121,
            0.9845674925397133,
            0.9821507576823832,
            0.9842045546262046,
            0.9822502960437327,
            0.981788714702869,
            0.9825152574973904,
            0.9832025507713485,
            0.9833625076444992,
            0.984047075702862
        ]
    },
    "linspace": {
        "accuracy": [
            0.9086301369863014,
            0.9061643835616439,
            0.9113698630136986,
            0.9084246575342466,
            0.9097945205479452,
            0.907945205479452,
            0.9052739726027397,
            0.9084246575342466,
            0.9141095890410958,
            0.9067808219178082,
            0.9094520547945205,
            0.9149315068493151,
            0.9083561643835616,
            0.9145205479452054,
            0.9075342465753424,
            0.9082191780821918,
            0.908013698630137,
            0.911095890410959,
            0.9123972602739726,
            0.9097945205479452
        ],
        "roc_auc": [
            0.9669861815081453,
            0.9647168641217599,
            0.9667911334209044,
            0.9662226950053292,
            0.9688730821106458,
            0.9663835778858006,
            0.9646301495952947,
            0.9675246276732361,
            0.9687445297663282,
            0.9656955114376568,
            0.9657494457825004,
            0.9696990715562219,
            0.9656105934787709,
            0.9696096723913397,
            0.9670281761724426,
            0.9658406660040976,
            0.9657707938965318,
            0.966866956963456,
            0.9669934043143676,
            0.9680320747765916
        ]
    },
    "exact": {
        "accuracy": [
            0.9357534246575342,
            0.9374657534246575,
            0.9358904109589041,
            0.936986301369863,
            0.9382191780821918,
            0.9374657534246575,
            0.9358904109589041,
            0.9354794520547945,
            0.9376027397260274,
            0.936027397260274,
            0.9367808219178082,
            0.9422602739726027,
            0.9385616438356165,
            0.9403424657534246,
            0.9352054794520548,
            0.9334931506849315,
            0.9358219178082192,
            0.9365753424657535,
            0.9388356164383561,
            0.9397945205479452
        ],
        "roc_auc": [
            0.9816864955126543,
            0.9819987378472195,
            0.9822188496903734,
            0.982080003549001,
            0.9825957425847084,
            0.9814526914207311,
            0.9815998960381431,
            0.9821642545702473,
            0.9815955067144069,
            0.9817512259725739,
            0.9809972599173816,
            0.9842708113529525,
            0.9814780858550318,
            0.9834745562413547,
            0.9815017610248518,
            0.9814060100266635,
            0.9812841865756541,
            0.9825362238552168,
            0.9828984284529598,
            0.9828344984523628
        ]
    }
}