{
    "kmeans": {
        "accuracy": [
            0.7935915248350122,
            0.7849947898575894,
            0.7922889892323723,
            0.7887287252518236,
            0.7927231677665856,
            0.7814345258770407,
            0.7882945467176102,
            0.785863146926016,
            0.7934178534213269,
            0.7908996179228899,
            0.7969781174018756,
            0.7908996179228899,
            0.7876866967697117,
            0.7922021535255297,
            0.7890760680791942,
            0.7834317471344217,
            0.7922021535255297,
            0.7902049322681487,
            0.7990621743660994,
            0.7863841611670719
        ],
        "roc_auc": [
            0.8693000967588982,
            0.8628993365681443,
            0.8730141292019594,
            0.8687048981066787,
            0.8720655552177291,
            0.8599292819344682,
            0.8659814797320782,
            0.86682386528525,
            0.8720592567386258,
            0.8690882161254398,
            0.8773081261696258,
            0.869709807937032,
            0.86593648445048,
            0.8689432206820371,
            0.8668508746384924,
            0.862841049111072,
            0.8697806320741297,
            0.8645141331146045,
            0.8711577873565428,
            0.8679323578374057
        ]
    },
    "quantile": {
        "accuracy": [
            0.7910732893365752,
            0.783605418548107,
            0.7934178534213269,
            0.7892497394928795,
            0.794373046196596,
            0.7869051754081279,
            0.7882945467176102,
            0.7847342827370615,
            0.7862973254602292,
            0.7912469607502605,
            0.796630774574505,
            0.790118096561306,
            0.787860368183397,
            0.7928968391802709,
            0.7910732893365752,
            0.7865578325807572,
            0.792115317818687,
            0.7897707537339353,
            0.7981069815908302,
            0.7851684612712747
        ],
        "roc_auc": [
            0.8687159473042466,
            0.863059056113292,
            0.8698422681531892,
            0.8677298312859585,
            0.8734601147644626,
            0.862615255736383,
            0.8663864665687242,
            0.8661623473242879,
            0.8686215586252646,
            0.8708527298685674,
            0.8754553662154714,
            0.8691213483704772,
            0.865874290713914,
            0.8692730965924688,
            0.8669339099861241,
            0.8635158581944625,
            0.8710529452909238,
            0.8637207762813063,
            0.8717329958696288,
            0.8663136097635622
        ]
    },
    "linspace": {
        "accuracy": [
            0.78959708232025,
            0.7830844043070511,
            0.7924626606460576,
            0.7880340395970823,
            0.7910732893365752,
            0.7863841611670719,
            0.787860368183397,
            0.7867315039944425,
            0.7891629037860368,
            0.7862973254602292,
            0.796630774574505,
            0.7902049322681487,
            0.7870788468218132,
            0.7899444251476208,
            0.7895102466134074,
            0.7886418895449809,
            0.7913337964571031,
            0.787860368183397,
            0.7918548106981591,
            0.7871656825286558
        ],
        "roc_auc": [
            0.8675505143866902,
            0.863507809214928,
            0.8702099471512345,
            0.8665819716319898,
            0.8698658225832138,
            0.863130648771154,
            0.8649060492069713,
            0.8650153763487013,
            0.8687183951918382,
            0.8678573788837421,
            0.8725790833014425,
            0.8680015462942043,
            0.8652890301589554,
            0.8662189693127325,
            0.8657927394893401,
            0.8635376087129982,
            0.8695832046812584,
            0.8629612338660959,
            0.8711098885039585,
            0.8670537726301598
        ]
    },
    "exact": {
        "accuracy": [
            0.7930705105939563,
            0.7820423758249392,
            0.7908996179228899,
            0.7877735324765544,
            0.7912469607502605,
            0.7846474470302188,
            0.7890760680791942,
            0.7845606113233762,
            0.787599861062869,
            0.7920284821118444,
            0.7971517888155609,
            0.7888155609586662,
            0.7890760680791942,
            0.7909864536297325,
            0.7875130253560264,
            0.7851684612712747,
            0.7945467176102814,
            0.7873393539423411,
            0.7924626606460576,
            0.7824765543591525
        ],
        "roc_auc": [
            0.8687853344728516,
            0.8630492527417767,
            0.8683052800501943,
            0.8670336221730852,
            0.8712098891446717,
            0.8621803070876208,
            0.865627738343817,
            0.8644473052275121,
            0.867642302616684,
            0.8690149498494,
            0.8746510748031735,
            0.8678936182898169,
            0.8649704003659959,
            0.8661573739753967,
            0.8647134609407365,
            0.8629163161620381,
            0.8693168813120207,
            0.8624379700743305,
            0.8693366657421705,
            0.8645127921215878
        ]
    }
}