{
    "kmeans": {
        "accuracy": [
            0.8624813153961136,
            0.8714499252615845,
            0.8609865470852018,
            0.8632286995515696,
            0.8475336322869955,
            0.850896860986547,
            0.8550074738415545,
            0.8636023916292974,
            0.8494020926756353,
            0.8576233183856502,
            0.859118086696562,
            0.8490284005979073,
            0.8587443946188341,
            0.8721973094170403,
            0.8658445440956651,
            0.8606128550074739,
            0.8572496263079222,
            0.8497757847533632,
            0.8598654708520179,
            0.8505231689088192
        ],
        "roc_auc": [
            0.9313719516455872,
            0.9388999624591073,
            0.9313826918293832,
            0.9356265186048474,
            0.9242652979066023,
            0.9275412694332369,
            0.9263548916868696,
            0.9344902938652938,
            0.9227365743045185,
            0.9302846761232617,
            0.9269290003200825,
            0.9284036843855026,
            0.9304363955741395,
            0.9423395572450806,
            0.9327948144891771,
            0.935392537264178,
            0.929156429385249,
            0.932441430470679,
            0.9320220086219804,
            0.927939312376014
        ]
    },
    "quantile": {
        "accuracy": [
            0.8639760837070254,
            0.8703288490284006,
            0.8650971599402093,
            0.8617339312406577,
            0.8535127055306427,
            0.850896860986547,
            0.850896860986547,
            0.8650971599402093,
            0.8486547085201793,
            0.8576233183856502,
            0.8557548579970105,
            0.8531390134529148,
            0.8587443946188341,
            0.8710762331838565,
            0.8639760837070254,
            0.8606128550074739,
            0.8527653213751868,
            0.8467862481315396,
            0.8598654708520179,
            0.8579970104633782
        ],
        "roc_auc": [
            0.9320880441618336,
            0.9397390461037916,
            0.932417817349531,
            0.9338437205113407,
            0.926030483986402,
            0.9259636985459301,
            0.9261063133316203,
            0.9346768643643644,
            0.9234002544107074,
            0.9299805743833415,
            0.9237644840162601,
            0.9291579944292807,
            0.9313839641890578,
            0.9421461314847944,
            0.9327127016303591,
            0.9355827105623927,
            0.929083788225315,
            0.9323319442737602,
            0.9323287392644275,
            0.9278337269045747
        ]
    },
    "linspace": {
        "accuracy": [
            0.8714499252615845,
            0.8710762331838565,
            0.8654708520179372,
            0.8684603886397608,
            0.8467862481315396,
            0.8449177877428998,
            0.8497757847533632,
            0.8609865470852018,
            0.8565022421524664,
            0.8621076233183856,
            0.8527653213751868,
            0.8501494768310912,
            0.8572496263079222,
            0.8688340807174888,
            0.8568759342301944,
            0.8583707025411061,
            0.8538863976083707,
            0.8535127055306427,
            0.8527653213751868,
            0.8546337817638266
        ],
        "roc_auc": [
            0.9384378450143247,
            0.9383357317792596,
            0.9320997901243884,
            0.9333280443470326,
            0.9258828726069064,
            0.9255909604014618,
            0.9260214056687036,
            0.9329217610467611,
            0.9188757214308898,
            0.9309202711201174,
            0.9260430474766822,
            0.9275197447638311,
            0.9299207081734499,
            0.9432150044722719,
            0.9313285134388585,
            0.9342621248062609,
            0.9259160748740374,
            0.9338027460925717,
            0.931242052379984,
            0.9299588440122701
        ]
    },
    "exact": {
        "accuracy": [
            0.8632286995515696,
            0.8721973094170403,
            0.8598654708520179,
            0.8639760837070254,
            0.8501494768310912,
            0.8497757847533632,
            0.8542600896860987,
            0.8654708520179372,
            0.8460388639760837,
            0.8535127055306427,
            0.8606128550074739,
            0.850896860986547,
            0.8572496263079222,
            0.8699551569506726,
            0.8624813153961136,
            0.8579970104633782,
            0.8553811659192825,
            0.8542600896860987,
            0.8568759342301944,
            0.8606128550074739
        ],
        "roc_auc": [
            0.9309649919642233,
            0.9386172884749459,
            0.9297087172436149,
            0.9336654965715636,
            0.9270715915190553,
            0.9266762039945011,
            0.9253868326090113,
            0.9376066915129415,
            0.9206578254197301,
            0.9268568234225422,
            0.9291472340786845,
            0.9271207985628998,
            0.9279037726192896,
            0.9423132826475848,
            0.9327881113986614,
            0.9327653490826656,
            0.9282579141146803,
            0.9308365639209465,
            0.9301810660593886,
            0.9283242244914719
        ]
    }
}