{
    "kmeans": {
        "accuracy": [
            0.8395001809020394,
            0.8476628338966299,
            0.8461273726846745,
            0.8513073481525931,
            0.8574050705517954,
            0.8670325888405503,
            0.8259810626450526,
            0.8450154869794654,
            0.8509278950944662,
            0.8717095683942077,
            0.8277900830384483,
            0.8284519197677395,
            0.8500277971426302,
            0.8414327441515694,
            0.832290572797628,
            0.868320964340237,
            0.8512985236628692,
            0.8642528745775275,
            0.880851739748149,
            0.8712595194182896
        ],
        "roc_auc": [
            0.9221950151459973,
            0.9300493015234488,
            0.928654267753222,
            0.932378036166785,
            0.9383466392655814,
            0.9441100927270745,
            0.9122781323358514,
            0.9268539623271315,
            0.9324606756921248,
            0.9484035652781886,
            0.9141314882492115,
            0.9114620596745029,
            0.9309866902831747,
            0.9247581671060952,
            0.9169940960971027,
            0.9455476501255624,
            0.9324169057196985,
            0.94208491588633,
            0.9538704947613097,
            0.9480168070862122
        ]
    },
    "quantile": {
        "accuracy": [
            0.8418474951685919,
            0.84825407470813,
            0.8462685645202566,
            0.8534428746657724,
            0.8588522868665119,
            0.8683474378094087,
            0.8267223197818586,
            0.8434182543394428,
            0.8516426787621005,
            0.874586352044193,
            0.829899136082456,
            0.8299962054694188,
            0.8500101481631824,
            0.8401267196724349,
            0.8333406870747699,
            0.8686739439291923,
            0.850416074690481,
            0.8657265643614158,
            0.8796780826148728,
            0.8713654132949762
        ],
        "roc_auc": [
            0.9237575905713622,
            0.9301087842475583,
            0.9294055341153639,
            0.9345581556081813,
            0.9388981827048934,
            0.9453244265200034,
            0.9132716572109714,
            0.9260869605101341,
            0.9325692381103388,
            0.9501319272622837,
            0.915852844874671,
            0.9136030935993462,
            0.9319205680979095,
            0.9239479747491407,
            0.9181428359279558,
            0.9460848107903144,
            0.9323684233745444,
            0.9430916443718703,
            0.9538484629801399,
            0.9481818798589898
        ]
    },
    "linspace": {
        "accuracy": [
            0.8385030135632408,
            0.8479716910369658,
            0.8450507849383609,
            0.8536811358883173,
            0.8577139276921312,
            0.8672355521041996,
            0.8246309157172986,
            0.844300703311831,
            0.8471510134926448,
            0.8725920173665958,
            0.8289460911922768,
            0.8271370707988811,
            0.8500719195912496,
            0.8398531604909946,
            0.8325200095304489,
            0.8685327520936101,
            0.8472216094104359,
            0.8627880092833632,
            0.8786632662966264,
            0.8704211928945209
        ],
        "roc_auc": [
            0.9216364116583857,
            0.929609374380385,
            0.9282794625058599,
            0.9345083843570826,
            0.938215539694531,
            0.9450316448862224,
            0.9101339037631669,
            0.9264998162394742,
            0.9303961262722356,
            0.9484026110393701,
            0.9143836389941251,
            0.9129853563494221,
            0.9319849212098965,
            0.9239471623913268,
            0.9175156762128601,
            0.9454509097358765,
            0.9290966407648915,
            0.9415268362224988,
            0.9523154978698618,
            0.9471696031860192
        ]

    },
    "exact": {
        "accuracy": [
            0.8348584993072775,
            0.8464274053352865,
            0.8450507849383609,
            0.8549077399599369,
            0.8567432338225042,
            0.8644293643720052,
            0.8272429646755677,
            0.8463038624791521,
            0.844900768613055,
            0.8732715030753346,
            0.8274812258981125,
            0.8277724340590006,
            0.8507249318308169,
            0.8404708747716664,
            0.8296255769010157,
            0.8687886622956028,
            0.8492777155161003,
            0.8644293643720052,
            0.878698564255522,
            0.8712859928874613
        ],
        "roc_auc": [
            0.9193783093581136,
            0.9287804057886369,
            0.9282383752832236,
            0.935501247546761,
            0.9371348792548851,
            0.9431195543574405,
            0.9134426646486575,
            0.9279346694909743,
            0.927937586935648,
            0.9492598947085131,
            0.9134167197174393,
            0.9129489871931553,
            0.9323327019670076,
            0.9247708732793857,
            0.9151223306587066,
            0.9459662322372429,
            0.9308244757730963,
            0.9422837596956137,
            0.952449083706784,
            0.947953279712603
        ]
    }
}