{
    "kmeans": {
        "accuracy": [
            0.805765595463138,
            0.808601134215501,
            0.8128544423440454,
            0.8010396975425331,
            0.803875236294896,
            0.8081285444234405,
            0.8109640831758034,
            0.8161625708884688,
            0.7948960302457467,
            0.806710775047259,
            0.8137996219281664,
            0.8152173913043478,
            0.8137996219281664,
            0.808601134215501,
            0.8166351606805293,
            0.803875236294896,
            0.8024574669187146,
            0.8090737240075614,
            0.8241965973534972,
            0.8128544423440454
        ],
        "roc_auc": [
            0.8813229589378134,
            0.8837673809796294,
            0.8916203114179122,
            0.8845251878772286,
            0.8837179799864026,
            0.8830005923138566,
            0.8814578691924865,
            0.8887055506519774,
            0.8766596379621522,
            0.8864694982475805,
            0.8902610247825091,
            0.8904511356160073,
            0.8902405465122409,
            0.8867357375829711,
            0.8872152020938814,
            0.87576432992736,
            0.8868678837366161,
            0.8915124048231002,
            0.8990342852853174,
            0.880777665769408
        ]
    },
    "quantile": {
        "accuracy": [
            0.804820415879017,
            0.8090737240075614,
            0.8156899810964083,
            0.8005671077504726,
            0.802930056710775,
            0.8000945179584121,
            0.808601134215501,
            0.8119092627599244,
            0.7930056710775047,
            0.8090737240075614,
            0.8100189035916824,
            0.8114366729678639,
            0.8133270321361059,
            0.8100189035916824,
            0.8128544423440454,
            0.8019848771266541,
            0.8010396975425331,
            0.806710775047259,
            0.8246691871455577,
            0.8095463137996219
        ],
        "roc_auc": [
            0.8815875936391115,
            0.8815786650263219,
            0.8930625740008489,
            0.8852014744297574,
            0.8828379963532048,
            0.8809761832653021,
            0.882050360901624,
            0.887740270367816,
            0.8766498096888904,
            0.8872726346359607,
            0.8877042553800366,
            0.8912038030264025,
            0.8892724814897212,
            0.8856690961890592,
            0.884967032809863,
            0.8763985301950041,
            0.8858378262481519,
            0.8892030556664816,
            0.8993412656707455,
            0.8818585763259588
        ]
    },
    "linspace": {
        "accuracy": [
            0.805765595463138,
            0.8095463137996219,
            0.8152173913043478,
            0.7991493383742911,
            0.805765595463138,
            0.8034026465028355,
            0.8062381852551985,
            0.8156899810964083,
            0.7991493383742911,
            0.8100189035916824,
            0.8152173913043478,
            0.8180529300567108,
            0.8128544423440454,
            0.8119092627599244,
            0.8095463137996219,
            0.803875236294896,
            0.8019848771266541,
            0.808601134215501,
            0.8303402646502835,
            0.8043478260869565
        ],
        "roc_auc": [
            0.8835200527838944,
            0.8829238133726253,
            0.8911181109398387,
            0.8852930455943996,
            0.8822237945787648,
            0.8826798673145492,
            0.8836196149608178,
            0.8887162710253321,
            0.8751107914440415,
            0.8866487178868352,
            0.8894186054830587,
            0.8894553262393089,
            0.8897089372013047,
            0.8852470888647288,
            0.886874624560199,
            0.8760292886842023,
            0.8869255062066994,
            0.8930052181463922,
            0.898359107174136,
            0.8804948148465903
        ]
    },
    "exact": {
        "accuracy": [
            0.8005671077504726,
            0.8100189035916824,
            0.8199432892249527,
            0.7986767485822306,
            0.7996219281663516,
            0.8024574669187146,
            0.8100189035916824,
            0.8133270321361059,
            0.7948960302457467,
            0.8114366729678639,
            0.8095463137996219,
            0.8142722117202268,
            0.8166351606805293,
            0.8114366729678639,
            0.8081285444234405,
            0.8034026465028355,
            0.8043478260869565,
            0.8109640831758034,
            0.8241965973534972,
            0.8095463137996219
        ],
        "roc_auc": [
            0.8802478804637903,
            0.8833744313630122,
            0.8914290820543751,
            0.8848655645965331,
            0.882746871144488,
            0.8799867600432041,
            0.8820387434171312,
            0.8871962114200562,
            0.8776817783813726,
            0.8868145295730281,
            0.888804676768544,
            0.8905575102262651,
            0.8894748504122876,
            0.886501487754635,
            0.8840449705369147,
            0.8791595615648677,
            0.8875593533776147,
            0.8932745677675605,
            0.8964256222720303,
            0.8816284527473627
        ]
    }
}