{
    "kmeans": {
        "accuracy": [
            0.7976710334788938,
            0.7947598253275109,
            0.7918486171761281,
            0.7933042212518195,
            0.7729257641921398,
            0.7787481804949054,
            0.7933042212518195,
            0.7816593886462883,
            0.7816593886462883,
            0.784570596797671,
            0.7991266375545851,
            0.7671033478893741,
            0.7903930131004366,
            0.7889374090247453,
            0.7802037845705968,
            0.7729257641921398,
            0.7816593886462883,
            0.7933042212518195,
            0.8005822416302766,
            0.7700145560407569
        ],
        "roc_auc": [
            0.8659247707355111,
            0.8720695675758141,
            0.8695961753636456,
            0.8654416625701356,
            0.8402052238805969,
            0.8658191372150182,
            0.873453127648754,
            0.8432496607869743,
            0.8452435486333791,
            0.8507326007326009,
            0.8674183976261128,
            0.8578560391231258,
            0.8593217465027555,
            0.8647805671859374,
            0.8509392059132675,
            0.8555438369679856,
            0.8648859757857736,
            0.869752623688156,
            0.8669079382299595,
            0.8437447024919479
        ]
    },
    "quantile": {
        "accuracy": [
            0.7787481804949054,
            0.8093158660844251,
            0.7976710334788938,
            0.7903930131004366,
            0.7860262008733624,
            0.777292576419214,
            0.7918486171761281,
            0.7889374090247453,
            0.7918486171761281,
            0.7481804949053857,
            0.7933042212518195,
            0.7758369723435226,
            0.7903930131004366,
            0.7743813682678311,
            0.7729257641921398,
            0.7758369723435226,
            0.7627365356622998,
            0.7787481804949054,
            0.7947598253275109,
            0.7583697234352256
        ],
        "roc_auc": [
            0.8642805078568644,
            0.8692217720746529,
            0.8738429457837453,
            0.8609750309358738,
            0.8484481004070556,
            0.8628273582506992,
            0.8784370232242754,
            0.8648660108548168,
            0.8622181503537436,
            0.8381325464658799,
            0.8701144552776601,
            0.8479054524460444,
            0.8612293344637558,
            0.8614242367738545,
            0.8518122944427491,
            0.8674854557207498,
            0.8644699529639503,
            0.8663707918767889,
            0.8573051039953894,
            0.843448042041024
        ]
    },
    "linspace": {
        "accuracy": [
            0.8005822416302766,
            0.7976710334788938,
            0.7947598253275109,
            0.7933042212518195,
            0.7700145560407569,
            0.7685589519650655,
            0.7933042212518195,
            0.8034934497816594,
            0.7816593886462883,
            0.7627365356622998,
            0.7976710334788938,
            0.7671033478893741,
            0.7918486171761281,
            0.7933042212518195,
            0.7802037845705968,
            0.7641921397379913,
            0.784570596797671,
            0.7874818049490538,
            0.7947598253275109,
            0.7656477438136827
        ],
        "roc_auc": [
            0.8637889241096403,
            0.8664672079738274,
            0.8721645814261011,
            0.8644245927482922,
            0.8427662822252375,
            0.8537164166454785,
            0.8740973046279029,
            0.8561651967435548,
            0.8466941517788974,
            0.8487823904490571,
            0.8725900805426028,
            0.8510893005722435,
            0.8621788893598983,
            0.8602122285694912,
            0.855194452921032,
            0.8588439424352736,
            0.8679000186785756,
            0.8636448821044025,
            0.8602546064787348,
            0.8413459908459062
        ]
    },
    "exact": {
        "accuracy": [
            0.7831149927219796,
            0.7743813682678311,
            0.7933042212518195,
            0.8151382823871907,
            0.777292576419214,
            0.7831149927219796,
            0.7947598253275109,
            0.7787481804949054,
            0.7991266375545851,
            0.7627365356622998,
            0.7991266375545851,
            0.7700145560407569,
            0.7860262008733624,
            0.7816593886462883,
            0.7627365356622998,
            0.777292576419214,
            0.7874818049490538,
            0.7816593886462883,
            0.7831149927219796,
            0.7583697234352256
        ],
        "roc_auc": [
            0.8600596680962148,
            0.8568982760666519,
            0.87125758654596,
            0.8642889834387131,
            0.8489908412483039,
            0.8611153487583694,
            0.8734446516358703,
            0.8530359565807326,
            0.8530903785141073,
            0.8489774114774115,
            0.8709029249682069,
            0.8533562004380976,
            0.8611615091140313,
            0.8609326530266304,
            0.8520665920726953,
            0.855492804409213,
            0.8662104566062726,
            0.8604078642496934,
            0.8580509551980743,
            0.836692659772843
        ]
    }
}