{
    "kmeans": {
        "accuracy": [
            0.6425755584756899,
            0.6537450722733246,
            0.6727989487516426,
            0.6576872536136662,
            0.6603153745072273,
            0.6346911957950065,
            0.6498028909329829,
            0.6386333771353482,
            0.6425755584756899,
            0.6458607095926413,
            0.6432325886990802,
            0.6524310118265441,
            0.6465177398160316,
            0.657030223390276,
            0.6327201051248358,
            0.6590013140604468,
            0.6465177398160316,
            0.6314060446780552,
            0.6603153745072273,
            0.6379763469119579
        ],
        "roc_auc": [
            0.7011570299328377,
            0.7080804048928586,
            0.7429737887376748,
            0.7067797517955345,
            0.726003336531563,
            0.6921985080812266,
            0.7143787226473386,
            0.6869368707854394,
            0.7137738406679272,
            0.7069334917564003,
            0.7055895362499137,
            0.7254126951236357,
            0.7129747902064663,
            0.716472217617153,
            0.6920334190586804,
            0.7166580328774693,
            0.7125177762687027,
            0.700493305144468,
            0.7076046113252379,
            0.686560746792099
        ]
    },
    "quantile": {
        "accuracy": [
            0.6360052562417872,
            0.6458607095926413,
            0.6616294349540078,
            0.6465177398160316,
            0.6557161629434954,
            0.6346911957950065,
            0.6557161629434954,
            0.6320630749014454,
            0.6458607095926413,
            0.6498028909329829,
            0.6609724047306176,
            0.6557161629434954,
            0.664257555847569,
            0.6504599211563732,
            0.6281208935611038,
            0.6675427069645203,
            0.6432325886990802,
            0.6327201051248358,
            0.6445466491458607,
            0.6281208935611038
        ],
        "roc_auc": [
            0.7006457118377049,
            0.6988911755405455,
            0.7369716843729321,
            0.6954562653227296,
            0.7170223616765639,
            0.6914041994750657,
            0.715314727220291,
            0.6833812200132343,
            0.6956337797117966,
            0.7079571218500857,
            0.7133094892528855,
            0.7205812266887692,
            0.7260178551365927,
            0.7092537715517241,
            0.6881792351086776,
            0.7242350462771101,
            0.6946196872067888,
            0.6981045060730423,
            0.7001170790335283,
            0.6906618179055355
        ]
    },
    "linspace": {
        "accuracy": [
            0.6478318002628121,
            0.6603153745072273,
            0.6846254927726675,
            0.6544021024967148,
            0.6675427069645203,
            0.6274638633377135,
            0.6412614980289093,
            0.6241787122207622,
            0.6655716162943496,
            0.6471747700394218,
            0.664257555847569,
            0.6590013140604468,
            0.6465177398160316,
            0.6419185282522996,
            0.6399474375821288,
            0.6675427069645203,
            0.6379763469119579,
            0.6452036793692509,
            0.6445466491458607,
            0.6399474375821288
        ],
        "roc_auc": [
            0.704950457422404,
            0.7122758634989917,
            0.7410214634837431,
            0.7066605390145423,
            0.7300936130487773,
            0.6831123083298797,
            0.7084950186251094,
            0.6830477697707487,
            0.7158805397984821,
            0.7082342467485455,
            0.7192083074158546,
            0.7251277800801217,
            0.7094106767840013,
            0.7053423408488064,
            0.7009498921519828,
            0.7241210802597045,
            0.6854183622159902,
            0.7002843068164546,
            0.7254945639410392,
            0.6945798517398039
        ]
    },
    "exact": {
        "accuracy": [
            0.6392904073587385,
            0.6498028909329829,
            0.6885676741130092,
            0.6511169513797634,
            0.6662286465177398,
            0.6445466491458607,
            0.6622864651773982,
            0.6346911957950065,
            0.6616294349540078,
            0.6695137976346912,
            0.6392904073587385,
            0.6537450722733246,
            0.6590013140604468,
            0.6662286465177398,
            0.6550591327201051,
            0.6530880420499343,
            0.6445466491458607,
            0.6438896189224704,
            0.657030223390276,
            0.6865965834428384
        ],
        "roc_auc": [
            0.7042767612835467,
            0.7070885625370429,
            0.7571514710684402,
            0.7021684632090353,
            0.7304964171183086,
            0.6938147534189805,
            0.7249061836744914,
            0.6973602143756793,
            0.7165160031427806,
            0.7277438396001088,
            0.6991671850162416,
            0.7292858129575908,
            0.7218505042822944,
            0.73408833443855,
            0.7197023118190367,
            0.7284086199751347,
            0.7047852073797218,
            0.7099224115297987,
            0.7189464268445992,
            0.733811993086026
        ]
    }
}