{
    "kmeans": {
        "mse": [
            94.1872752295581,
            111.35762487946891,
            92.05146368154492,
            97.22434557100706,
            125.34849822776593,
            102.4129252650532,
            115.57329103448583,
            89.58532286137125,
            104.262711479314,
            101.7901582294531,
            111.68127764663731,
            91.50995450529997,
            92.82530687697414,
            91.07693506806427,
            88.70098768235202,
            103.00186820978317,
            100.05377254412922,
            108.74932673840617,
            107.98097011398175,
            97.68672054489727
        ],
        "r2": [
            0.9190765148077612,
            0.9041663726982826,
            0.921193848219266,
            0.9183362028310088,
            0.8933233691803826,
            0.9127036473012362,
            0.9036730780933251,
            0.9236018542796677,
            0.910763221461336,
            0.9109504769799742,
            0.9039464828983601,
            0.9212910828800994,
            0.9216509095006644,
            0.9216938726069992,
            0.92238401950048,
            0.9113927206818254,
            0.9147235815967539,
            0.9087391304011295,
            0.9106066340922004,
            0.9184204990212393
        ]
    },
    "quantile": {
        "mse": [
            93.11273062220745,
            108.2125857601912,
            91.13365702813198,
            97.37028188557018,
            126.0947811851548,
            101.86843306523076,
            112.92189320749631,
            89.29533266091904,
            102.76973552405029,
            100.28175447499561,
            112.35615577159243,
            87.96370222185071,
            91.09517997492354,
            88.21216629271906,
            90.44534927787934,
            102.81561606542576,
            103.92558961356447,
            106.65645699363608,
            105.9920974082174,
            93.89363830591165
        ],
        "r2": [
            0.9199997381880894,
            0.90687297233286,
            0.9219795914061908,
            0.9182136233112179,
            0.8926882522650791,
            0.9131677701938731,
            0.9058829398108368,
            0.9238491572181847,
            0.9120410355790884,
            0.9122700803403823,
            0.9033660416741649,
            0.9243412611757087,
            0.923111221066386,
            0.9241569435097038,
            0.9208576516536257,
            0.911552943948311,
            0.9114236091519532,
            0.9104954365649766,
            0.9122531466706923,
            0.9215881532786635
        ]
    },
    "linspace": {
        "mse": [
            97.43377396592038,
            111.33756633580256,
            96.17967167390279,
            102.59819902886755,
            127.91192359260833,
            103.13638362842231,
            119.57212545847423,
            91.55068183403927,
            107.07839121235077,
            103.32638175234136,
            114.35810158230343,
            93.41704107584492,
            91.57677621106593,
            92.91265575828031,
            92.39988217667059,
            106.52039116099702,
            102.1803981573573,
            110.17030868708716,
            111.56466078196281,
            100.47573022580121
        ],
        "r2": [
            0.9162871996717376,
            0.9041836349468265,
            0.9176596492764477,
            0.9138224231164609,
            0.891141790739913,
            0.9120869743931234,
            0.9003401678003897,
            0.9219258009219206,
            0.9083533264451042,
            0.9096065359315973,
            0.9016442317144499,
            0.9196507726031141,
            0.9227047303327796,
            0.9201155566687367,
            0.9191473777173138,
            0.9083659139709933,
            0.9129110460874036,
            0.9075466628042232,
            0.9076398319710023,
            0.9160913593313825
        ]
    },
    "exact": {
        "mse": [
            95.98172422907399,
            110.8383282884834,
            96.90299889826515,
            99.82394267972252,
            128.9275950106471,
            101.90399735149703,
            115.27364625938367,
            92.56637399026779,
            105.21811419755203,
            103.8374966315195,
            114.11260501912942,
            95.03499445485541,
            93.48392419502044,
            90.70402445881953,
            92.12364109985457,
            106.59864497058605,
            104.62324611446597,
            107.73252255965886,
            108.19947125088174,
            99.93186295668653
        ],
        "r2": [
            0.9175347665547554,
            0.9046132758718499,
            0.9170404018169239,
            0.9161526656751614,
            0.8902774133725888,
            0.9131374553437763,
            0.9039228231563292,
            0.9210596211183536,
            0.909945507634667,
            0.9091593950980341,
            0.9018553755052994,
            0.9182591495922533,
            0.9210950043322126,
            0.9220144936912714,
            0.9193890968073887,
            0.9082985961904085,
            0.9108289924157738,
            0.9095924178314734,
            0.9104257452553846,
            0.9165455502405007
        ]
    }
}