{
    "kmeans": {
        "mse": [
            0.023118843764941985,
            0.022504323807706443,
            0.020882691524384312,
            0.026208725278740328,
            0.023127949656598413,
            0.022076003726855985,
            0.022869991443318475,
            0.024192053625745082,
            0.022777785757325707,
            0.020792429878512503,
            0.0228626716668928,
            0.023234850956429017,
            0.022959257878220018,
            0.02083800549562623,
            0.02278842083588623,
            0.02349762414783304,
            0.02411590681356104,
            0.024689690565602912,
            0.022201105626186043,
            0.022012649152534366
        ],
        "r2": [
            0.9250189921436063,
            0.9295103346233665,
            0.9331247038273974,
            0.9139455352894756,
            0.9303324616960819,
            0.9329641749583132,
            0.9289083127529206,
            0.9260546344991543,
            0.9312838656786442,
            0.9330565910431645,
            0.9278097800617348,
            0.9277746178378103,
            0.9258465982416415,
            0.9342188182474587,
            0.9270607179564219,
            0.925459962555847,
            0.9231283300234402,
            0.9267123213940152,
            0.9323493223176418,
            0.9323681614656606
        ]
    },
    "quantile": {
        "mse": [
            0.023166959633389335,
            0.021444768622371126,
            0.02149680870245917,
            0.026235220792721767,
            0.022960151090861306,
            0.02225850102586446,
            0.022929231323268264,
            0.02440823601582105,
            0.023218489386393686,
            0.020745807676298942,
            0.022071908295729636,
            0.02264703036926624,
            0.022346204882686085,
            0.019746679524681395,
            0.023029327346610222,
            0.023588280756180333,
            0.024093729340965563,
            0.023217231456113586,
            0.022587106298630262,
            0.02120120800297498
        ],
        "r2": [
            0.9248629386511933,
            0.9328291497586512,
            0.9311580383656928,
            0.9138585391746835,
            0.9308379156243118,
            0.9324100050479308,
            0.9287241647601948,
            0.9253938519919593,
            0.9299543488373856,
            0.9332066961134947,
            0.9303066615511391,
            0.9296018542866367,
            0.927826625876599,
            0.9376639038177191,
            0.9262896444336721,
            0.9251723782903802,
            0.9231990227561437,
            0.9310830975157317,
            0.9311731103074662,
            0.9348612397147545
        ]
    },
    "linspace": {
        "mse": [
            0.023677217578380393,
            0.022254623995987946,
            0.020368023460619392,
            0.0266924357632205,
            0.023035739167594434,
            0.02310774730304026,
            0.023116962254000638,
            0.025651658321914076,
            0.022342154599712692,
            0.021765323329403563,
            0.02271132277585547,
            0.022934709558063923,
            0.023400500946673147,
            0.021631235300376694,
            0.023019374905470253,
            0.023660501003797484,
            0.024812204482096426,
            0.024919425319246215,
            0.02188018044903554,
            0.02134185420740731
        ],
        "r2": [
            0.923208026521021,
            0.9302924623745953,
            0.9347728907555369,
            0.9123573066986492,
            0.9306102242245416,
            0.9298311902606873,
            0.9281406005447334,
            0.9215932107434585,
            0.9325980798634658,
            0.9299242585291213,
            0.9282876730171421,
            0.9287076054106708,
            0.9244214792459995,
            0.9317147593072317,
            0.9263214993795044,
            0.9249432785342628,
            0.9209088171933856,
            0.9260303879066392,
            0.9333272378361354,
            0.934429117196346
        ]
    },
    "exact": {
        "mse": [
            0.023693356638177683,
            0.021744032242746424,
            0.020759883176789614,
            0.026040442266341425,
            0.02329385013735346,
            0.022402999492310567,
            0.02272300864060651,
            0.0255753331405719,
            0.023259572924099862,
            0.021519399342128882,
            0.02213001040279037,
            0.023502104387589463,
            0.023633612386396035,
            0.02117092107592876,
            0.023161393973224944,
            0.02453544258118529,
            0.024028118137587793,
            0.024561159630569266,
            0.022024028857273423,
            0.02196823313716021
        ],
        "r2": [
            0.9231556829444235,
            0.9318917746728719,
            0.9335179886014542,
            0.9144980804589886,
            0.9298327253048647,
            0.9319712221035481,
            0.9293652108443343,
            0.9218265060857463,
            0.9298304078219818,
            0.9307160366016514,
            0.9301232007575493,
            0.926943862295805,
            0.9236685800740868,
            0.933167874081966,
            0.9258669365595036,
            0.9221677563142452,
            0.923408164498638,
            0.9270938463804318,
            0.9328889064095535,
            0.9325046255849634
        ]
    }
}