{
    "kmeans": {
        "mse": [
            110.29227991304585,
            106.0621946128808,
            91.5462885254224,
            97.8452669677168,
            107.4582396644584,
            98.07116950176237,
            105.55758696296357,
            107.04498225180157,
            95.67106424195445,
            103.21580602418324,
            111.46769306333911,
            93.89594266591219,
            101.50005627527798,
            88.54089960205975,
            99.72061365535328,
            96.43876757908188,
            106.00557591513447,
            105.95883648041317,
            106.33490398292811,
            105.91743177043901
        ],
        "r2": [
            0.9052394746677981,
            0.908723584574162,
            0.9216263335751423,
            0.9178146585747735,
            0.9085487012346817,
            0.9164045419047562,
            0.9120208713879714,
            0.9087122991635737,
            0.9181166742051263,
            0.9097032713726394,
            0.9041301802096444,
            0.9192388630380295,
            0.9143289975293143,
            0.9238743051844207,
            0.9127415217450391,
            0.917038623041513,
            0.9096508246020505,
            0.9110808696577246,
            0.9119693500578598,
            0.9115469208037029
        ]
    },
    "quantile": {
        "mse": [
            103.1238541637275,
            99.5572735547293,
            86.86040010238727,
            100.67345405647595,
            110.69795783068304,
            95.90588489613785,
            105.31928969147592,
            97.99841933628423,
            96.92427137675007,
            101.21807795598355,
            107.19996962303047,
            90.26209855462027,
            97.63080143722321,
            88.52953605726248,
            98.53284814293848,
            96.70701454444834,
            102.81949255103946,
            104.84946862336854,
            98.57382024701205,
            102.84955298063437
        ],
        "r2": [
            0.9113984169831245,
            0.9143216761371665,
            0.9256379681491542,
            0.9154391167758965,
            0.9057915703263403,
            0.9182502215212361,
            0.9122194851200518,
            0.9164271860425031,
            0.917044074366084,
            0.9114509524322945,
            0.9078007134905743,
            0.9223643802184117,
            0.9175948374998035,
            0.9238840753329866,
            0.913780851602106,
            0.9168078637921946,
            0.9123663421794048,
            0.9120118351944811,
            0.9183944580885941,
            0.9141089478565054
        ]
    },
    "linspace": {
        "mse": [
            118.29260873834498,
            113.9658281711391,
            98.79536012825487,
            107.58279888326845,
            111.93474436047354,
            105.92531111358497,
            112.66117585018274,
            108.23100129961998,
            100.7102258122043,
            111.56381108600954,
            115.45366537953466,
            102.78283798764545,
            109.10010765923391,
            95.97456805465204,
            105.95787250779287,
            103.89047557987618,
            117.31094008155942,
            111.06147859783171,
            109.11214608915408,
            104.76015101855124
        ],
        "r2": [
            0.8983657808524793,
            0.9019217703870213,
            0.9154203329950912,
            0.9096355977993279,
            0.9047390150751285,
            0.9097097041729247,
            0.9061002400217494,
            0.9077008650006078,
            0.9138037368310188,
            0.9024001501096911,
            0.9007019721150724,
            0.9115951273252003,
            0.907914183146095,
            0.9174829857091771,
            0.9072837362782632,
            0.9106282968629714,
            0.9000151962759732,
            0.9067988058431358,
            0.9096701762353396,
            0.9125133816051784
        ]
    },
    "exact": {
        "mse": [
            105.9093935407639,
            104.96343884866364,
            95.74100036090098,
            100.36439146930101,
            112.94458830151655,
            109.49848243915623,
            106.2721571710801,
            103.71439156436121,
            99.26281000895166,
            106.4920337219146,
            113.0216856219609,
            95.64718085849417,
            100.53828726394376,
            89.17800518881276,
            100.672159816533,
            102.81661713846101,
            105.95502173192449,
            111.46607225977269,
            108.32768484530061,
            103.83519245229452
        ],
        "r2": [
            0.909005147255546,
            0.9096691664372591,
            0.9180352000465459,
            0.9156987145575359,
            0.9038795971259137,
            0.9066639477561161,
            0.911425298241114,
            0.9115526188113311,
            0.9150425567471289,
            0.9068371149694798,
            0.9027936406038057,
            0.9177326000035619,
            0.9151407775259951,
            0.9233265345419217,
            0.9119088907877041,
            0.9115520827759886,
            0.9096939122295316,
            0.9064592766659874,
            0.9103196020641524,
            0.9132858270086104
        ]
    }
}