{
    "kmeans": {
        "mse": [
            0.18287003251111345,
            0.17918615915351851,
            0.178278721192674,
            0.172375218206049,
            0.17349878979525454,
            0.16866082107636554,
            0.18611740422439682,
            0.1738864971062516,
            0.17798240625938522,
            0.16869945666933825,
            0.1852710220185772,
            0.18227606769262514,
            0.17670810577021914,
            0.18065129832235508,
            0.18099407560875838,
            0.16915289150874094,
            0.17730971600766307,
            0.17533490125331824,
            0.16725444941387596,
            0.16981495680461825
        ],
        "r2": [
            0.49171227984645394,
            0.49727821412649686,
            0.49940897624242986,
            0.5144164676033156,
            0.5165060760680642,
            0.5243942829931623,
            0.4772177582494188,
            0.5114024741283127,
            0.5021931265198543,
            0.529991789603858,
            0.48066551833928317,
            0.4889781956725767,
            0.5000525452382918,
            0.493017316042636,
            0.4935596113997853,
            0.5242186927575868,
            0.5024432864464665,
            0.5085491657644041,
            0.53258217298227,
            0.528675192502658
        ]
    },
    "quantile": {
        "mse": [
            0.1807946891267039,
            0.18081162147374336,
            0.17871190849494797,
            0.17331935580930286,
            0.17548044649187278,
            0.16884516011617573,
            0.18782385194666074,
            0.1747777719053108,
            0.17822181429123574,
            0.1710125141111706,
            0.18242043084803605,
            0.1824092801244262,
            0.17564314694431235,
            0.1816628590443942,
            0.18106728455018076,
            0.1714715152949721,
            0.17665850629377308,
            0.1736810452173172,
            0.16890141425982796,
            0.17099449004294154
        ],
        "r2": [
            0.49748070205818606,
            0.49271784336820956,
            0.4981926242646201,
            0.511756818047957,
            0.5109837379972073,
            0.5238744663538162,
            0.47242454415215085,
            0.5088981125537275,
            0.50152351559411,
            0.5235474535624561,
            0.4886560301411297,
            0.4886047266915988,
            0.5030655561701755,
            0.49017845590375053,
            0.49335476511065535,
            0.5176970315185923,
            0.5042706751106232,
            0.5131848026101682,
            0.5279794809034211,
            0.5254013744188417
        ]
    },
    "linspace": {
        "mse": [
            0.22965507438546934,
            0.2298578633550331,
            0.228710657279826,
            0.22550516319578587,
            0.2279057694961314,
            0.22627989816640712,
            0.22870893554516186,
            0.21755265529293147,
            0.22685370626384826,
            0.22954711371074285,
            0.22895453289190681,
            0.22871658481042412,
            0.22137504468042607,
            0.22728851720441018,
            0.22560371415699548,
            0.22589509617875708,
            0.2207420424794992,
            0.22901033369283183,
            0.22964572677439068,
            0.22811423995500305
        ],
        "r2": [
            0.3616731370461739,
            0.35511450153966395,
            0.357800519848694,
            0.36474862884636017,
            0.364888625964204,
            0.36191456602158634,
            0.35758307756897045,
            0.3887064786980473,
            0.36550282341946494,
            0.3604660604909037,
            0.3582159672473366,
            0.35877944192583666,
            0.37367960765956665,
            0.36213388137758074,
            0.36873716842369564,
            0.36461822673586475,
            0.38056589524712037,
            0.35810087588146744,
            0.35822032257464276,
            0.3668643666182041
        ]
    },
    "exact": {
        "mse": [
            0.13961324970265684,
            0.13249105307469888,
            0.13622111403103362,
            0.13231170757469787,
            0.12987842232639513,
            0.12422159449380839,
            0.14932848739837082,
            0.12688568192868896,
            0.13756662763611177,
            0.12265167816428513,
            0.14002717023664227,
            0.13540442778543613,
            0.13606547833357746,
            0.13551415223420782,
            0.13385907499641242,
            0.12515699471217112,
            0.12856441294709775,
            0.1308876535517584,
            0.12101050321730587,
            0.12271658603666567
        ],
        "r2": [
            0.6119446176055197,
            0.6282852474285773,
            0.6175030509866929,
            0.6272759680294675,
            0.6380641725583064,
            0.6497082123760671,
            0.5805535665798279,
            0.6434684044442092,
            0.6152338074419695,
            0.6582840461124209,
            0.6074888718108771,
            0.6203856278185693,
            0.6150397896163129,
            0.6196909225013654,
            0.625448282045493,
            0.6479672441685014,
            0.6392296585533266,
            0.6331315324596052,
            0.6618178669782967,
            0.6593976621446253
        ]
    }
}