{
    "kmeans": {
        "mse": [
            0.053322472732644656,
            0.05330592450215875,
            0.05614417328912129,
            0.05330708839572961,
            0.05418840087006849,
            0.055697761054031215,
            0.056214357843967555,
            0.05519942841949635,
            0.05411527592974731,
            0.05298639797228773,
            0.05503038430090321,
            0.05443310794067168,
            0.055747411010173345,
            0.05471943862269258,
            0.05532442685713968,
            0.054387685695411414,
            0.055726649946758036,
            0.05515523120539395,
            0.054301945417365986,
            0.05351676233704183
        ],
        "r2": [
            0.9484057428992946,
            0.9472323279193706,
            0.9454076476263463,
            0.9472723062613528,
            0.9467265890658537,
            0.9448734355983583,
            0.9456211204124835,
            0.9460024281729451,
            0.9478987881640066,
            0.9476225258522598,
            0.9468964489968659,
            0.9468208545287183,
            0.9457045326753502,
            0.947174939522489,
            0.946148361060266,
            0.9473595563256136,
            0.9458250257755455,
            0.9463185982775122,
            0.9472709600111523,
            0.9471920611455054
        ]
    },
    "quantile": {
        "mse": [
            0.05330876659260094,
            0.05345068591827043,
            0.0557670354983276,
            0.05330271476083417,
            0.054148089385694695,
            0.05577020105485565,
            0.05585810158417988,
            0.05517316360926344,
            0.054112678685432396,
            0.05310856909327159,
            0.05527789159093889,
            0.054326333107602716,
            0.055633637937233346,
            0.05439374988740315,
            0.05505202144352064,
            0.05428895003844995,
            0.055192344054646146,
            0.05542425112933252,
            0.05426645159130036,
            0.05380828304355988
        ],
        "r2": [
            0.9484190048145252,
            0.947089028220385,
            0.9457743613557017,
            0.9472766323592178,
            0.9467662198768377,
            0.9448017384906985,
            0.9459657444017331,
            0.9460281211197324,
            0.9479012887439984,
            0.9475017587313417,
            0.9466576079244833,
            0.9469251696155334,
            0.9458153425237772,
            0.9474893529662587,
            0.9464135147873407,
            0.9474551200313033,
            0.9463444542350131,
            0.9460567669644584,
            0.9473054257261388,
            0.9469044015978729
        ]
    },
    "linspace": {
        "mse": [
            0.05530765262873488,
            0.05528054714621818,
            0.05762404670993834,
            0.054405292696008696,
            0.05521117237844281,
            0.05684723759846308,
            0.05759599935658293,
            0.056781950643282175,
            0.055635334269304414,
            0.05473454629332725,
            0.056584300822361114,
            0.056213769724957584,
            0.05692841989120133,
            0.05613657812367027,
            0.056240089469339234,
            0.0552322831587639,
            0.057315869449931424,
            0.05575637255108386,
            0.05529102146535921,
            0.055372899662564305
        ],
        "r2": [
            0.9464849039602683,
            0.9452776438736883,
            0.9439686778005443,
            0.9461860383418276,
            0.9457210874089953,
            0.9437357472684211,
            0.9442845914485457,
            0.9444543621894103,
            0.9464353034050054,
            0.9458944673882829,
            0.945396941292165,
            0.9450812134234392,
            0.9445542832207473,
            0.9458068611626139,
            0.9452570742420562,
            0.9465420921399499,
            0.944280057152747,
            0.9457335203190896,
            0.946310533453949,
            0.9453605081495593
        ]
    },
    "exact": {
        "mse": [
            0.053232142237502354,
            0.05319621647500525,
            0.055977126744014616,
            0.053270810102801706,
            0.054020099245373245,
            0.05599284666837966,
            0.05585691650796937,
            0.05509471755026057,
            0.05400553065847273,
            0.053053188290045517,
            0.05504491840321354,
            0.054224035187390045,
            0.05574082045855557,
            0.054485202158610226,
            0.05533159162591989,
            0.054320749217250955,
            0.05572301032467245,
            0.05515748225455057,
            0.054448195783815295,
            0.0536570182526182
        ],
        "r2": [
            0.9484931457249994,
            0.9473409281782633,
            0.9455700770169494,
            0.9473081902455739,
            0.9468920488592654,
            0.9445813761723502,
            0.9459668907835299,
            0.9461048591734921,
            0.9480044489322174,
            0.947556503094051,
            0.9468824237914611,
            0.9470251109230614,
            0.9457109515757713,
            0.9474010667579401,
            0.9461413870243228,
            0.9474243424231156,
            0.9458285640544993,
            0.9463164073797237,
            0.9471289459200987,
            0.9470536629037153
        ]
    }
}