{
    "kmeans": {
        "mse": [
            0.03016982054734023,
            0.0323461016688303,
            0.031230897034743018,
            0.031860275048930325,
            0.03201025678483047,
            0.03238651124627445,
            0.03200408015078485,
            0.032144903903007734,
            0.029766514778449504,
            0.032903341594112484,
            0.031396087430271225,
            0.031251535440144765,
            0.03327093461919132,
            0.030347509340549257,
            0.03269109303426286,
            0.032304906461306925,
            0.031170054736926685,
            0.033384148213169915,
            0.030832194271588793,
            0.031496349828138995
        ],
        "r2": [
            0.8872428820329578,
            0.8879926932909624,
            0.8894855387513275,
            0.8844126591587611,
            0.8847150390551823,
            0.8859187685657676,
            0.8866493419702021,
            0.881248902214255,
            0.8918955612592556,
            0.8853723328786219,
            0.8866399383806622,
            0.8851151669383693,
            0.8826690704289661,
            0.8913971178888384,
            0.8823539183555901,
            0.8838237997528167,
            0.8891989574480813,
            0.8832158940661609,
            0.8898685319673117,
            0.8903697613565649
        ]
    },
    "quantile": {
        "mse": [
            0.029604278089522693,
            0.03247063104450293,
            0.03125293249365342,
            0.03161314149910156,
            0.031972168189971506,
            0.0326438881877154,
            0.03224605965511538,
            0.03222585423147211,
            0.029989139749677325,
            0.032944332313482066,
            0.03128518556835129,
            0.031357773646808564,
            0.03292965810551846,
            0.030534222210057062,
            0.032912033311870925,
            0.031937619060376704,
            0.03184465048306713,
            0.0333166899885774,
            0.0314504375084339,
            0.03215977207415738
        ],
        "r2": [
            0.8893565484875341,
            0.8875614759492854,
            0.8894075635056232,
            0.8853092462037094,
            0.8848522151547142,
            0.8850121603115136,
            0.8857923094944564,
            0.8809498520008754,
            0.8910870437776699,
            0.8852295306492033,
            0.8870403654061272,
            0.8847246210510893,
            0.8838725920927941,
            0.8907289393069243,
            0.8815588162184185,
            0.8851446534345893,
            0.8868009535753162,
            0.8834518757780984,
            0.8876601897820209,
            0.8880605687183951
        ]
    },
    "linspace": {
        "mse": [
            0.03026941178735123,
            0.032808553847406025,
            0.031454488635714276,
            0.032134830311677694,
            0.032357759475540517,
            0.03340871124260913,
            0.03232215472340902,
            0.032695974003209595,
            0.0303725049236477,
            0.03285578092995912,
            0.03185767223447257,
            0.03141412089703328,
            0.033416381798633016,
            0.031120484904326336,
            0.03322764136343038,
            0.03218913166863855,
            0.031935605643615986,
            0.03404755997779502,
            0.03126444992663929,
            0.0322915983615896
        ],
        "r2": [
            0.8868706683109442,
            0.886391324955009,
            0.8886943317202398,
            0.8834165876343879,
            0.883463507885157,
            0.8823180771091556,
            0.8855227992937799,
            0.8792131151559602,
            0.8896947586118291,
            0.8855380232831376,
            0.8849733204632856,
            0.8845174810067882,
            0.882156146672459,
            0.8886309148016044,
            0.880423031294908,
            0.8842401537055119,
            0.886477632788768,
            0.8808951534169455,
            0.8883245306083163,
            0.8876017172187918
        ]
    },
    "exact": {
        "mse": [
            0.03065138972599376,
            0.033032639103102446,
            0.03124991113417403,
            0.03187266979505333,
            0.031840966478468756,
            0.03337082855403198,
            0.032242287252972616,
            0.0324060654061515,
            0.030691629152129866,
            0.03301709378381218,
            0.03157681465981955,
            0.030706580428137873,
            0.03320562264557438,
            0.03116990908125467,
            0.033228422233695265,
            0.032097235365727506,
            0.03228458748062648,
            0.03334283019814931,
            0.03114047583662264,
            0.031974879547819184
        ],
        "r2": [
            0.8854430585105896,
            0.8856153678946889,
            0.8894182549665419,
            0.8843676916955938,
            0.8853247382053152,
            0.8824515185820594,
            0.8858056704241635,
            0.8802841080655067,
            0.8885357802811307,
            0.8849760464376861,
            0.8859873968841019,
            0.8871184946052746,
            0.8828993950250229,
            0.8884540433489868,
            0.8804202211616756,
            0.8845706348756635,
            0.885237097547531,
            0.8833604323485914,
            0.8887673615145854,
            0.8887041293816608
        ]
    }
}