{
    "kmeans": {
        "mse": [
            0.004445690556324017,
            0.002115080019806151,
            0.0057901988618609115,
            0.0014096639773184016,
            0.0009690952632066475,
            0.004139139743315505,
            0.0011351294835683376,
            0.0007018384677721998,
            0.01255747087135032,
            0.0007108216142227669,
            0.0010804776978189632,
            0.0012095993133222744,
            0.001966486755826784,
            0.0006215977811221301,
            0.004918126602391358,
            0.0008565489085188136,
            0.0016101434594015635,
            0.0005907372411066907,
            0.0005323985355366849,
            0.0012905923171565986
        ],
        "r2": [
            0.9931213401171631,
            0.9965856399305104,
            0.9912585426748038,
            0.9978174019913706,
            0.9984541849016653,
            0.9933654359381265,
            0.9981759153379279,
            0.9988894020043667,
            0.9806336392007451,
            0.9988900190445666,
            0.9983158319790983,
            0.9980705992013333,
            0.9969430312647577,
            0.9989943350421646,
            0.992330205118383,
            0.9986389821401407,
            0.9975035704199492,
            0.9990807335984839,
            0.9991575916237956,
            0.998093492695185
        ]
    },
    "quantile": {
        "mse": [
            0.00707970101995682,
            0.0012695993268802355,
            0.008312082897426404,
            0.007333711842632487,
            0.004392483407081816,
            0.0047185549834492194,
            0.006535686592178943,
            0.003477058233443395,
            0.024457038829585432,
            0.002420680832844136,
            0.005069307022407371,
            0.003738697713613725,
            0.0027418272951335353,
            0.0030825390155520362,
            0.008164213214019963,
            0.004446623342205578,
            0.0017201340503632237,
            0.0013863498338120305,
            0.00259224016445052,
            0.004706761495508464
        ],
        "r2": [
            0.9890458288152373,
            0.997950493974054,
            0.9874512569145174,
            0.9886451344993288,
            0.9929934987532756,
            0.9924367000733127,
            0.989497545573896,
            0.9944978594333533,
            0.9622819082833192,
            0.9962199944826134,
            0.9920983424345504,
            0.9940364992976004,
            0.9957377387394948,
            0.9950128498472038,
            0.9872679485943135,
            0.9929345146265207,
            0.9973330366931557,
            0.9978426536634406,
            0.9958983267572941,
            0.993047010234046
        ]
    },
    "linspace": {
        "mse": [
            0.017458984354525958,
            0.016948596270011548,
            0.018370413590058626,
            0.02191327538078691,
            0.024980065366156885,
            0.025282768778206312,
            0.020566694726668895,
            0.019692085964652207,
            0.02237772388479685,
            0.020057214697324396,
            0.020950324391828923,
            0.01783216289223185,
            0.018496518896921946,
            0.018228186195547547,
            0.018340891081032627,
            0.01912130367206622,
            0.023459215095217933,
            0.021326656463490277,
            0.01961438356062608,
            0.02042156788468894
        ],
        "r2": [
            0.9729863305254751,
            0.9726399900730319,
            0.9722662053109361,
            0.96607143831565,
            0.9601540079015316,
            0.9594746349428196,
            0.96695056119721,
            0.9688389961416592,
            0.9654886657465541,
            0.9686797279547948,
            0.9673441974420594,
            0.971556374952191,
            0.9712465493036413,
            0.9705091481043133,
            0.9713974682007575,
            0.9696171047062809,
            0.96362791268907,
            0.966812861320824,
            0.968964375552045,
            0.969832558407203
        ]
    },
    "exact": {
        "mse": [
            0.004123893571368005,
            0.000599277799200691,
            0.004343682997942685,
            0.0009220307078622898,
            0.0031354397738665263,
            0.0020189441996837725,
            0.0008751535593626926,
            0.0008517542459576458,
            0.01178898756381733,
            0.0005932145683091185,
            0.0015626789359806765,
            0.0008301502649922653,
            0.0009234467910370258,
            0.0008604283630429044,
            0.004748828353284982,
            0.0008889936337900909,
            0.0020322396585848355,
            0.0004680942960895427,
            0.000570157988636283,
            0.0009754895352317812
        ],
        "r2": [
            0.9936192452193718,
            0.9990325897039536,
            0.9934423462014752,
            0.998572409865574,
            0.9949986236375518,
            0.9967638650877197,
            0.9985936809785144,
            0.9986521733963437,
            0.9818188081853567,
            0.9990736679074838,
            0.9975642126660941,
            0.998675848632974,
            0.998564471405416,
            0.9986079379950845,
            0.9925942249270295,
            0.9985874289245411,
            0.9968491359152997,
            0.9992715824749252,
            0.9990978452543959,
            0.9985589733489292
        ]
    }
}