{
    "kmeans": {
        "mse": [
            4.690276248252595,
            4.6883165653005685,
            5.247178682107749,
            4.697917985610995,
            4.415227862820317,
            5.068972493781825,
            4.442936058182275,
            4.949237498794679,
            4.9491724609955865,
            5.092940863833872,
            4.348504338203598,
            4.657659573565418,
            4.463265251783199,
            4.569568064743332,
            4.742675580974414,
            4.994865789141502,
            4.205486727314476,
            4.7278226477465655,
            4.981420886347071,
            5.399880854152474
        ],
        "r2": [
            0.5681268983225872,
            0.5211818902979813,
            0.5723186277311503,
            0.5153496907133355,
            0.5167578027809083,
            0.5178955731151833,
            0.5808252928823854,
            0.558956612279307,
            0.5138670027664571,
            0.5133843251608086,
            0.5608838510083572,
            0.5671568196953394,
            0.5968160747074802,
            0.548894304760974,
            0.5230685299908079,
            0.5214571348049717,
            0.5644091143112462,
            0.5740380423591094,
            0.5465896393100986,
            0.4851668406065299
        ]
    },
    "quantile": {
        "mse": [
            4.727784010861899,
            4.697841917910174,
            5.246863109528397,
            4.701507052174045,
            4.278493031853545,
            5.008636541242547,
            4.451939374887895,
            5.074036062868262,
            4.94315469937132,
            5.144685041161278,
            4.3445369687196065,
            4.59218655149411,
            4.533805193768697,
            4.538102338553202,
            4.7027520179644,
            5.057682662665085,
            4.407235629470228,
            4.747438335374598,
            5.02783025345659,
            5.273885958925711
        ],
        "r2": [
            0.5646732438004054,
            0.5202090653474365,
            0.5723443490800817,
            0.5149794326064123,
            0.5317232909064875,
            0.5236340595352972,
            0.5799758630022916,
            0.5478353877482363,
            0.5144580980491731,
            0.5084403196358318,
            0.5612844797933241,
            0.5732413242946758,
            0.5904439303030542,
            0.5520005870371298,
            0.5270833109449921,
            0.5154388416400344,
            0.5435126072777129,
            0.5722707305699306,
            0.5423654453781646,
            0.49717939268481537
        ]
    },
    "linspace": {
        "mse": [
            4.7329370892361435,
            4.723729369260334,
            5.269141248127591,
            4.743178650250294,
            4.4207256408221705,
            5.095861892189726,
            4.4043961812420775,
            5.046283891380014,
            4.881780854349828,
            5.171598476062732,
            4.460926932299206,
            4.634858472729447,
            4.446147864996842,
            4.578668039130584,
            4.775495977896794,
            4.969861082023624,
            4.331129749634568,
            4.917092788428111,
            5.019905083682438,
            5.128997480172451
        ],
        "r2": [
            0.564198756622491,
            0.5175651780698096,
            0.5705285266229223,
            0.510680474438564,
            0.5161560765724356,
            0.5153381518577941,
            0.5844613887922071,
            0.5503084781450425,
            0.5204865505767786,
            0.5058688192715113,
            0.5495313093665781,
            0.56927575965744,
            0.5983623541253383,
            0.5479959593999999,
            0.5197680554204474,
            0.5238527595710194,
            0.5513954112795475,
            0.5569853976948462,
            0.5430867966086288,
            0.5109932888227076
        ]
    },
    "exact": {
        "mse": [
            4.713984522934655,
            4.695181093238818,
            5.280816830132576,
            4.706669436295738,
            4.350991204903064,
            4.988184123860629,
            4.444283267020989,
            5.069158638994598,
            4.845576342400542,
            5.159717685335646,
            4.298701981877719,
            4.5985676882976945,
            4.483320742448604,
            4.5058327515820675,
            4.737634486075978,
            4.987616118062781,
            4.26332403208405,
            4.806449148560981,
            5.010392474917214,
            5.232202037843895
        ],
        "r2": [
            0.5659438784788892,
            0.5204808155634558,
            0.5695768858962673,
            0.5144468666763774,
            0.5237884396310111,
            0.5255792665713216,
            0.5806981886740423,
            0.5482700315795566,
            0.5240427426565638,
            0.5070039942424871,
            0.5659129408331967,
            0.5726483158310047,
            0.595004385060105,
            0.5551862260864756,
            0.5235754710116131,
            0.5221517036915422,
            0.558418510977083,
            0.5669540418149424,
            0.5439526369922758,
            0.5011536034805881
        ]
    }
}