{
    "kmeans": {
        "mse": [
            0.4222183985712414,
            0.42442620444967194,
            0.3844678710471664,
            0.40189306950662074,
            0.40142202857741055,
            0.4061984814768595,
            0.43247981246104683,
            0.4179338722016886,
            0.3700683393476471,
            0.4580918581733613,
            0.437797025797654,
            0.37937066656846724,
            0.40561618555445683,
            0.3966656503664864,
            0.4053195582705259,
            0.41582902945133077,
            0.4361732276861753,
            0.44570091167393283,
            0.3726068817530773,
            0.44133949631303276
        ],
        "r2": [
            0.4564860001756508,
            0.4165469288604128,
            0.4691076098145648,
            0.47360114125578723,
            0.4692922170041407,
            0.48450575835116105,
            0.4396808977336506,
            0.44116762083958094,
            0.49416411072668753,
            0.42076120463901123,
            0.4688058395138943,
            0.4824849750776231,
            0.48501889145290966,
            0.47565308295238873,
            0.47697747116295286,
            0.45252363842172083,
            0.413351875511624,
            0.40677301466385896,
            0.4681410016269819,
            0.4483321582222213
        ]
    },
    "quantile": {
        "mse": [
            0.4192032648069899,
            0.4165925776722116,
            0.3800876289002441,
            0.40165290757164535,
            0.4022054165222856,
            0.3907788170410629,
            0.4350567608093668,
            0.4159617805512219,
            0.3667161639888119,
            0.44675098752202086,
            0.43399678209596826,
            0.3795998932424401,
            0.40597923381048207,
            0.3938435865693825,
            0.41030007467594454,
            0.4175841679715083,
            0.4308388381364137,
            0.4403070583559381,
            0.3782149660298877,
            0.42596838194251385
        ],
        "r2": [
            0.4603673265644562,
            0.427315711639499,
            0.4751560663907588,
            0.4739157049496575,
            0.46825652376895965,
            0.5040743894201657,
            0.43634221383786187,
            0.4438045659216987,
            0.4987461038975315,
            0.435101281060848,
            0.4734168056552964,
            0.4821722776069226,
            0.4845579557210469,
            0.47938353062376116,
            0.4705506352698331,
            0.45021284051431987,
            0.4205265699358073,
            0.413952222198261,
            0.4601360231031755,
            0.4675458238047121
        ]
    },
    "linspace": {
        "mse": [
            0.41466771018771553,
            0.4146306138087542,
            0.39217630330568304,
            0.4043914920110859,
            0.3908082298219575,
            0.3847456701687708,
            0.41932541618131924,
            0.4242398945032418,
            0.37849364378194433,
            0.4456415323357452,
            0.4342988444569033,
            0.3811376357521156,
            0.40445451626930445,
            0.39146713272708916,
            0.40139535233710133,
            0.41833130203878177,
            0.4286882576083263,
            0.4401014446965195,
            0.3773361835969023,
            0.4313393417471824
        ],
        "r2": [
            0.46620586283119747,
            0.43001279732741815,
            0.4584634225248436,
            0.47032871170972457,
            0.48332439562331797,
            0.5117308741524096,
            0.4567236805455689,
            0.43273564228935946,
            0.48264780168918964,
            0.43650414267940596,
            0.4730503030233085,
            0.48007458022716143,
            0.48649377770631486,
            0.48252493256910534,
            0.4820412487900052,
            0.4492291712373053,
            0.423419076750259,
            0.4142258935507891,
            0.46139039699556417,
            0.4608322035000043
        ]
    },
    "exact": {
        "mse": [
            0.4292160543318323,
            0.4182563988312077,
            0.38657204142152696,
            0.4011410154756744,
            0.3981172283556797,
            0.3954594643968583,
            0.4143114834268452,
            0.42802015125550963,
            0.3743106704543776,
            0.4592853849228735,
            0.4349964216809837,
            0.38485395847207793,
            0.4027236228499837,
            0.39095404179816506,
            0.40435039849033994,
            0.4197199747043959,
            0.4374718225618539,
            0.4395041455603187,
            0.3746856709795692,
            0.4408571316031894
        ],
        "r2": [
            0.44747804627145593,
            0.42502847877106187,
            0.4662020665337724,
            0.47458618034613576,
            0.4736613922712145,
            0.49813432103209887,
            0.4632197116176868,
            0.42768094341181173,
            0.4883653889777595,
            0.41925203789814125,
            0.47220390863028017,
            0.4750049925797101,
            0.48869136607582275,
            0.48320318047511346,
            0.4782280705696109,
            0.4474008586267192,
            0.4116052798933455,
            0.4150208974572911,
            0.46517373824572406,
            0.44893510697403727
        ]
    }
}