{
    "kmeans": {
        "mse": [
            5.501108677326125,
            7.358235583334092,
            4.83802629217459,
            4.426624099001002,
            4.557044771650533,
            5.7044503261375645,
            4.441794863616503,
            5.978813186284284,
            4.905220177186352,
            6.739781653861364,
            6.547545791713841,
            5.070640512606869,
            6.476941134540006,
            5.169389993691959,
            5.873811926125581,
            6.112835861616506,
            4.30522097786644,
            5.694508973625281,
            4.757271394960562,
            4.616035619487632
        ],
        "r2": [
            0.9840393458577793,
            0.9804638374752487,
            0.9859742587187575,
            0.9880226164573331,
            0.9855771835881382,
            0.9832763869901081,
            0.9868505764736903,
            0.9828921515337807,
            0.9838480852941783,
            0.9795627924111896,
            0.9806823655380708,
            0.9826600985348929,
            0.979710725595118,
            0.9851501582420632,
            0.9818264083740096,
            0.9781776573791213,
            0.9874534863522089,
            0.9805093669168758,
            0.986588215384609,
            0.9866872208480265
        ]
    },
    "quantile": {
        "mse": [
            5.671532195709944,
            4.866416857012304,
            4.580533808717922,
            4.426906050274184,
            4.85881793267362,
            6.4129103613194705,
            4.529387662771016,
            7.06964176598315,
            5.30086597118391,
            4.834029504568942,
            4.943082069910261,
            5.005967838363337,
            5.095045704343617,
            5.222872763619108,
            4.494285621022665,
            4.9197707306067775,
            4.470800381598304,
            4.671567002485715,
            4.955491750721113,
            4.606542969468111
        ],
        "r2": [
            0.9835448871960488,
            0.9870796321271486,
            0.9867207455579609,
            0.9880218535647848,
            0.9846220867836171,
            0.9811994101064512,
            0.9865912680523645,
            0.9797708414237877,
            0.9825453023634372,
            0.9853416520669169,
            0.9854161153538342,
            0.9828812575376027,
            0.9840395677135971,
            0.9849965210293237,
            0.9860946668782938,
            0.9824368059391864,
            0.9869709456744142,
            0.9840105970874056,
            0.9860293890118561,
            0.9867145979230091
        ]
    },
    "linspace": {
        "mse": [
            5.648117805273816,
            4.558287888202857,
            4.414109677191642,
            4.394706915671407,
            4.599625794622096,
            5.804483056108417,
            4.3869553930255005,
            6.726438416507523,
            5.743859299008518,
            4.706620939757133,
            5.888552514623645,
            5.194830496844903,
            6.469168106952364,
            5.117315357724886,
            4.7314572299513395,
            5.353983193847309,
            4.39290485430992,
            6.420677397911539,
            4.905681889946066,
            4.629694159262781
        ],
        "r2": [
            0.9836128205908647,
            0.9878977165096166,
            0.9872032195402785,
            0.9881089767033785,
            0.9854424168022666,
            0.9829831232103027,
            0.987012922427725,
            0.9807528876448333,
            0.9810866134182296,
            0.9857279962278082,
            0.982626634680229,
            0.9822354101578946,
            0.979735074911625,
            0.9852997503805276,
            0.9853608572125847,
            0.9808867016410178,
            0.987197953138433,
            0.9780239055048617,
            0.9861698138623587,
            0.9866478292274772
        ]
    },
    "exact": {
        "mse": [
            5.822697786205698,
            7.615766829868823,
            4.602140872374877,
            4.426807918558307,
            4.480713783159495,
            5.585330893754906,
            4.4723333387295305,
            7.306070951472707,
            4.987814148422966,
            6.80191444692007,
            6.201044728656146,
            5.157278385392531,
            7.305177403172037,
            5.160927919403607,
            6.342619095139757,
            6.317380299148164,
            4.332425498540154,
            5.7513756507951355,
            4.873114097589905,
            5.0677320328653215
        ],
        "r2": [
            0.9831063025670901,
            0.9797800903689587,
            0.9866581053269249,
            0.9880221190856813,
            0.9858187673093233,
            0.9836256068404411,
            0.9867601708256497,
            0.9790943200888134,
            0.9835761197696066,
            0.9793743855969886,
            0.98170466932788,
            0.9823638258700265,
            0.9771162427092481,
            0.9851744668092789,
            0.9803759175942307,
            0.9774474498456525,
            0.9873742054298894,
            0.9803147289692482,
            0.9862616295651463,
            0.9853845154335257
        ]
    }
}