{
    "kmeans": {
        "mse": [
            34.17001799921097,
            38.518522918594236,
            29.406328521149916,
            33.12645645692799,
            29.407332138339854,
            30.900082629165215,
            36.53142972557527,
            40.0346405802309,
            29.621674444109964,
            39.70874030558159,
            34.11005305641489,
            29.474159479067836,
            37.99329215302428,
            25.622242318340582,
            32.16153644235217,
            30.67382144300892,
            32.782625221809745,
            34.35556453431935,
            36.64806157782301,
            32.07411437017797
        ],
        "r2": [
            0.9807582122579178,
            0.978159678324144,
            0.9837788616087741,
            0.981205647870887,
            0.9832322963040588,
            0.9820315148771592,
            0.9785731035639799,
            0.9770539615871483,
            0.9833769387075764,
            0.9769792112926252,
            0.9801979686918539,
            0.9831091921145576,
            0.9775991729086552,
            0.985047884703988,
            0.9812423081288845,
            0.9824849179571057,
            0.9815197375566732,
            0.979628445957732,
            0.9792223178333574,
            0.9816636164470826
        ]
    },
    "quantile": {
        "mse": [
            34.17001799921097,
            38.518522918594236,
            29.406328521149916,
            33.12645645692799,
            29.407332138339854,
            30.900082629165215,
            36.53142972557527,
            40.0346405802309,
            29.621674444109964,
            39.70874030558159,
            34.11005305641489,
            29.474159479067836,
            37.99329215302428,
            25.622242318340582,
            32.16153644235217,
            30.67382144300892,
            32.782625221809745,
            34.35556453431935,
            36.64806157782301,
            32.07411437017797
        ],
        "r2": [
            0.9807582122579178,
            0.978159678324144,
            0.9837788616087741,
            0.981205647870887,
            0.9832322963040588,
            0.9820315148771592,
            0.9785731035639799,
            0.9770539615871483,
            0.9833769387075764,
            0.9769792112926252,
            0.9801979686918539,
            0.9831091921145576,
            0.9775991729086552,
            0.985047884703988,
            0.9812423081288845,
            0.9824849179571057,
            0.9815197375566732,
            0.979628445957732,
            0.9792223178333574,
            0.9816636164470826
        ]
    },
    "linspace": {
        "mse": [
            34.17001799921097,
            38.518522918594236,
            29.406328521149916,
            33.12645645692799,
            29.407332138339854,
            30.900082629165215,
            36.53142972557527,
            40.0346405802309,
            29.621674444109964,
            39.70874030558159,
            34.11005305641489,
            29.474159479067836,
            37.99329215302428,
            25.622242318340582,
            32.16153644235217,
            30.67382144300892,
            32.782625221809745,
            34.35556453431935,
            36.64806157782301,
            32.07411437017797
        ],
        "r2": [
            0.9807582122579178,
            0.978159678324144,
            0.9837788616087741,
            0.981205647870887,
            0.9832322963040588,
            0.9820315148771592,
            0.9785731035639799,
            0.9770539615871483,
            0.9833769387075764,
            0.9769792112926252,
            0.9801979686918539,
            0.9831091921145576,
            0.9775991729086552,
            0.985047884703988,
            0.9812423081288845,
            0.9824849179571057,
            0.9815197375566732,
            0.979628445957732,
            0.9792223178333574,
            0.9816636164470826
        ]
    },
    "exact": {
        "mse": [
            34.17001799921097,
            38.66731845416246,
            29.094123923018035,
            33.16167360474826,
            29.641874193273836,
            30.38889916441064,
            36.53669902382764,
            40.647743262283996,
            30.419215645637102,
            39.325519836120684,
            34.11005305641489,
            29.474159479067836,
            39.53372253269309,
            25.695794359607806,
            32.16597421538157,
            30.68041940282408,
            32.78179917626107,
            34.270689527939,
            36.64806157782301,
            32.07061878650943
        ],
        "r2": [
            0.9807582122579178,
            0.9780753100224931,
            0.9839510801157201,
            0.9811856673614119,
            0.9830985632723486,
            0.9823287695023885,
            0.9785700129456057,
            0.9767025589645815,
            0.9829293753430801,
            0.9772013799483898,
            0.9801979686918539,
            0.9831091921145576,
            0.9766909358850713,
            0.9850049626760241,
            0.9812397198701044,
            0.9824811504510682,
            0.9815202032161018,
            0.9796787736354388,
            0.9792223178333574,
            0.9816656148300199
        ]
    }
}