{
    "kmeans": {
        "mse": [
            0.0007023257118332462,
            0.0008231348082638979,
            0.0007148242276090314,
            0.0007475575811248017,
            0.0007164755138632602,
            0.0007079238853302377,
            0.0011666541261075465,
            0.0007501477773295202,
            0.001226561658715112,
            0.000723884699533067,
            0.0007424328082473715,
            0.0006790548841834124,
            0.0007288158214220026,
            0.0012095782994912161,
            0.0011823299717948607,
            0.001207512624788426,
            0.0011899019514713827,
            0.001184545186906286,
            0.0012149151894887713,
            0.0012515697084517481
        ],
        "r2": [
            0.09512389797500165,
            0.03392546460785828,
            -0.01747959612074612,
            0.05408117248788891,
            0.07374957001369853,
            0.04251897429155049,
            0.05958383101951681,
            0.06069448527122567,
            0.0521724256921946,
            0.05684891129618197,
            0.06023085471261136,
            0.08197623065315696,
            0.06667868879866623,
            0.04634646375530416,
            0.05132465133477748,
            0.042781949077636106,
            0.05470471833787249,
            0.05294012392168124,
            0.04801993111639902,
            0.03685700379584633
        ]
    },
    "quantile": {
        "mse": [
            0.0007063312271834573,
            0.0008070402084910991,
            0.0006743570100164601,
            0.0007335746504772937,
            0.0007223568760460489,
            0.0006984264907926824,
            0.001166433541945871,
            0.0008044382405601116,
            0.0012270647966553003,
            0.0007189258229673937,
            0.0007387437089668226,
            0.0006792399684226886,
            0.0007257460482083061,
            0.0012075123299550385,
            0.0011850257683467071,
            0.001204804240899733,
            0.0011968053483644152,
            0.0011869477665954556,
            0.0012153510222691762,
            0.001250111745233146
        ],
        "r2": [
            0.08996319396597496,
            0.052814937925871774,
            0.04012137293138296,
            0.07177441471730028,
            0.06614621980101709,
            0.05536438783362119,
            0.05976163942701196,
            -0.00728589546284053,
            0.05178362500695999,
            0.06330984331295131,
            0.06490050513652768,
            0.08172601268853497,
            0.07060983940858012,
            0.04797531172221803,
            0.04916160396664626,
            0.04492893611020521,
            0.04922044419044769,
            0.05101922900957068,
            0.04767842240541964,
            0.03797897650998072
        ]
    },
    "linspace": {
        "mse": [
            0.0007156155504783093,
            0.0008058553306239541,
            0.0006708972435536079,
            0.0007576139321721945,
            0.0007270369242302799,
            0.000699760241824729,
            0.0011734171535482806,
            0.0007462240622012744,
            0.001230153784183124,
            0.0007233037688467248,
            0.0007257987793683777,
            0.0006856853718341585,
            0.0007409449451535869,
            0.0012148472444558115,
            0.001190571766047242,
            0.001209017928380761,
            0.0011979056023151175,
            0.0011911771812507872,
            0.0012110691057384288,
            0.00124791617418715
        ],
        "r2": [
            0.07800127639491461,
            0.054205573242841254,
            0.04504599866080128,
            0.04135641116918598,
            0.06009591304367001,
            0.05356046324134944,
            0.05413229211505599,
            0.06560760688481815,
            0.04939660472570373,
            0.0576058072626785,
            0.08128615686069374,
            0.07301238191644488,
            0.05114613677091506,
            0.04219233169136205,
            0.04471161840613114,
            0.04158866650557702,
            0.04834636808111559,
            0.04763775486773281,
            0.051033635369387875,
            0.03966857387027123
        ]
    },
    "exact": {
        "mse": [
            0.0007085257492870384,
            0.000858683098901117,
            0.0007569459641921879,
            0.0007577080253971442,
            0.0007095894773672492,
            0.0006968908023058033,
            0.0011655827462369536,
            0.0007619194794324317,
            0.0012247736675097722,
            0.0007300226174200045,
            0.0007183107697440147,
            0.0006824681549963062,
            0.000725014265824063,
            0.0012091438259836686,
            0.001188597997953411,
            0.001205294181507424,
            0.0011911028039401942,
            0.0011856169829278953,
            0.0012154438826885194,
            0.00125619964845828
        ],
        "r2": [
            0.08713577276604079,
            -0.007795888949973628,
            -0.07743560470468469,
            0.041237350704456,
            0.08265175039798,
            0.0574414368187669,
            0.0604474485483788,
            0.045954423329867766,
            0.0535540988881561,
            0.048851803550744255,
            0.09076445621171947,
            0.07736178223309664,
            0.07154695969919511,
            0.046689010572696255,
            0.04629532615208043,
            0.04454055094227061,
            0.053750723623151364,
            0.05208320852611259,
            0.04760565908073022,
            0.03329404261196389
        ]
    }
}