{
    "kmeans": {
        "mse": [
            34.73447185856769,
            40.41765608603083,
            27.78398358845484,
            34.190586194730905,
            29.3317726007612,
            32.835328057583546,
            38.51633643284378,
            40.75443482099039,
            33.41816048233277,
            36.00657639719621,
            34.944669865254795,
            30.660631919747974,
            38.220709157721245,
            29.48142338776305,
            33.10830689338925,
            29.25102046943398,
            35.37231052617329,
            38.26757036618554,
            36.20461025259103,
            30.60943384380207
        ],
        "r2": [
            0.9804403575423543,
            0.9770828540811749,
            0.9846737805937342,
            0.9806019120312469,
            0.9832753794348768,
            0.9809061642071659,
            0.9774088898780855,
            0.9766414082069145,
            0.9812464305140479,
            0.9791255078620741,
            0.9797134456056067,
            0.9824292582873986,
            0.9774650879502017,
            0.9827958210640744,
            0.9806901196964363,
            0.9832973526199721,
            0.9800598769217651,
            0.9773087740414717,
            0.9794737333324414,
            0.9825009566025785
        ]
    },
    "quantile": {
        "mse": [
            35.13568119502847,
            41.27559449484538,
            29.321670076822542,
            37.29761294130144,
            29.602502843045688,
            34.23504491413306,
            36.31647959865247,
            39.79989829202647,
            34.100547155654354,
            36.657962015150936,
            34.684638225186426,
            29.637736336767034,
            42.90461302915397,
            28.087475944048563,
            35.36692541926384,
            33.241993077198295,
            35.425558114736624,
            36.066654932856764,
            36.92343227924477,
            30.451198347783265
        ],
        "r2": [
            0.9802144289258549,
            0.9765963958941312,
            0.9838255609558358,
            0.9788391350549185,
            0.9831210123381676,
            0.9800922249107913,
            0.9786991789501085,
            0.9771885052094761,
            0.9808634894511732,
            0.9787478728486599,
            0.9798644027052402,
            0.9830154508399384,
            0.974703460442013,
            0.9836092730108652,
            0.9793728172585167,
            0.9810184643247588,
            0.9800298601246212,
            0.9786138338854958,
            0.979066195935887,
            0.9825914179232934
        ]
    },
    "linspace": {
        "mse": [
            34.375165981691254,
            43.13192278321943,
            31.222073487437573,
            36.72597043251608,
            33.03826764682835,
            34.72300913611091,
            38.61872426104486,
            44.06018548399826,
            31.84753971252897,
            38.35882819533514,
            35.84103568810014,
            31.727245534839245,
            36.95414104883444,
            27.70442864080065,
            32.95317608965837,
            35.711397087158645,
            35.76435932248761,
            37.52339289527366,
            38.87221398052359,
            31.99668255390675
        ],
        "r2": [
            0.980642689522908,
            0.9755438423722902,
            0.9827772591693489,
            0.9791634574168967,
            0.9811619809670878,
            0.9798084723406667,
            0.9773488360174056,
            0.9747467020075501,
            0.982127829888444,
            0.9777618108217052,
            0.9791930751430284,
            0.9818180121660868,
            0.9782118559084063,
            0.983832804088701,
            0.9807805972089555,
            0.9796084080684209,
            0.9798388706845447,
            0.9777500432149291,
            0.9779613307654507,
            0.9817078832806407
        ]
    },
    "exact": {
        "mse": [
            34.17001799921097,
            38.66731845416246,
            29.094123923018035,
            33.16167360474826,
            29.641874193273836,
            30.38889916441064,
            36.53669902382764,
            40.647743262283996,
            30.419215645637102,
            39.325519836120684,
            34.11005305641489,
            29.474159479067836,
            39.53372253269309,
            25.695794359607806,
            32.16597421538157,
            30.68041940282408,
            32.78179917626107,
            34.270689527939,
            36.64806157782301,
            32.07061878650943
        ],
        "r2": [
            0.9807582122579178,
            0.9780753100224931,
            0.9839510801157201,
            0.9811856673614119,
            0.9830985632723486,
            0.9823287695023885,
            0.9785700129456057,
            0.9767025589645815,
            0.9829293753430801,
            0.9772013799483898,
            0.9801979686918539,
            0.9831091921145576,
            0.9766909358850713,
            0.9850049626760241,
            0.9812397198701044,
            0.9824811504510682,
            0.9815202032161018,
            0.9796787736354388,
            0.9792223178333574,
            0.9816656148300199
        ]
    }
}