{
    "kmeans": {
        "mse": [
            4.691409906287278e-06,
            4.807653576122692e-06,
            4.395413080873312e-06,
            5.152682992445356e-06,
            4.882463568183337e-06,
            4.658571364656702e-06,
            5.204417158503136e-06,
            4.9713927569358324e-06,
            4.768100881901444e-06,
            4.635974972317547e-06,
            5.195422175136853e-06,
            4.533609180509741e-06,
            4.7424028328230905e-06,
            4.7018020527426716e-06,
            4.7507803177547555e-06,
            4.554154112330805e-06,
            5.3010664272451206e-06,
            5.4097728394069795e-06,
            5.116056571984331e-06,
            4.701582203466196e-06
        ],
        "r2": [
            0.8948192591093045,
            0.8959156782291344,
            0.8996319629990116,
            0.8822048968459428,
            0.893961771595482,
            0.8941511082535187,
            0.8966683105879182,
            0.8921620527231057,
            0.8921621416332225,
            0.8878029529126116,
            0.8759844278996817,
            0.8946785524409105,
            0.8963621435386995,
            0.8965276532260539,
            0.8998389139027045,
            0.8951846413354206,
            0.8893687043907271,
            0.8871615787774123,
            0.8882356645778299,
            0.8930437935178868
        ]
    },
    "quantile": {
        "mse": [
            4.918306579010657e-06,
            4.8311211455621005e-06,
            4.528511797678246e-06,
            5.199292283594736e-06,
            4.848072448704737e-06,
            4.8120373444808765e-06,
            5.171822717333473e-06,
            5.0619097862356805e-06,
            4.9234130571549736e-06,
            4.8082079782802806e-06,
            5.366102700999434e-06,
            4.544052009068866e-06,
            4.68500897686954e-06,
            4.714017178984072e-06,
            4.8766890327030656e-06,
            4.670294121790013e-06,
            5.412872901801731e-06,
            5.40623339443946e-06,
            5.187967938822123e-06,
            4.759735388633039e-06
        ],
        "r2": [
            0.8897322680726237,
            0.895407612077937,
            0.8965926907651475,
            0.8811393653030692,
            0.894708684159484,
            0.8906641585829786,
            0.8973154606085504,
            0.8901985847151356,
            0.8886495204088689,
            0.8836346744392826,
            0.8719102559945519,
            0.8944359523894578,
            0.8976163972186919,
            0.8962588354910324,
            0.8971843702709548,
            0.8925116407196061,
            0.8870353446210532,
            0.8872354054230027,
            0.8866647034262396,
            0.8917208677854148
        ]
    },
    "linspace": {
        "mse": [
            4.804924692449983e-06,
            4.861456164864955e-06,
            4.378389956881813e-06,
            5.444338347000417e-06,
            5.1081145530987285e-06,
            4.728395263159434e-06,
            5.0902896648748275e-06,
            5.094262363261509e-06,
            4.730358311431152e-06,
            4.730262796333946e-06,
            5.199100873352691e-06,
            4.634396015392384e-06,
            4.854694541341923e-06,
            4.702771973666769e-06,
            4.809083667839987e-06,
            4.652074412327277e-06,
            5.378704832767457e-06,
            5.293444405693593e-06,
            5.151659608649154e-06,
            4.885062836403496e-06
        ],
        "r2": [
            0.8922742737959041,
            0.894750867605805,
            0.9000206813076699,
            0.8755373854493331,
            0.889061042620444,
            0.8925646170965934,
            0.8989342678249763,
            0.8894968024045917,
            0.8930157473075954,
            0.8855210563333367,
            0.8758966167751104,
            0.8923371474097108,
            0.8939081824604203,
            0.896506308219804,
            0.8986096996521901,
            0.892930973340988,
            0.8877484195839136,
            0.8895879869082487,
            0.8874578878515824,
            0.8888697959969154
        ]
    },
    "exact": {
        "mse": [
            4.734773817764639e-06,
            4.745990548253481e-06,
            4.27315588808312e-06,
            5.401104650428099e-06,
            4.889842310791054e-06,
            4.582456271554038e-06,
            5.120765332604131e-06,
            5.156708039912693e-06,
            4.9566151314276255e-06,
            4.670672446777013e-06,
            5.006865244184275e-06,
            4.586020105522341e-06,
            4.742562788817582e-06,
            4.679102090565211e-06,
            4.774013872650455e-06,
            4.730663440476041e-06,
            5.406266023972247e-06,
            5.399179346935811e-06,
            5.1459035546093234e-06,
            4.619579454278806e-06
        ],
        "r2": [
            0.8938470463996466,
            0.8972506651063048,
            0.9024236720429236,
            0.8765257477753163,
            0.8938015187266077,
            0.8958805436575186,
            0.8983291852313788,
            0.8881422496835287,
            0.88789860496652,
            0.8869632257356989,
            0.8804853125010276,
            0.8934609806850635,
            0.8963586479485985,
            0.8970272102749968,
            0.8993490789836792,
            0.8911222209427743,
            0.8871732277176413,
            0.8873825405444153,
            0.8875836334420316,
            0.8949092725406127
        ]
    }
}