{
    "kmeans": {
        "mse": [
            109.23105998976189,
            105.54808295025016,
            91.6721616675445,
            100.1796675107565,
            111.30700152060749,
            99.35499534282593,
            106.30075155244047,
            99.32970583942922,
            96.44258553627634,
            103.32499678357519,
            111.5237423519112,
            92.12189618023343,
            98.46365605725589,
            91.61089057674248,
            96.32710733985053,
            96.9014964578866,
            106.4775543951874,
            107.40809898165534,
            104.82897759601491,
            101.14768034946077
        ],
        "r2": [
            0.9061512497938782,
            0.9091660256330597,
            0.9215185723560757,
            0.9158538738419131,
            0.9052732495663657,
            0.9153102140829972,
            0.9114014656694565,
            0.9152918681465105,
            0.9174563415329521,
            0.9096077475497947,
            0.9040819739980767,
            0.9207647437857907,
            0.9168918675426536,
            0.9212347883388087,
            0.9157109398641731,
            0.9166405608730741,
            0.9092485545694581,
            0.9098646694281954,
            0.9132160496234726,
            0.9155302046988492
        ]
    },
    "quantile": {
        "mse": [
            107.37497594599145,
            103.8378731109851,
            91.40632983224091,
            95.61380035561534,
            106.63276282663244,
            102.38990870125988,
            103.60377487940491,
            101.61781744900925,
            99.31707169606658,
            101.94342985905833,
            110.73958896400075,
            90.62225078959104,
            100.07739005328551,
            87.80883604929674,
            96.92185784495129,
            100.90269783919028,
            107.03866524664016,
            102.5682260480412,
            104.7525820664124,
            108.38930272412598
        ],
        "r2": [
            0.9077459534230631,
            0.9106378207842337,
            0.9217461535712268,
            0.9196889837320145,
            0.9092512153383521,
            0.9127232665247436,
            0.9136493160079062,
            0.9133405721240182,
            0.9149961150414845,
            0.9108163896993741,
            0.904756399402613,
            0.9220546085376574,
            0.9155297972716192,
            0.9245037187871028,
            0.9151905156297633,
            0.9131985304073804,
            0.908770316492848,
            0.9139262211261856,
            0.9132792945963994,
            0.9094826279524243
        ]
    },
    "linspace": {
        "mse": [
            111.005122909033,
            110.6544714717324,
            94.40926831133984,
            97.86392226264346,
            105.8234737698044,
            99.72604746963124,
            110.3472639983272,
            103.06538573255048,
            98.84679397492523,
            110.28425350752406,
            111.12817278972022,
            94.66506963061191,
            100.01075525708963,
            92.27423914591175,
            102.78931273008182,
            100.68968044923437,
            110.9569665550652,
            105.3348061909828,
            109.6734457449673,
            102.3666565933361
        ],
        "r2": [
            0.9046270167801528,
            0.9047715018188605,
            0.9191753087838938,
            0.9177989890198686,
            0.9099399529870851,
            0.9149939307891903,
            0.9080288171545586,
            0.9121060894081693,
            0.9153986181824226,
            0.9035195509832405,
            0.9044221908052932,
            0.918577326805753,
            0.9155860402925495,
            0.9206644545048417,
            0.9100563195419252,
            0.9133817784561732,
            0.9054307252579461,
            0.9116045468939658,
            0.9092054974547816,
            0.9145122211579377
        ]
    },
    "exact": {
        "mse": [
            105.9093935407639,
            104.96343884866364,
            95.74100036090098,
            100.36439146930101,
            112.94458830151655,
            109.49848243915623,
            106.2721571710801,
            103.71439156436121,
            99.26281000895166,
            106.4920337219146,
            113.0216856219609,
            95.64718085849417,
            100.53828726394376,
            89.17800518881276,
            100.672159816533,
            102.81661713846101,
            105.95502173192449,
            111.46607225977269,
            108.32768484530061,
            103.83519245229452
        ],
        "r2": [
            0.909005147255546,
            0.9096691664372591,
            0.9180352000465459,
            0.9156987145575359,
            0.9038795971259137,
            0.9066639477561161,
            0.911425298241114,
            0.9115526188113311,
            0.9150425567471289,
            0.9068371149694798,
            0.9027936406038057,
            0.9177326000035619,
            0.9151407775259951,
            0.9233265345419217,
            0.9119088907877041,
            0.9115520827759886,
            0.9096939122295316,
            0.9064592766659874,
            0.9103196020641524,
            0.9132858270086104
        ]
    }
}