{
    "kmeans": {
        "mse": [
            0.006919950514520775,
            0.006999153939896132,
            0.006491899325645038,
            0.006596609995297118,
            0.006822179655132074,
            0.006637209162518327,
            0.006662043107029824,
            0.006786678975616907,
            0.006700878898616533,
            0.006800861913113682,
            0.0065904652162418345,
            0.006608168168250998,
            0.006582493947396146,
            0.006945781370656537,
            0.006928595153989452,
            0.006833888110634319,
            0.00660451557134159,
            0.0070686415500358455,
            0.006557191569821837,
            0.006608059554163475
        ],
        "r2": [
            0.9784421855519037,
            0.9783294071526065,
            0.9797767862356842,
            0.979416823842188,
            0.9785779347232595,
            0.979150203352328,
            0.9791337224107985,
            0.978773414848342,
            0.9790927081876283,
            0.9788029794636085,
            0.979720847329119,
            0.9792745211867967,
            0.9798682508322103,
            0.9782389185317572,
            0.9784008614328024,
            0.9782625409513781,
            0.9795810423107563,
            0.9780715337353295,
            0.9795619181302442,
            0.9793975973712176
        ]
    },
    "quantile": {
        "mse": [
            0.007539296800080143,
            0.007561494443732743,
            0.007133487438711474,
            0.007252268857232516,
            0.007397607855655873,
            0.007339146415684179,
            0.007331231130874105,
            0.007312531613356649,
            0.007440022047726993,
            0.007419379101800409,
            0.007319229720508971,
            0.007210390578286593,
            0.007304328941858547,
            0.0075194541118470655,
            0.007545396394556841,
            0.007436694264839507,
            0.00717318770246168,
            0.007660911624604015,
            0.0071896016743879815,
            0.007218547762350656
        ],
        "r2": [
            0.9765127277797434,
            0.9765883035556734,
            0.977778145636325,
            0.9773709939592226,
            0.9767710546501988,
            0.9769451727996401,
            0.9770377493225774,
            0.9771287141291376,
            0.9767865209331834,
            0.97687517652948,
            0.977478406748941,
            0.9773857454349937,
            0.9776606071693098,
            0.9764416060925986,
            0.9764780509398608,
            0.9763451150469502,
            0.9778228978929009,
            0.9762341829151177,
            0.9775907618273126,
            0.9774942362162365
        ]
    },
    "linspace": {
        "mse": [
            0.014418323827812883,
            0.014607663879501749,
            0.013884503928607647,
            0.014103007225588753,
            0.014382540452666844,
            0.01405103604085096,
            0.012628070876687424,
            0.014297938679926174,
            0.012983425230729748,
            0.013211483254217043,
            0.01416299300433382,
            0.014056727140108203,
            0.01286285226798422,
            0.014527368991704533,
            0.014274694378876863,
            0.014246581601888578,
            0.014256111243875554,
            0.01439850281580947,
            0.014154630385690852,
            0.014093790657704726
        ],
        "r2": [
            0.9550824028177199,
            0.9547721425900003,
            0.9567477440923169,
            0.9559948697458027,
            0.9548379350885878,
            0.9558607786846218,
            0.9604474441104978,
            0.9552805703683591,
            0.9594906482970434,
            0.9588222661430842,
            0.9564198447321013,
            0.9559132889618334,
            0.9606605463657393,
            0.9544858608013133,
            0.9555001995294488,
            0.9546839984587986,
            0.9559248624433607,
            0.9553327069956404,
            0.9558814941460154,
            0.9560588176732069
        ]
    },
    "exact": {
        "mse": [
            0.006739270860982175,
            0.006850019984875342,
            0.006323183722847602,
            0.006469941924963976,
            0.006646014813929203,
            0.00650351487754629,
            0.006454240855126575,
            0.006661269388534421,
            0.006548996479371235,
            0.0066479563601511225,
            0.006537908477053993,
            0.0064968419921859755,
            0.006433306807534361,
            0.006741535259258555,
            0.00675557336655488,
            0.006698928835350273,
            0.006432372361452221,
            0.006887777683527324,
            0.0063836509434412525,
            0.006465983778204622
        ],
        "r2": [
            0.9790050592946217,
            0.9787911517072669,
            0.9803023599591197,
            0.9798120618821957,
            0.9791311031999758,
            0.979570183887274,
            0.9797845827253016,
            0.979165656368621,
            0.9795665937940352,
            0.9792795576073327,
            0.9798825667378259,
            0.97962367820651,
            0.980324521373856,
            0.978878820082428,
            0.9789402379555873,
            0.9786918239118576,
            0.9801132516577179,
            0.9786326128574149,
            0.9801028261534318,
            0.979840556808267
        ]
    }
}