{
    "kmeans": {
        "mse": [
            0.3648187660125411,
            0.26795184505558256,
            0.28324425197058006,
            0.3082169434596451,
            0.2638557390700314,
            0.3978709980753839,
            0.298361481760211,
            0.3904179671271472,
            0.35807080739854746,
            0.32846244210158937,
            0.26989794427488006,
            0.3860189556794257,
            0.31461490548080673,
            0.43506121756262145,
            0.28522331081859564,
            0.39117538317665257,
            0.267005902796429,
            0.3954971524934028,
            0.3552937064729361,
            0.43399020196506427
        ],
        "r2": [
            0.5351174837846124,
            0.5795986396851573,
            0.6461261167195208,
            0.5560433979645576,
            0.6064744315594023,
            0.5020344997274022,
            0.5645747438550426,
            0.5064415453106178,
            0.5176036777281485,
            0.5596650740433717,
            0.5697731991916688,
            0.5260674165251982,
            0.54825303250903,
            0.502086287127691,
            0.5795780992597069,
            0.5123357284782999,
            0.5733554992964212,
            0.5055078691096977,
            0.5352712908801436,
            0.5058211380199875
        ]
    },
    "quantile": {
        "mse": [
            0.3753348860220413,
            0.2680448192990611,
            0.3114959356613914,
            0.2873896596196892,
            0.24886851863155704,
            0.38811390270625523,
            0.29372493426330326,
            0.3761584570083054,
            0.32686629763443326,
            0.3984167151176538,
            0.2669398438369266,
            0.3920081135735339,
            0.3454653655016682,
            0.4406009561621525,
            0.276741874249055,
            0.37512298754679085,
            0.25859482809452544,
            0.38215333744993324,
            0.3738545304944779,
            0.45294395577632024
        ],
        "r2": [
            0.5217169660857193,
            0.5794527683312037,
            0.610829608679818,
            0.5860430795506062,
            0.6288270037004607,
            0.5142462389599638,
            0.5713412670320922,
            0.5244681280282906,
            0.5596426835266587,
            0.46588476408832535,
            0.5744885151653032,
            0.5187142618890555,
            0.5039556978394372,
            0.4957462326638902,
            0.5920798182578515,
            0.5323476723727332,
            0.5867954222681246,
            0.5221917099248636,
            0.510993495831756,
            0.48423875102994707
        ]
    },
    "linspace": {
        "mse": [
            0.4226990931235238,
            0.3119469649197057,
            0.36163556401499797,
            0.35659257425160223,
            0.3206046601678096,
            0.4738678311090205,
            0.3282607512160963,
            0.4248624045897646,
            0.4071776280565237,
            0.4691356974167718,
            0.33466570065666895,
            0.3941283104381249,
            0.3467641151365427,
            0.42783457952497994,
            0.31070351488169523,
            0.4096304883963953,
            0.31083842004684453,
            0.4495811431615159,
            0.4012143949560898,
            0.49969194525000826
        ],
        "r2": [
            0.4613615407972981,
            0.5105727733610972,
            0.5481871901018985,
            0.4863629954965787,
            0.5218366991678152,
            0.40691874320383237,
            0.5209400997831276,
            0.46289758791595714,
            0.45144651217763665,
            0.3710792891147848,
            0.4665311211590505,
            0.5161112022135474,
            0.5020908586380397,
            0.5103569442942044,
            0.5420200336418793,
            0.4893284130134157,
            0.5033162146176009,
            0.4378863764543932,
            0.4752064434261214,
            0.43100743812620457
        ]
    },
    "exact": {
        "mse": [
            0.3537316152049241,
            0.25103116019999033,
            0.3197402666688201,
            0.3070064696860407,
            0.25157786966335144,
            0.4164339996780015,
            0.24552035259301505,
            0.33834103097999624,
            0.33811897399336366,
            0.36269726388941537,
            0.2534714676129123,
            0.33952249729782835,
            0.29944437347110653,
            0.4131150654922292,
            0.25308527828865945,
            0.3469131898500175,
            0.26519060925309473,
            0.37658772200867974,
            0.3439121971172118,
            0.44832834848225545
        ],
        "r2": [
            0.549245656579669,
            0.606146241659214,
            0.600529475814451,
            0.5577869679881595,
            0.6247861633963997,
            0.47880150605778793,
            0.6416904696078278,
            0.572276148976219,
            0.5444829732707439,
            0.5137700620577448,
            0.5959575798167895,
            0.5831531795920235,
            0.5700359859267434,
            0.5272029594935896,
            0.6269498680099919,
            0.5675158118703021,
            0.5762561280814589,
            0.5291504276347396,
            0.5501584505859243,
            0.48949448157317077
        ]
    }
}