{
    "kmeans": {
        "mse": [
            0.0007207000914162378,
            0.0008639188952222235,
            0.0006998269790440448,
            0.0007520035662065216,
            0.0007092177710128351,
            0.000695550865146687,
            0.0011669799672114727,
            0.0007796240353516564,
            0.0012263338602453019,
            0.0007266993915445675,
            0.0007187302647357788,
            0.0006840784983170249,
            0.0007235265400792289,
            0.0012114152036501776,
            0.0011921388809091491,
            0.0012057490397049007,
            0.0011995031783341619,
            0.0011854000784346944,
            0.0012153076625243974,
            0.0012506903915930744
        ],
        "r2": [
            0.07145035634887242,
            -0.013940896362537147,
            0.0038674621118283126,
            0.04845546404505707,
            0.08313228764446345,
            0.059253728269982764,
            0.05932117713110774,
            0.023785475406095324,
            0.052348457340939514,
            0.05318164241106116,
            0.09023346075262462,
            0.07518473663683922,
            0.07345214081912121,
            0.04489821509899716,
            0.04345420019507007,
            0.04417997626313541,
            0.04707720378482039,
            0.052256626598063294,
            0.04771239812090866,
            0.037533680347025755
        ]
    },
    "quantile": {
        "mse": [
            0.000728739894279109,
            0.0008237200813027791,
            0.0007193841953036348,
            0.0007475839582450148,
            0.0007146957277359129,
            0.0006937632496569409,
            0.0011764343854249895,
            0.0007855979195056479,
            0.0012266965741948488,
            0.0007185272149212769,
            0.0007201433459121594,
            0.0006810016027361146,
            0.0007341767690988353,
            0.0012079254256131637,
            0.0011868481649259602,
            0.0012046922170551727,
            0.0011917060986976825,
            0.0011899723201957166,
            0.001217238724686625,
            0.001244373940245634
        ],
        "r2": [
            0.06109187829085749,
            0.03323855722229019,
            -0.023970246421936237,
            0.05404779631024714,
            0.07605045487834672,
            0.061671513498257724,
            0.051700162849900644,
            0.016305212850134754,
            0.052068169529459474,
            0.06382919067987813,
            0.08844478698363556,
            0.07934443468903818,
            0.05981346089340378,
            0.04764961959022118,
            0.04769935336700659,
            0.04501773952637311,
            0.053271447421444296,
            0.04860105755480626,
            0.046199261478844345,
            0.04239449300098286
        ]
    },
    "linspace": {
        "mse": [
            0.0007266906194022933,
            0.0008462354531461705,
            0.0006648689514269657,
            0.0007575372761625275,
            0.0007164688515027725,
            0.0007013170745393327,
            0.0011750911574005716,
            0.000799663808720621,
            0.0012287833366923689,
            0.0007340039246590143,
            0.0007237192317309488,
            0.0006859924324071669,
            0.0007298370331220848,
            0.0012129380693870343,
            0.0011948809893107097,
            0.0012073159130802577,
            0.0011950698262686147,
            0.0011910747070292237,
            0.0012178710223998525,
            0.0012517795038542892
        ],
        "r2": [
            0.06373216303519713,
            0.006813326294852429,
            0.05362665947420109,
            0.041453407527214936,
            0.0737581830285845,
            0.05145481627092696,
            0.0527829116479569,
            -0.001307539874698671,
            0.05045562031749984,
            0.04366454892392524,
            0.08391844180837038,
            0.07259726244493125,
            0.06537092541741141,
            0.04369756004773662,
            0.04125399322579293,
            0.04293788616187111,
            0.05059919715942296,
            0.0477196843919484,
            0.04570380728928347,
            0.03669555615834852
        ]
    },
    "exact": {
        "mse": [
            0.0007085257492870384,
            0.000858683098901117,
            0.0007569459641921879,
            0.0007577080253971442,
            0.0007095894773672492,
            0.0006968908023058033,
            0.0011655827462369536,
            0.0007619194794324317,
            0.0012247736675097722,
            0.0007300226174200045,
            0.0007183107697440147,
            0.0006824681549963062,
            0.000725014265824063,
            0.0012091438259836686,
            0.001188597997953411,
            0.001205294181507424,
            0.0011911028039401942,
            0.0011856169829278953,
            0.0012154438826885194,
            0.00125619964845828
        ],
        "r2": [
            0.08713577276604079,
            -0.007795888949973628,
            -0.07743560470468469,
            0.041237350704456,
            0.08265175039798,
            0.0574414368187669,
            0.0604474485483788,
            0.045954423329867766,
            0.0535540988881561,
            0.048851803550744255,
            0.09076445621171947,
            0.07736178223309664,
            0.07154695969919511,
            0.046689010572696255,
            0.04629532615208043,
            0.04454055094227061,
            0.053750723623151364,
            0.05208320852611259,
            0.04760565908073022,
            0.03329404261196389
        ]
    }
}