{
    "kmeans": {
        "mse": [
            0.05419416066781419,
            0.054209753577829645,
            0.05651184383535017,
            0.05361270856154581,
            0.05485776655461872,
            0.05641930988172839,
            0.056396914824062165,
            0.05593498704609481,
            0.054573013398066014,
            0.053701796462234545,
            0.056316604366574374,
            0.05524362636003675,
            0.05629188998832295,
            0.05528850045997065,
            0.05553083226872151,
            0.05489585838901718,
            0.05623842024510538,
            0.0556049228009525,
            0.05487476505872577,
            0.05442955890185133
        ],
        "r2": [
            0.9475623069306699,
            0.9463376251874067,
            0.9450501394675962,
            0.9469700078806219,
            0.9460685258529575,
            0.9441592864626257,
            0.9454445241758782,
            0.9452828848568274,
            0.9474580867836218,
            0.946915348777643,
            0.9456552646270613,
            0.9460290078280386,
            0.9451742346752926,
            0.9466255785142934,
            0.9459474503535286,
            0.9468677090312753,
            0.9453275054195166,
            0.945880923107545,
            0.9467147326137081,
            0.9462913544682688
        ]
    },
    "quantile": {
        "mse": [
            0.05364871801955312,
            0.0541983986165121,
            0.0562399841172846,
            0.05358493383441089,
            0.05448115205892645,
            0.0561023164723667,
            0.056558758192274884,
            0.05550658372691947,
            0.05442553298655212,
            0.053519587597300536,
            0.05559976243337804,
            0.055148727326578974,
            0.056266297920183464,
            0.05519487384588551,
            0.05543283677569474,
            0.05457228186693035,
            0.055824318033887835,
            0.05495957713979095,
            0.05485695625674813,
            0.05398522844963342
        ],
        "r2": [
            0.9480900714319369,
            0.9463488654928867,
            0.945314485002589,
            0.9469974807242928,
            0.946438781082317,
            0.9444730290128716,
            0.9452879652224431,
            0.9457019605549003,
            0.9476000782643992,
            0.9470954636840679,
            0.9463470070643397,
            0.9461217206951935,
            0.9451991601969314,
            0.9467159637900902,
            0.9460428371150006,
            0.9471808904337835,
            0.945730077198736,
            0.946509024176647,
            0.9467320255674765,
            0.9467297998137503
        ]
    },
    "linspace": {
        "mse": [
            0.05734510144492236,
            0.057594077280945656,
            0.05939841993384783,
            0.05630319650345206,
            0.05747224240555349,
            0.0586181242967997,
            0.05920289031141195,
            0.05871901748340302,
            0.057718107006389026,
            0.05687911955320744,
            0.05853293828645591,
            0.05819739464185301,
            0.05903421816700451,
            0.05803464723725936,
            0.058729528651571015,
            0.05755106461623736,
            0.05946938032040403,
            0.057836528403587655,
            0.057865608324667375,
            0.05743515808153411
        ],
        "r2": [
            0.9445134901704583,
            0.9429874744293331,
            0.9422433481250458,
            0.9443087628477809,
            0.94349819633321,
            0.941983021525475,
            0.9427301677551281,
            0.9425594710858588,
            0.9444300473711646,
            0.9437745397318292,
            0.9435165333997659,
            0.9431432847986211,
            0.9425033305504016,
            0.9439745028957977,
            0.942833906256057,
            0.9442978031406177,
            0.9421865095231766,
            0.9437089493124374,
            0.9438105218537052,
            0.9433255641108064
        ]
    },
    "exact": {
        "mse": [
            0.053232142237502354,
            0.05319621647500525,
            0.055977126744014616,
            0.053270810102801706,
            0.054020099245373245,
            0.05599284666837966,
            0.05585691650796937,
            0.05509471755026057,
            0.05400553065847273,
            0.053053188290045517,
            0.05504491840321354,
            0.054224035187390045,
            0.05574082045855557,
            0.054485202158610226,
            0.05533159162591989,
            0.054320749217250955,
            0.05572301032467245,
            0.05515748225455057,
            0.054448195783815295,
            0.0536570182526182
        ],
        "r2": [
            0.9484931457249994,
            0.9473409281782633,
            0.9455700770169494,
            0.9473081902455739,
            0.9468920488592654,
            0.9445813761723502,
            0.9459668907835299,
            0.9461048591734921,
            0.9480044489322174,
            0.947556503094051,
            0.9468824237914611,
            0.9470251109230614,
            0.9457109515757713,
            0.9474010667579401,
            0.9461413870243228,
            0.9474243424231156,
            0.9458285640544993,
            0.9463164073797237,
            0.9471289459200987,
            0.9470536629037153
        ]
    }
}