{
    "kmeans": {
        "mse": [
            0.05275744656138037,
            0.053905794834076724,
            0.05132345565981318,
            0.0522006059726525,
            0.049789069418943156,
            0.05220114266357366,
            0.053233028522508684,
            0.0556979733628076,
            0.051134980286485415,
            0.05165755229041422,
            0.05256941230941371,
            0.04940488203097432,
            0.052289792770848637,
            0.056836119944725996,
            0.051844363815736795,
            0.056646970550803116,
            0.05318786314744812,
            0.05536946360379858,
            0.05414623030726811,
            0.05034409369303661
        ],
        "r2": [
            0.8349838284732974,
            0.8361054006773523,
            0.8411849866064461,
            0.8358017338712266,
            0.841361024342351,
            0.8417727867950998,
            0.8327627142895005,
            0.8284596159370422,
            0.8429031745085472,
            0.8387321597840834,
            0.8386504880486723,
            0.8455596539302987,
            0.8416989049657898,
            0.8256968554660175,
            0.8350720587663474,
            0.8239949925914236,
            0.8355393194324994,
            0.8280875940635403,
            0.8291424942486187,
            0.8433154474584172
        ]
    },
    "quantile": {
        "mse": [
            0.05383157522296276,
            0.05464634428381425,
            0.05161353669550414,
            0.05194232962733927,
            0.04905277743577042,
            0.05159110553534384,
            0.05243167603766704,
            0.0556747584177532,
            0.05184806870675128,
            0.0515944764596399,
            0.05207290561440659,
            0.04995074167363343,
            0.05169321290014128,
            0.057836815789854154,
            0.05045636767650333,
            0.05454672732184302,
            0.05379433813414926,
            0.05541374435478465,
            0.05391805557996453,
            0.0509610262607108
        ],
        "r2": [
            0.8316241397276489,
            0.8338538420885786,
            0.8402873614762555,
            0.8366141483498004,
            0.8437070132784492,
            0.8436218741871787,
            0.8352802493270874,
            0.8285311140607656,
            0.8407124251136934,
            0.8389290739340535,
            0.840174399186359,
            0.843853289120746,
            0.8435049791880038,
            0.8226279543394529,
            0.8394875695149728,
            0.8305205547084907,
            0.8336640553561154,
            0.827950110151954,
            0.8298624957069171,
            0.8413953850196384
        ]
    },
    "linspace": {
        "mse": [
            0.05329838027488541,
            0.054777897424492315,
            0.05328482247016142,
            0.05274705191121246,
            0.05162818119499739,
            0.053149070337974696,
            0.05328162734164322,
            0.05541564992868944,
            0.0510430729979282,
            0.05180782163737777,
            0.052303092255687675,
            0.04997976104881584,
            0.054147757286257335,
            0.05879323578174118,
            0.05163289992491659,
            0.05613241559176258,
            0.05591157843475251,
            0.055828934355801045,
            0.05361615193155959,
            0.052765285333227926
        ],
        "r2": [
            0.8332918813403278,
            0.833453869333378,
            0.8351157441470177,
            0.8340828749811274,
            0.8355012078870919,
            0.838899517234567,
            0.8326100358711129,
            0.8293291245994695,
            0.843185531970914,
            0.8382630393561694,
            0.8394678951453814,
            0.8437625741516649,
            0.8360741395624762,
            0.8196948369443317,
            0.8357447703513944,
            0.8255937409180765,
            0.8271173967735576,
            0.8266610185236473,
            0.8308151475175969,
            0.8357800386163414
        ]
    },
    "exact": {
        "mse": [
            0.053111476779075524,
            0.05271305522713244,
            0.05231780154330138,
            0.052667975096730255,
            0.051140785248442566,
            0.05238076025257696,
            0.05206504888857735,
            0.05610927706964137,
            0.05133258296321423,
            0.05115852534829649,
            0.05224803094925072,
            0.04981773230100881,
            0.05242683505415824,
            0.05666770813206262,
            0.05080067459520391,
            0.0541837543940229,
            0.054103568440809005,
            0.055654144914842996,
            0.05454932910235726,
            0.05288899166868495
        ],
        "r2": [
            0.833876483161184,
            0.8397317933607009,
            0.8381080882804502,
            0.834331613009873,
            0.8370541590589756,
            0.8412283467866936,
            0.836432047956309,
            0.8271928697418585,
            0.8422960998006116,
            0.8402900539079174,
            0.8396368929433541,
            0.8442690782633206,
            0.8412840258399732,
            0.8262133352776662,
            0.8383922560213863,
            0.8316483299845365,
            0.8327078931101464,
            0.8272037088690405,
            0.8278705228794304,
            0.8353950307555221
        ]
    }
}