{
    "kmeans": {
        "mse": [
            0.006764469863686849,
            0.00687842753844408,
            0.00635615185161643,
            0.006480038353410166,
            0.006665051452893728,
            0.00649789501544363,
            0.006505262961679565,
            0.006656101273708513,
            0.006570413340677094,
            0.006661553506438877,
            0.006518706222959671,
            0.006463272500635358,
            0.006438921413092291,
            0.00680429148617043,
            0.00675525036181657,
            0.006712389974716329,
            0.006453247438743412,
            0.006918624830152386,
            0.0064159360998005815,
            0.006481989076292645
        ],
        "r2": [
            0.9789265565042556,
            0.978703197001246,
            0.9801996594269554,
            0.979780558342435,
            0.9790713269784216,
            0.9795878378407896,
            0.9796247756779114,
            0.9791818205970778,
            0.9794997714300138,
            0.9792371778335951,
            0.9799416529221281,
            0.9797289636302746,
            0.9803073497924354,
            0.9786822052894202,
            0.9789412448875765,
            0.9786490062711558,
            0.9800487128864236,
            0.9785369182873421,
            0.9800021966900673,
            0.979790655987504
        ]
    },
    "quantile": {
        "mse": [
            0.006854064020606436,
            0.006961539913188755,
            0.006457513438423228,
            0.006550469520469212,
            0.006751334081942565,
            0.006618334707338528,
            0.0066263542216968415,
            0.006717974444756523,
            0.006690853675048156,
            0.0067366608510766755,
            0.0065965450425177555,
            0.006554272956694652,
            0.006564192564387974,
            0.006910511001062435,
            0.00683590036930579,
            0.006767297298059752,
            0.00652608588818605,
            0.006978022873443225,
            0.006483631115776743,
            0.006547510646443647
        ],
        "r2": [
            0.9786474426281588,
            0.9784458666940206,
            0.9798839032923237,
            0.9795607943849463,
            0.9788003941966467,
            0.9792094946210975,
            0.9792455040634002,
            0.978988300889048,
            0.9791239877074942,
            0.9790030822223239,
            0.9797021394350302,
            0.9794435550304889,
            0.9799242233640636,
            0.9783494203378456,
            0.9786898272988027,
            0.9784743552272223,
            0.9798235207127882,
            0.978352652614897,
            0.9797911983893522,
            0.9795863748731987
        ]
    },
    "linspace": {
        "mse": [
            0.0073469331215089044,
            0.007465254599805453,
            0.006951810419245786,
            0.007049277862610043,
            0.00728943530844167,
            0.007098199833733782,
            0.006928468458210234,
            0.00727858154589929,
            0.007053471069973856,
            0.007140743833670468,
            0.007018782370384333,
            0.0070707159605651135,
            0.006833622309916593,
            0.0073201707595394894,
            0.007325765655786574,
            0.007278970213346445,
            0.0070676575438827745,
            0.007545401983446306,
            0.006991733548000008,
            0.007013120967879793
        ],
        "r2": [
            0.9771120009220138,
            0.9768862787811584,
            0.9783440960641459,
            0.9780043798049437,
            0.9771107231263625,
            0.9777020703319624,
            0.9782992478742011,
            0.9772348992014502,
            0.9779925916911419,
            0.9777436307895679,
            0.9784028965205772,
            0.9778238128776833,
            0.9791002055831631,
            0.977065959355883,
            0.9771627257772387,
            0.9768468089662548,
            0.9781491619193363,
            0.9765925189902236,
            0.97820749612941,
            0.9781347094891752
        ]
    },
    "exact": {
        "mse": [
            0.006739270860982175,
            0.006850019984875342,
            0.006323183722847602,
            0.006469941924963976,
            0.006646014813929203,
            0.00650351487754629,
            0.006454240855126575,
            0.006661269388534421,
            0.006548996479371235,
            0.0066479563601511225,
            0.006537908477053993,
            0.0064968419921859755,
            0.006433306807534361,
            0.006741535259258555,
            0.00675557336655488,
            0.006698928835350273,
            0.006432372361452221,
            0.006887777683527324,
            0.0063836509434412525,
            0.006465983778204622
        ],
        "r2": [
            0.9790050592946217,
            0.9787911517072669,
            0.9803023599591197,
            0.9798120618821957,
            0.9791311031999758,
            0.979570183887274,
            0.9797845827253016,
            0.979165656368621,
            0.9795665937940352,
            0.9792795576073327,
            0.9798825667378259,
            0.97962367820651,
            0.980324521373856,
            0.978878820082428,
            0.9789402379555873,
            0.9786918239118576,
            0.9801132516577179,
            0.9786326128574149,
            0.9801028261534318,
            0.979840556808267
        ]
    }
}