{
    "kmeans": {
        "mse": [
            0.00039160523560699675,
            0.0007086162982867214,
            0.00029208882797652423,
            0.00033975733282425345,
            0.00028791984832258214,
            0.00033637881406447704,
            0.00031335847387977577,
            0.00033307145596695223,
            0.0006187627422891396,
            0.0007322602049320851,
            0.0004712614117905907,
            0.0005120345172530302,
            0.0004960998313303073,
            0.00034164824638770387,
            0.0003223159296149943,
            0.0008277222239385791,
            0.0004711237448877593,
            0.0005781629675108705,
            0.0004331486443543543,
            0.00037054575826207407
        ],
        "r2": [
            0.8844210853776749,
            0.7933943139902642,
            0.9016939347085574,
            0.8776601075988815,
            0.8940158573333843,
            0.8925349935953252,
            0.881536325851854,
            0.8752990516178785,
            0.7781329006877475,
            0.7317763273809833,
            0.8676947710796822,
            0.7755678675740962,
            0.8550229213156538,
            0.8622736447004903,
            0.8622539179089952,
            0.7377667395108586,
            0.8212406641731721,
            0.8138630559770372,
            0.8572027518264274,
            0.8303127762379032
        ]
    },
    "quantile": {
        "mse": [
            0.0007220326343657701,
            0.0009232376913976923,
            0.00041968827696815743,
            0.0003760175086789803,
            0.00038316246022372804,
            0.00041039779134548004,
            0.0004593512419684425,
            0.0003482285667168697,
            0.0005976252675222578,
            0.0006165596300065454,
            0.0003897034519843934,
            0.0003606651457057998,
            0.0005727371752958964,
            0.0004245168823319899,
            0.0004091630931474523,
            0.0008768390474422871,
            0.0004287207083418746,
            0.00046651029602646257,
            0.0006650216244111692,
            0.00032688036019275403
        ],
        "r2": [
            0.7868982827245868,
            0.7308188408276138,
            0.8587487804874183,
            0.8646035357932406,
            0.8589567718744244,
            0.8688876961586747,
            0.8263444572781098,
            0.8696242750755288,
            0.7857120742429687,
            0.774156935970164,
            0.8905919238540492,
            0.8419152517750055,
            0.8326269083670806,
            0.8288673699195663,
            0.8251386052044619,
            0.722205885398522,
            0.8373297251305835,
            0.8498091269465804,
            0.7807605791231667,
            0.8503088496178859
        ]
    },
    "linspace": {
        "mse": [
            0.00048815371651764487,
            0.0009050684717256292,
            0.00036192594301091944,
            0.00032804331228436506,
            0.00039338808311901454,
            0.0004905060546122143,
            0.0002940035790662128,
            0.0003482487577597844,
            0.0005264618215991144,
            0.0005822724958339252,
            0.0004920372364284462,
            0.00034723304743771626,
            0.0005661855278190289,
            0.0003114732929314687,
            0.0003423927992765519,
            0.0009126290983379877,
            0.0004412536196528209,
            0.00042658777121383734,
            0.0004512559868118825,
            0.00024538949868336656
        ],
        "r2": [
            0.8559256322594593,
            0.736116297439442,
            0.8781894000164978,
            0.8818780945971951,
            0.8551926900228155,
            0.84329501711624,
            0.8888533513784886,
            0.869616715609969,
            0.8112288454461293,
            0.7867161614878393,
            0.861862020580812,
            0.8478027346607941,
            0.8345415204104246,
            0.8744378703471909,
            0.8536737954811813,
            0.710867127699359,
            0.832574339892136,
            0.8626620026648151,
            0.8512332568080931,
            0.8876266646061483
        ]
    },
    "exact": {
        "mse": [
            0.0005186238087289282,
            0.0008956537748383788,
            0.0004918245961268724,
            0.0002888627210699662,
            0.0003610135142210989,
            0.00039119007164503347,
            0.0004045419566257454,
            0.0002466335013517136,
            0.0004599593490729625,
            0.0006754677364692795,
            0.0003887489147770981,
            0.00048286522109854623,
            0.0005552597651818926,
            0.0003282886412268568,
            0.00042667789967079677,
            0.0008728344150281982,
            0.00044271520071448615,
            0.0005352579130626487,
            0.0005396610289970537,
            0.0002524531903937929
        ],
        "r2": [
            0.8469326468087832,
            0.7388612666331608,
            0.8344704205438777,
            0.8959862501844102,
            0.8671098640170258,
            0.8750241043815541,
            0.8470648457799415,
            0.9076611610800611,
            0.8350743514342313,
            0.7525791572570193,
            0.8908599073141086,
            0.7883531918378479,
            0.8377343962178666,
            0.8676592123025437,
            0.8176534151921205,
            0.7234746054891945,
            0.8320197695426781,
            0.827676143578468,
            0.8220885349827988,
            0.8843919271705469
        ]
    }
}