{
    "kmeans": {
        "mse": [
            0.003941079500887878,
            0.0009432002631389004,
            0.003552949226276224,
            0.000915851853930659,
            0.0018876036651621715,
            0.001195537353731762,
            0.0010456897514509067,
            0.00042591126723545144,
            0.00796268212290969,
            0.0005691544566177028,
            0.0007566163247255387,
            0.0004065745377068953,
            0.0005925328998471379,
            0.0007708220261082265,
            0.003874220736038033,
            0.0006559087914506408,
            0.001575592460100409,
            0.000418758327719135,
            0.0006034196784203901,
            0.000996420607053047
        ],
        "r2": [
            0.9939021069698014,
            0.9984773978828996,
            0.9946361161713018,
            0.9985819766520592,
            0.9969890614926495,
            0.9980836913818855,
            0.9983196395966111,
            0.9993260326678719,
            0.9877198062809073,
            0.9991112388890475,
            0.998820642924174,
            0.9993514833969154,
            0.9990788879995922,
            0.9987529094795267,
            0.9939581713172916,
            0.9989577903016107,
            0.9975571396445869,
            0.9993483558607105,
            0.9990452156466668,
            0.998528053250619
        ]
    },
    "quantile": {
        "mse": [
            0.005374615050640922,
            0.001514295752318369,
            0.006918344803364855,
            0.0025512507567520652,
            0.001803852237681949,
            0.002033344406004852,
            0.005637832495967278,
            0.00554768754407549,
            0.02022728657963696,
            0.0024953676433637716,
            0.004977887825073768,
            0.001685534542992375,
            0.005200888229757746,
            0.00385589305691136,
            0.007778175283335196,
            0.005015302192796859,
            0.0016829699920155189,
            0.00133305806219857,
            0.001597178105670451,
            0.0038641851878637172
        ],
        "r2": [
            0.9916840480761882,
            0.9975554821086214,
            0.9895553818957834,
            0.9960498708126216,
            0.9971226543663549,
            0.9967407832163006,
            0.9909403429898611,
            0.991221269637147,
            0.9688051094122065,
            0.9961033675601337,
            0.9922408398585663,
            0.9973114471398817,
            0.9919150471434656,
            0.9937616628529526,
            0.9878699728983314,
            0.9920309093980494,
            0.9973906573070409,
            0.9979255828097895,
            0.9974728025629319,
            0.9942916928995432
        ]
    },
    "linspace": {
        "mse": [
            0.016668998905974067,
            0.017404330392809,
            0.017958910730924676,
            0.020506664244812983,
            0.024457860335755695,
            0.023172700086392405,
            0.021443537857258204,
            0.018308588157148798,
            0.016716029816917662,
            0.019028390381549017,
            0.019932017089483316,
            0.01816755732501379,
            0.01897694998933096,
            0.018429804428878923,
            0.017465669723926932,
            0.01808903777067504,
            0.021174507153864753,
            0.019996222203321864,
            0.018877464308954983,
            0.01927712646984279
        ],
        "r2": [
            0.9742086470911768,
            0.9719043014103751,
            0.9728874507583092,
            0.9682493095769508,
            0.960986983204444,
            0.9628568319158504,
            0.9655415271365994,
            0.9710282604275762,
            0.974220233685422,
            0.9702862848941841,
            0.9689314588890314,
            0.971021395906361,
            0.9704997032724738,
            0.9701829558329124,
            0.9727623717153898,
            0.9712573289993066,
            0.9671702135028688,
            0.9688831955230616,
            0.9701303948191119,
            0.9715231665786076
        ]
    },
    "exact": {
        "mse": [
            0.0032888174673933487,
            0.0007533103043949392,
            0.004405727498735534,
            0.0008323498697607552,
            0.0013014141679207512,
            0.0015662211162109762,
            0.0011819824857357546,
            0.0007056642599432611,
            0.0075028885808481535,
            0.0009380833760938275,
            0.0005740246725703445,
            0.0008178155278246503,
            0.0008138554744232413,
            0.0004023640788832781,
            0.0039345714384553445,
            0.0005991577407337969,
            0.001535298255684413,
            0.0003805716528921767,
            0.0005740903516668045,
            0.0006782326562152624
        ],
        "r2": [
            0.9949113289626623,
            0.9987839360217223,
            0.9933486776818123,
            0.9987112636788246,
            0.997924099161003,
            0.997489528023947,
            0.9981006253874309,
            0.9988833480228425,
            0.9884289082744501,
            0.9985351392512011,
            0.9991052531683875,
            0.9986955234554383,
            0.9987348347335949,
            0.9993490268679948,
            0.9938640546859148,
            0.9990479651799197,
            0.9976196133597217,
            0.9994077794499331,
            0.9990916231194086,
            0.9989980914218618
        ]
    }
}