{
    "kmeans": {
        "mse": [
            9951.043830643914,
            9798.372317478952,
            9811.840586352293,
            9609.238109828648,
            9703.881911422513,
            9702.061595516265,
            9491.042502674845,
            9935.650806026226,
            9585.8114854456,
            9354.638125607693,
            9717.289778055343,
            9313.016820939807,
            9527.083849512128,
            9722.797482621221,
            9462.816924584331,
            9481.048358967433,
            9937.760300334727,
            9686.379837431241,
            9682.056314800519,
            10029.911756478186
        ],
        "r2": [
            0.7017887189138758,
            0.7063006847421396,
            0.7070130329741762,
            0.7039545970348905,
            0.7032173999988136,
            0.7121680461276163,
            0.7098176984255484,
            0.6960950674952499,
            0.7143522411341756,
            0.7054471055063409,
            0.6993729644462141,
            0.7115077137575738,
            0.7216543100456891,
            0.7151693018289185,
            0.7094826910496272,
            0.7171764098342673,
            0.7073593476873634,
            0.6913729538504707,
            0.7000417072481495,
            0.6895007721458142
        ]
    },
    "quantile": {
        "mse": [
            9875.944457495845,
            9807.421746098678,
            9880.666973025282,
            9599.90426819166,
            9721.037866164803,
            9695.306344778417,
            9504.599719300659,
            9929.405062562324,
            9669.450517182886,
            9378.352993394023,
            9660.83748810692,
            9283.473874408843,
            9613.84229513352,
            9880.898260369131,
            9535.363333357425,
            9470.334343470735,
            9988.201857862576,
            9639.060354724832,
            9625.667008286458,
            10123.475061002995
        ],
        "r2": [
            0.7040392848501131,
            0.7060294344872022,
            0.7049578391392178,
            0.7042421579088174,
            0.7026927039132269,
            0.7123684547726893,
            0.7094031955590495,
            0.6962861080504079,
            0.7118598802103521,
            0.704700386835324,
            0.7011194477728453,
            0.7124228750152979,
            0.7191195533680635,
            0.7105377176590517,
            0.7072554486102203,
            0.7174960133436199,
            0.7058739777596827,
            0.6928806453118945,
            0.7017886956524167,
            0.6866043026138988
        ]
    },
    "linspace": {
        "mse": [
            9989.628655207924,
            9860.092625528043,
            9688.331031625397,
            9630.734942990703,
            9775.832737968623,
            9649.774254513863,
            9489.65975866376,
            9926.395100089161,
            9689.039343439857,
            9404.962025113202,
            9642.084544683834,
            9278.190068905731,
            9637.925700571668,
            9906.102531041326,
            9478.762202880434,
            9447.973377405668,
            9966.787389962792,
            9628.704530002793,
            9711.532176769755,
            10062.93025840376
        ],
        "r2": [
            0.7006324150969554,
            0.7044506619399661,
            0.7107010963420703,
            0.7032923136609959,
            0.701016862773659,
            0.7137192594831847,
            0.7098599749025015,
            0.6963781747363358,
            0.7112761524448299,
            0.7038625385714662,
            0.7016996138395115,
            0.7125865531401161,
            0.718415926507104,
            0.7097993550607063,
            0.7089931561280528,
            0.7181630502010066,
            0.7065045769757767,
            0.6932106021841261,
            0.6991285201165931,
            0.6884786076839812
        ]
    },
    "exact": {
        "mse": [
            9941.652353700481,
            9820.803283804327,
            9791.613963170481,
            9664.400079246423,
            9868.356143517794,
            9676.897716511412,
            9489.9276159876,
            9855.035329005575,
            9628.369387623263,
            9344.444714954161,
            9702.202897966044,
            9325.183902731646,
            9609.535579443398,
            9881.08770171703,
            9524.457603382687,
            9541.116675109066,
            9950.926473234433,
            9624.63406736207,
            9659.774095973446,
            9977.687045769011
        ],
        "r2": [
            0.7020701611844814,
            0.7056283323108503,
            0.7076170110888895,
            0.7022551441461197,
            0.6981871357519891,
            0.7129145852409448,
            0.709851785343272,
            0.698560878903189,
            0.713084057486131,
            0.7057680691366219,
            0.6998397122885234,
            0.7111308101923259,
            0.7192453794622955,
            0.7105321679485408,
            0.7075902646961332,
            0.7153845471432265,
            0.7069716388566623,
            0.6933402951016403,
            0.7007320292314947,
            0.6911175094356147
        ]
    }
}