{
    "kmeans": {
        "mse": [
            0.0040367062998296534,
            0.0007323882606017742,
            0.005015204356052616,
            0.0008567954351498319,
            0.0009062805748373056,
            0.0023871405302466615,
            0.0007961536469398501,
            0.0010284149156996017,
            0.013236501801218664,
            0.0007833431727899644,
            0.0011292677478307457,
            0.001156698072713651,
            0.0008173452108824542,
            0.0007098432245707893,
            0.004974962971439231,
            0.001134076780182659,
            0.0016101965092403842,
            0.0009210134783829779,
            0.0011571676941135793,
            0.001055742556675522
        ],
        "r2": [
            0.9937541470033414,
            0.9988177103424244,
            0.9924285510909927,
            0.9986734143450852,
            0.9985543813398948,
            0.9961736887965204,
            0.998720629076191,
            0.9983726233364197,
            0.9795864253058129,
            0.9987767732635475,
            0.9982397816893664,
            0.998154980611571,
            0.9987294098227897,
            0.9988515653076834,
            0.9922415690730642,
            0.9981980027796084,
            0.9975034881693982,
            0.9985667794628373,
            0.9981690262216597,
            0.9984404208288328
        ]
    },
    "quantile": {
        "mse": [
            0.00850378815738344,
            0.0031449333503834162,
            0.010949202300595656,
            0.002658195750434381,
            0.005399514356534808,
            0.0057018180677854795,
            0.0036912494780134853,
            0.005249825593250788,
            0.02759282550041914,
            0.0027463452441195387,
            0.006332209529064955,
            0.007786268104752855,
            0.003653151561231828,
            0.005618307881601717,
            0.010491315483755377,
            0.005579211681163583,
            0.0032098135147552,
            0.0031620258852204613,
            0.00269719558665241,
            0.005973474987690882
        ],
        "r2": [
            0.9868423891161009,
            0.9949231543240905,
            0.9834700004371117,
            0.9958842867202424,
            0.9913871720016578,
            0.990860642649004,
            0.9940683845726923,
            0.9916926101246688,
            0.9574458408395625,
            0.9957114543831774,
            0.9901298242323491,
            0.9875803237200249,
            0.9943210550110764,
            0.9909103032049806,
            0.983638843750055,
            0.9911348824725835,
            0.9950233792163712,
            0.9950794634996065,
            0.9957322569413772,
            0.9911757775497587
        ]
    },
    "linspace": {
        "mse": [
            0.0275739990875793,
            0.027986336362989594,
            0.03251418986947852,
            0.03683434209092818,
            0.03975898893422768,
            0.04049227289049808,
            0.03360918832822151,
            0.032911176291098375,
            0.041225895216967345,
            0.03779430301578707,
            0.036003074181758056,
            0.034098431340798055,
            0.028253972562707726,
            0.033060328319722034,
            0.03345084627821069,
            0.034798097857264496,
            0.03741828497197771,
            0.03528925847312069,
            0.03106479193467369,
            0.03516276990463963
        ],
        "r2": [
            0.9573357257033327,
            0.9548218372476259,
            0.9509133606654699,
            0.9429689890708786,
            0.9365799754446335,
            0.9350955524184159,
            0.9459920600939018,
            0.9479209417818747,
            0.936420671867486,
            0.9409824409781445,
            0.9438810941554235,
            0.9456104679147685,
            0.9560782646948078,
            0.9465126570663489,
            0.9478335654381832,
            0.9447073807440028,
            0.9419852231840671,
            0.9450851793464358,
            0.9508465196951812,
            0.9480563483994542
        ]
    },
    "exact": {
        "mse": [
            0.004123893571368005,
            0.000599277799200691,
            0.004343682997942685,
            0.0009220307078622898,
            0.0031354397738665263,
            0.0020189441996837725,
            0.0008751535593626926,
            0.0008517542459576458,
            0.01178898756381733,
            0.0005932145683091185,
            0.0015626789359806765,
            0.0008301502649922653,
            0.0009234467910370258,
            0.0008604283630429044,
            0.004748828353284982,
            0.0008889936337900909,
            0.0020322396585848355,
            0.0004680942960895427,
            0.000570157988636283,
            0.0009754895352317812
        ],
        "r2": [
            0.9936192452193718,
            0.9990325897039536,
            0.9934423462014752,
            0.998572409865574,
            0.9949986236375518,
            0.9967638650877197,
            0.9985936809785144,
            0.9986521733963437,
            0.9818188081853567,
            0.9990736679074838,
            0.9975642126660941,
            0.998675848632974,
            0.998564471405416,
            0.9986079379950845,
            0.9925942249270295,
            0.9985874289245411,
            0.9968491359152997,
            0.9992715824749252,
            0.9990978452543959,
            0.9985589733489292
        ]
    }
}