{
    "kmeans": {
        "mse": [
            0.35848866143619523,
            0.2626816018411468,
            0.28567609213924366,
            0.3164356851939434,
            0.25292451478487854,
            0.40977844461263696,
            0.284258684349047,
            0.36323790808943945,
            0.4184024705129494,
            0.38083325300043686,
            0.28129585196657153,
            0.37040780628773723,
            0.3145008648079101,
            0.4012958540039167,
            0.27191554210388535,
            0.3715539512560388,
            0.2890160782996119,
            0.35001943647315303,
            0.35381017036939894,
            0.4925228191996333
        ],
        "r2": [
            0.5431838312905877,
            0.5878673545957759,
            0.6430878742202808,
            0.5442050979268971,
            0.622777720112943,
            0.4871314341594791,
            0.5851562014174894,
            0.5408020232254274,
            0.4363243000140694,
            0.48945705576315623,
            0.5516045340864952,
            0.5452339166500219,
            0.548416780402897,
            0.5407296707650251,
            0.5991938782140754,
            0.5367970614642193,
            0.5381857886660419,
            0.5623688921565133,
            0.5372117750648305,
            0.43917082646290884
        ]
    },
    "quantile": {
        "mse": [
            0.37449223725692693,
            0.28014639536546554,
            0.28986446347565265,
            0.2992338431774686,
            0.25003977989797466,
            0.39760733803227166,
            0.29108754877813814,
            0.3580124245880424,
            0.3279893336766842,
            0.3618447800146123,
            0.29167239061362865,
            0.38706095185795775,
            0.33691661951839225,
            0.3824522053553827,
            0.28550608062670285,
            0.36010671424376606,
            0.25339448170284173,
            0.37083134021770064,
            0.3474921234535842,
            0.4297127758238522
        ],
        "r2": [
            0.522790739462275,
            0.5604660767515484,
            0.6378550929047764,
            0.568982682327881,
            0.6270801352893965,
            0.5023644901160089,
            0.5751902365560938,
            0.5474079732049644,
            0.5581297189247787,
            0.5149128972065333,
            0.5350639671044779,
            0.5247881116268329,
            0.5162306091882611,
            0.5622956267360428,
            0.5791612938455379,
            0.55106791985309,
            0.5951049733549303,
            0.5363476614962068,
            0.5454758611824633,
            0.510691786189224
        ]
    },
    "linspace": {
        "mse": [
            0.39923680627902686,
            0.28560264784904227,
            0.3078663069633626,
            0.3506810064793244,
            0.2897197083379232,
            0.4360835018034757,
            0.3093983721717908,
            0.4109874205547506,
            0.4499638443094385,
            0.427210356103477,
            0.303769921946899,
            0.39164074967068985,
            0.3175861919450963,
            0.4154320490870551,
            0.28627848562157326,
            0.39749991159105336,
            0.31605589759267305,
            0.38659334330326556,
            0.38587459495648163,
            0.4801940193218591
        ],
        "r2": [
            0.4912591446504452,
            0.5519055237691977,
            0.6153643195991101,
            0.49487803529751784,
            0.5678998178551469,
            0.4542086752072082,
            0.5484676351017477,
            0.4804380605779931,
            0.39380452367182384,
            0.4272841688714366,
            0.5157800773469083,
            0.5191652908372163,
            0.5439866432617103,
            0.5245512455329033,
            0.5780227614613764,
            0.504451166528413,
            0.4949792899310732,
            0.5166403476919424,
            0.4952710978855094,
            0.4532094666570675
        ]
    },
    "exact": {
        "mse": [
            0.3537316152049241,
            0.25103116019999033,
            0.3197402666688201,
            0.3070064696860407,
            0.25157786966335144,
            0.4164339996780015,
            0.24552035259301505,
            0.33834103097999624,
            0.33811897399336366,
            0.36269726388941537,
            0.2534714676129123,
            0.33952249729782835,
            0.29944437347110653,
            0.4131150654922292,
            0.25308527828865945,
            0.3469131898500175,
            0.26519060925309473,
            0.37658772200867974,
            0.3439121971172118,
            0.44832834848225545
        ],
        "r2": [
            0.549245656579669,
            0.606146241659214,
            0.600529475814451,
            0.5577869679881595,
            0.6247861633963997,
            0.47880150605778793,
            0.6416904696078278,
            0.572276148976219,
            0.5444829732707439,
            0.5137700620577448,
            0.5959575798167895,
            0.5831531795920235,
            0.5700359859267434,
            0.5272029594935896,
            0.6269498680099919,
            0.5675158118703021,
            0.5762561280814589,
            0.5291504276347396,
            0.5501584505859243,
            0.48949448157317077
        ]
    }
}