{
    "kmeans": {
        "mse": [
            0.0542493533311974,
            0.05456703529025928,
            0.05373434111543018,
            0.05323215278184081,
            0.05146801592503778,
            0.052168335505180026,
            0.05439506778912729,
            0.055452711263736965,
            0.052656400186178974,
            0.05253271634718553,
            0.053238049289331034,
            0.05034333318184204,
            0.05490478944041477,
            0.060301872254600666,
            0.05283819171073088,
            0.05656953825658185,
            0.05511388440826312,
            0.05595452110104648,
            0.05472347714431184,
            0.05344537180946227
        ],
        "r2": [
            0.8303174020354003,
            0.8340949723003005,
            0.833724756171808,
            0.8325569784829822,
            0.8360115298243936,
            0.841872228780101,
            0.8291120429256471,
            0.8292149819248963,
            0.8382290701059969,
            0.8360000168347494,
            0.8365982632730311,
            0.8426260426240587,
            0.8337823152382835,
            0.8150682001958379,
            0.8319104809862726,
            0.8242355786525238,
            0.8295839238103252,
            0.8262710938589736,
            0.8273210017048076,
            0.8336634239868661
        ]
    },
    "quantile": {
        "mse": [
            0.05399646790124399,
            0.0547508318022854,
            0.0546140004206529,
            0.05315502872726085,
            0.05285384929143854,
            0.05261661792384723,
            0.0548024492725993,
            0.05601020118468862,
            0.05330264889813695,
            0.05296735846760931,
            0.0546391546540446,
            0.051077054613902585,
            0.053325907441436955,
            0.05971626521059674,
            0.053390691703503856,
            0.057404140078336496,
            0.055848354791994924,
            0.05647038547164638,
            0.05523056968846466,
            0.054069990956664184
        ],
        "r2": [
            0.8311083839385378,
            0.833536159360279,
            0.8310027433504832,
            0.8327995740583187,
            0.8315959585304589,
            0.8405134371097425,
            0.8278322101707669,
            0.8274980067931739,
            0.8362436655833444,
            0.8346431233521944,
            0.8322978981584598,
            0.8403324192567335,
            0.8385621916945416,
            0.8168641206304208,
            0.8301528610709522,
            0.8216424285088741,
            0.8273128888031405,
            0.8246694260927603,
            0.8257208798350596,
            0.8317194388158355
        ]
    },
    "linspace": {
        "mse": [
            0.06086297769346217,
            0.05919101468570915,
            0.061311128531252625,
            0.0590049393588688,
            0.05808809781833256,
            0.06014232273394315,
            0.06008194593958529,
            0.06327170603405373,
            0.05839578111687586,
            0.05932253808921973,
            0.05985327252286359,
            0.05660890131477007,
            0.060180890963716746,
            0.06518673989114354,
            0.05975055270122269,
            0.06416650116855234,
            0.05916252287759127,
            0.06137821977006648,
            0.06180352079254557,
            0.0582772563090006
        ],
        "r2": [
            0.8096311284700766,
            0.8200362750373049,
            0.8102791876796974,
            0.8143985389588119,
            0.8149184862592439,
            0.8177022257311242,
            0.8112461034432297,
            0.8051337939586922,
            0.8205965508511307,
            0.814803118429013,
            0.8162943832544138,
            0.8230397897884376,
            0.8178095487691076,
            0.800087448685887,
            0.8099207913976895,
            0.8006314299998633,
            0.8170652438214033,
            0.8094314673468317,
            0.804980044790846,
            0.8186252813725818
        ]
    },
    "exact": {
        "mse": [
            0.053111476779075524,
            0.05271305522713244,
            0.05231780154330138,
            0.052667975096730255,
            0.051140785248442566,
            0.05238076025257696,
            0.05206504888857735,
            0.05610927706964137,
            0.05133258296321423,
            0.05115852534829649,
            0.05224803094925072,
            0.04981773230100881,
            0.05242683505415824,
            0.05666770813206262,
            0.05080067459520391,
            0.0541837543940229,
            0.054103568440809005,
            0.055654144914842996,
            0.05454932910235726,
            0.05288899166868495
        ],
        "r2": [
            0.833876483161184,
            0.8397317933607009,
            0.8381080882804502,
            0.834331613009873,
            0.8370541590589756,
            0.8412283467866936,
            0.836432047956309,
            0.8271928697418585,
            0.8422960998006116,
            0.8402900539079174,
            0.8396368929433541,
            0.8442690782633206,
            0.8412840258399732,
            0.8262133352776662,
            0.8383922560213863,
            0.8316483299845365,
            0.8327078931101464,
            0.8272037088690405,
            0.8278705228794304,
            0.8353950307555221
        ]
    }
}