{
    "kmeans": {
        "mse": [
            4.728303570996565,
            4.818891734921472,
            5.328279368998732,
            4.730870551131081,
            4.43949714552427,
            4.92441085956758,
            4.525874062776059,
            5.0736760705991175,
            4.939200671278178,
            5.162247240502608,
            4.357223286665715,
            4.796932261907484,
            4.587971446469941,
            4.59038992071755,
            4.6173542399915775,
            5.014030104631607,
            4.161183353966953,
            4.794695900140098,
            5.050517783478793,
            5.151378275845605
        ],
        "r2": [
            0.5646254035379155,
            0.5078462387861699,
            0.5657083605451376,
            0.5119502122379739,
            0.5141015544822536,
            0.5316446719508715,
            0.5730003966135108,
            0.5478674678838077,
            0.5148464828838526,
            0.5067623026093964,
            0.5600034032097188,
            0.5542140031585323,
            0.5855508842592976,
            0.5468387805446072,
            0.5356710557925384,
            0.5196210601572658,
            0.5689979162470855,
            0.5680129725488152,
            0.5403004198753559,
            0.5088594684556731
        ]
    },
    "quantile": {
        "mse": [
            4.76237906833522,
            4.733980971364339,
            5.215386943778055,
            4.704666008785049,
            4.345343146566739,
            5.045780218657865,
            4.428585829122952,
            5.0974414524835066,
            4.972675668524177,
            5.134845598984604,
            4.357181769424087,
            4.641065346312274,
            4.487774000574958,
            4.538134115670799,
            4.67552544129407,
            4.994639988632288,
            4.3189160994604965,
            4.681329414488149,
            5.071210625524698,
            5.296039768294571
        ],
        "r2": [
            0.561487786487677,
            0.5165181812059059,
            0.574909874399006,
            0.5146535458405651,
            0.5244066138691859,
            0.520101365022815,
            0.5821791843145914,
            0.5457496538691602,
            0.5115583976793397,
            0.5093804496948404,
            0.5600075956606956,
            0.5686989457321401,
            0.594602105116961,
            0.5519974500144347,
            0.5298212614990612,
            0.5214787680634423,
            0.5526604621623056,
            0.5782269365142759,
            0.538416951445405,
            0.4950672135501222
        ]
    },
    "linspace": {
        "mse": [
            4.838162733637504,
            4.758306887390379,
            5.3441523295723075,
            4.776115374286839,
            4.5241852269657885,
            5.01982780801726,
            4.4355929501080205,
            5.14340078325133,
            4.94728358078932,
            5.230903322243572,
            4.411788371397984,
            4.758388372535954,
            4.559076310918684,
            4.607116632616063,
            4.72772336435831,
            5.026241697473455,
            4.340512118439344,
            4.861818442435438,
            5.166198493761694,
            5.26513044089314
        ],
        "r2": [
            0.5545097483384799,
            0.5140337736438044,
            0.5644146044199223,
            0.5072826302147839,
            0.5048325301361517,
            0.5225696703990065,
            0.5815180881727182,
            0.5416540615796097,
            0.5140525382278548,
            0.5002024138454331,
            0.5544933684912218,
            0.5577959437004241,
            0.588161093045065,
            0.5451875271015829,
            0.524572150158129,
            0.5184511046722082,
            0.5504236154797922,
            0.5619654425020644,
            0.5297711283798331,
            0.4980141575865944
        ]
    },
    "exact": {
        "mse": [
            4.713984522934655,
            4.695181093238818,
            5.280816830132576,
            4.706669436295738,
            4.350991204903064,
            4.988184123860629,
            4.444283267020989,
            5.069158638994598,
            4.845576342400542,
            5.159717685335646,
            4.298701981877719,
            4.5985676882976945,
            4.483320742448604,
            4.5058327515820675,
            4.737634486075978,
            4.987616118062781,
            4.26332403208405,
            4.806449148560981,
            5.010392474917214,
            5.232202037843895
        ],
        "r2": [
            0.5659438784788892,
            0.5204808155634558,
            0.5695768858962673,
            0.5144468666763774,
            0.5237884396310111,
            0.5255792665713216,
            0.5806981886740423,
            0.5482700315795566,
            0.5240427426565638,
            0.5070039942424871,
            0.5659129408331967,
            0.5726483158310047,
            0.595004385060105,
            0.5551862260864756,
            0.5235754710116131,
            0.5221517036915422,
            0.558418510977083,
            0.5669540418149424,
            0.5439526369922758,
            0.5011536034805881
        ]
    }
}