{
    "kmeans": {
        "mse": [
            0.030148109857928457,
            0.03187349572572766,
            0.031002834387999837,
            0.03173021381222015,
            0.031528767690337786,
            0.03331433365563755,
            0.032066897553400094,
            0.03257669050309302,
            0.02987311037738676,
            0.032679169111754815,
            0.03144738230421517,
            0.03120635880353938,
            0.03314004461818388,
            0.030792529467278996,
            0.0331202204950459,
            0.03216506015666152,
            0.03272942383967288,
            0.033300536955633286,
            0.031022217886791808,
            0.03207605124425705
        ],
        "r2": [
            0.8873240238734704,
            0.8896292218397063,
            0.8902925671408013,
            0.8848845142345495,
            0.886449122346893,
            0.8826505214178257,
            0.8864268580278856,
            0.8796537774341648,
            0.8915084330555975,
            0.8861532981982679,
            0.8864547309058788,
            0.8852812423097582,
            0.8831306578675379,
            0.8898045500171895,
            0.8808096088938591,
            0.8843267206423036,
            0.8836558256260238,
            0.8835083821624594,
            0.8891897745775896,
            0.8883519781868409
        ]
    },
    "quantile": {
        "mse": [
            0.030382349306857438,
            0.033214168018499635,
            0.03125842940585603,
            0.032217620805189466,
            0.03182569158916557,
            0.03320695072598316,
            0.031772695325007025,
            0.03272739413340395,
            0.029739928494747866,
            0.03313627481092273,
            0.031009116530954596,
            0.03075110026103383,
            0.032968806695648306,
            0.030601716241381482,
            0.032914578283352196,
            0.03233122120670891,
            0.03279026316335273,
            0.03339958628112452,
            0.03073545719921285,
            0.03209734025944701
        ],
        "r2": [
            0.8864485740134365,
            0.8849867739110422,
            0.8893881119897117,
            0.8831162282377015,
            0.8853797507292256,
            0.8830287769439253,
            0.8874688506746066,
            0.8790970415486348,
            0.8919921159046067,
            0.8845608471770355,
            0.8880371521286762,
            0.8869548337323558,
            0.8837345334381784,
            0.8904874023081255,
            0.8815496575793251,
            0.8837291656100144,
            0.883439558425059,
            0.8831618887654441,
            0.8902140732447213,
            0.8882778769075341
        ]
    },
    "linspace": {
        "mse": [
            0.031861735616673555,
            0.033932082773936875,
            0.03227722359058907,
            0.033450455873437535,
            0.03390606884225308,
            0.034389905205578705,
            0.03310470169278619,
            0.03382241484841294,
            0.031116285101524192,
            0.03421904342919159,
            0.0326512554994786,
            0.03243287130879653,
            0.03449293734821415,
            0.0318494223143265,
            0.03443808335413986,
            0.033418809233362885,
            0.03275375979106552,
            0.03469061520045243,
            0.03208035417834539,
            0.03342276379039191
        ],
        "r2": [
            0.8809194945019088,
            0.8825007958780018,
            0.8857829804968891,
            0.8786435698248105,
            0.8778872706786958,
            0.8788618290829258,
            0.8827512084997244,
            0.8750517685436879,
            0.886993537482171,
            0.8807887305854913,
            0.8821079746452452,
            0.8807724179454531,
            0.8783596418608884,
            0.8860223085164458,
            0.8760669898154879,
            0.879817937929404,
            0.8835693179567703,
            0.8786456238268957,
            0.8854101505216124,
            0.8836644376107907
        ]
    },
    "exact": {
        "mse": [
            0.03065138972599376,
            0.033032639103102446,
            0.03124991113417403,
            0.03187266979505333,
            0.031840966478468756,
            0.03337082855403198,
            0.032242287252972616,
            0.0324060654061515,
            0.030691629152129866,
            0.03301709378381218,
            0.03157681465981955,
            0.030706580428137873,
            0.03320562264557438,
            0.03116990908125467,
            0.033228422233695265,
            0.032097235365727506,
            0.03228458748062648,
            0.03334283019814931,
            0.03114047583662264,
            0.031974879547819184
        ],
        "r2": [
            0.8854430585105896,
            0.8856153678946889,
            0.8894182549665419,
            0.8843676916955938,
            0.8853247382053152,
            0.8824515185820594,
            0.8858056704241635,
            0.8802841080655067,
            0.8885357802811307,
            0.8849760464376861,
            0.8859873968841019,
            0.8871184946052746,
            0.8828993950250229,
            0.8884540433489868,
            0.8804202211616756,
            0.8845706348756635,
            0.885237097547531,
            0.8833604323485914,
            0.8887673615145854,
            0.8887041293816608
        ]
    }
}