{
    "kmeans": {
        "mse": [
            0.023100373492537386,
            0.021753752881881493,
            0.020232540150291998,
            0.025935546766048215,
            0.02250288411748105,
            0.022177225809909537,
            0.023416894691410974,
            0.025128684823512534,
            0.022679115937403106,
            0.020896457917046866,
            0.02233726829403749,
            0.023212572363728045,
            0.021949115768116315,
            0.020160134835225448,
            0.02259440734297346,
            0.023719516216231556,
            0.023105880781510317,
            0.024230938906997183,
            0.022267305983186103,
            0.021354642180600743
        ],
        "r2": [
            0.9250788965079577,
            0.931861326986208,
            0.9352067661730812,
            0.9148424972908746,
            0.9322153254187852,
            0.9326568047506484,
            0.9272082563814888,
            0.9231917301203089,
            0.9315815332689666,
            0.9327216618613771,
            0.9294687718714127,
            0.9278438706974427,
            0.929109137219202,
            0.9363587127362042,
            0.9276817002079669,
            0.9247560682819864,
            0.926347880853678,
            0.9280740575415997,
            0.9321475981742917,
            0.934389827325681
        ]
    },
    "quantile": {
        "mse": [
            0.022479830796852347,
            0.021868900744431038,
            0.02018650306803497,
            0.026061021612933288,
            0.02278783255677896,
            0.021843477321455883,
            0.02383671597937279,
            0.024747919475229956,
            0.022875698494064515,
            0.021582926002127537,
            0.022012674255986273,
            0.023264056759996068,
            0.022075559410443965,
            0.020252933388661416,
            0.022196469739312007,
            0.02342148748058801,
            0.023873001451507492,
            0.024008472988977552,
            0.021894335516092683,
            0.020602297403944567
        ],
        "r2": [
            0.9270914935570777,
            0.9315006525500726,
            0.9353541965705118,
            0.9144305096543722,
            0.9313569848998813,
            0.9336702628727218,
            0.9259032360548561,
            0.9243555764511904,
            0.930988482060535,
            0.9305115058563369,
            0.9304936964882282,
            0.9276838317885285,
            0.9287007517975544,
            0.9360657673047796,
            0.9289553857923362,
            0.9257014861240006,
            0.9239026131956084,
            0.9287344145702666,
            0.9332841048545993,
            0.9367013374081058
        ]
    },
    "linspace": {
        "mse": [
            0.022939574480055114,
            0.021884294320742806,
            0.020651350180279106,
            0.026463002698972844,
            0.022907728477443403,
            0.022007153019705475,
            0.023508582308911372,
            0.025111551307438897,
            0.023529696551202173,
            0.021200501408453754,
            0.023008433664141525,
            0.022438187754532327,
            0.022642732149362094,
            0.019797651753898565,
            0.022904534451669727,
            0.024002947938213753,
            0.024217332819227486,
            0.024852924888197344,
            0.022205732672652027,
            0.02183985648723744
        ],
        "r2": [
            0.925600413593363,
            0.9314524356806196,
            0.9338655576050793,
            0.9131106336659376,
            0.9309958264846565,
            0.9331732464920764,
            0.9269232441442118,
            0.9232441003790715,
            0.9290154975562916,
            0.9317427619490128,
            0.9273495280494879,
            0.9302510401879878,
            0.9268689073974232,
            0.9375029952569085,
            0.9266890711524716,
            0.9238569556297245,
            0.9228050253061468,
            0.9262277845570718,
            0.9323352228923987,
            0.9328990510263991
        ]
    },
    "exact": {
        "mse": [
            0.023693356638177683,
            0.021744032242746424,
            0.020759883176789614,
            0.026040442266341425,
            0.02329385013735346,
            0.022402999492310567,
            0.02272300864060651,
            0.0255753331405719,
            0.023259572924099862,
            0.021519399342128882,
            0.02213001040279037,
            0.023502104387589463,
            0.023633612386396035,
            0.02117092107592876,
            0.023161393973224944,
            0.02453544258118529,
            0.024028118137587793,
            0.024561159630569266,
            0.022024028857273423,
            0.02196823313716021
        ],
        "r2": [
            0.9231556829444235,
            0.9318917746728719,
            0.9335179886014542,
            0.9144980804589886,
            0.9298327253048647,
            0.9319712221035481,
            0.9293652108443343,
            0.9218265060857463,
            0.9298304078219818,
            0.9307160366016514,
            0.9301232007575493,
            0.926943862295805,
            0.9236685800740868,
            0.933167874081966,
            0.9258669365595036,
            0.9221677563142452,
            0.923408164498638,
            0.9270938463804318,
            0.9328889064095535,
            0.9325046255849634
        ]
    }
}