{
    "kmeans": {
        "mse": [
            4.876391175709753,
            4.844931354915481,
            4.603346333046571,
            4.905890040113841,
            4.366835309548827,
            5.676261169879782,
            4.248703941633974,
            5.020192917047406,
            4.7236004943952,
            5.370801513403889,
            5.04047721920368,
            4.570326288289736,
            5.569173104817044,
            4.399839093521617,
            5.417062698214149,
            5.89218224222469,
            4.4472389364624485,
            5.020176450733262,
            4.606141517399464,
            5.703884156840428
        ],
        "r2": [
            0.9858518713984923,
            0.987136676272601,
            0.986654610620926,
            0.9867258377231864,
            0.9861791869234485,
            0.9833590285266941,
            0.987422199970541,
            0.9856351591829198,
            0.9844461227969564,
            0.9837139849501139,
            0.985128764344423,
            0.9843710065217007,
            0.9825543448697799,
            0.9873608076815816,
            0.9832395918480376,
            0.978965373423182,
            0.9870396097440355,
            0.9828174092503905,
            0.987014283438861,
            0.9835498344579747
        ]
    },
    "quantile": {
        "mse": [
            6.209546345152147,
            4.700792943804056,
            4.730685756487027,
            4.731000641034151,
            4.395179167114872,
            7.715958212309878,
            4.5588864128753395,
            4.994903079205971,
            4.743687354411502,
            4.857116170186262,
            4.763163194192803,
            4.716446782306723,
            5.7741197697361635,
            4.833029337199449,
            4.469901141016102,
            4.840950585142552,
            4.706349551180102,
            4.641380549877059,
            4.765731047366897,
            5.712814143156365
        ],
        "r2": [
            0.9819839186228845,
            0.9875193646757707,
            0.9862854456556659,
            0.9871990465079118,
            0.9860894800466098,
            0.9773792930491624,
            0.9865039403907934,
            0.9857075238312281,
            0.9843799807609271,
            0.9852716457963897,
            0.9859469412822774,
            0.9838713231065607,
            0.9819123413319162,
            0.9861164042650185,
            0.9861701125321938,
            0.9827181876511587,
            0.9862844952259756,
            0.9841139164560467,
            0.9865643657812175,
            0.983524080121255
        ]
    },
    "linspace": {
        "mse": [
            5.156830433467463,
            5.328813626845161,
            4.469439460560301,
            4.89593307839111,
            4.4531386759041425,
            5.567949485053501,
            4.474989941082365,
            5.487417143820931,
            4.82349105227279,
            5.415139175379785,
            5.004439036825417,
            4.9107396624041755,
            5.96399689000936,
            4.704761898370088,
            5.010429315158862,
            5.7966178204525765,
            4.661276162405614,
            5.9706555760053455,
            4.72423776193103,
            5.050082263537589
        ],
        "r2": [
            0.9850382183217188,
            0.985851965746524,
            0.9870428150323635,
            0.9867527788744579,
            0.9859060411302775,
            0.9836765635384698,
            0.9867523062595113,
            0.9842982381214413,
            0.9841172030517715,
            0.9835795387546226,
            0.9852350900511843,
            0.9832069061777948,
            0.9813175437389773,
            0.9864848715641845,
            0.9844977167485425,
            0.979306530882909,
            0.9864158505943339,
            0.9795641981360258,
            0.9866813443937559,
            0.9854354178746054
        ]
    },
    "exact": {
        "mse": [
            5.1181932308118245,
            5.304592179543344,
            4.541235389768007,
            4.690495897981899,
            4.367710330283829,
            5.780493931024016,
            4.398390906504507,
            5.296161205066836,
            4.710410676289692,
            5.863840502260932,
            5.401905340281424,
            4.877026436844533,
            5.7090617072969705,
            4.7277278950361,
            6.516326823778646,
            5.316548750004714,
            4.497654827918345,
            4.995810195762175,
            4.747487078035465,
            4.978542945900793
        ],
        "r2": [
            0.9851503184573062,
            0.9859162738439903,
            0.9868346741362004,
            0.9873086426317261,
            0.9861764175270414,
            0.9830534516068037,
            0.9869790689035093,
            0.9848455001810715,
            0.9844895542453583,
            0.9822189305578287,
            0.9840624203203647,
            0.9833221941789501,
            0.9821161382869387,
            0.9864188983223282,
            0.9798384653635047,
            0.9810203396574554,
            0.9868926849581838,
            0.9829008077905369,
            0.9866157995059074,
            0.9856417393189983
        ]
    }
}