{
    "kmeans": {
        "mse": [
            9888.37160569507,
            9818.571687319522,
            9837.478425703835,
            9672.639533105588,
            9816.023867918897,
            9684.386726851244,
            9588.487502894472,
            9893.410541820089,
            9667.291481449944,
            9323.873360127065,
            9648.310782412236,
            9333.297954092273,
            9569.00881931173,
            9891.410420472246,
            9531.259793145766,
            9492.994842836071,
            9945.234509715629,
            9646.076506034371,
            9759.17350204941,
            9934.607157828077
        ],
        "r2": [
            0.7036668700715423,
            0.7056952228451434,
            0.7062474729626171,
            0.7020012996258707,
            0.699787661083809,
            0.7126924080822592,
            0.706838382461819,
            0.6973870839814535,
            0.7119242173527383,
            0.7064158068712747,
            0.7015069906458336,
            0.7108794586407585,
            0.720429419530447,
            0.7102297624736426,
            0.7073814311235629,
            0.7168200412841175,
            0.7071392520679637,
            0.6926570969800778,
            0.6976525515691394,
            0.6924511474841315
        ]
    },
    "quantile": {
        "mse": [
            9888.37160569507,
            9818.571687319522,
            9837.478425703835,
            9672.639533105588,
            9816.023867918897,
            9684.386726851244,
            9588.487502894472,
            9893.410541820089,
            9667.291481449944,
            9323.873360127065,
            9648.310782412236,
            9333.297954092273,
            9569.00881931173,
            9891.410420472246,
            9531.259793145766,
            9492.994842836071,
            9945.234509715629,
            9646.076506034371,
            9759.17350204941,
            9934.607157828077
        ],
        "r2": [
            0.7036668700715423,
            0.7056952228451434,
            0.7062474729626171,
            0.7020012996258707,
            0.699787661083809,
            0.7126924080822592,
            0.706838382461819,
            0.6973870839814535,
            0.7119242173527383,
            0.7064158068712747,
            0.7015069906458336,
            0.7108794586407585,
            0.720429419530447,
            0.7102297624736426,
            0.7073814311235629,
            0.7168200412841175,
            0.7071392520679637,
            0.6926570969800778,
            0.6976525515691394,
            0.6924511474841315
        ]
    },
    "linspace": {
        "mse": [
            9888.37160569507,
            9818.571687319522,
            9837.478425703835,
            9672.639533105588,
            9816.023867918897,
            9684.386726851244,
            9588.487502894472,
            9893.410541820089,
            9667.291481449944,
            9323.873360127065,
            9648.310782412236,
            9333.297954092273,
            9569.00881931173,
            9891.410420472246,
            9531.259793145766,
            9492.994842836071,
            9945.234509715629,
            9646.076506034371,
            9759.17350204941,
            9934.607157828077
        ],
        "r2": [
            0.7036668700715423,
            0.7056952228451434,
            0.7062474729626171,
            0.7020012996258707,
            0.699787661083809,
            0.7126924080822592,
            0.706838382461819,
            0.6973870839814535,
            0.7119242173527383,
            0.7064158068712747,
            0.7015069906458336,
            0.7108794586407585,
            0.720429419530447,
            0.7102297624736426,
            0.7073814311235629,
            0.7168200412841175,
            0.7071392520679637,
            0.6926570969800778,
            0.6976525515691394,
            0.6924511474841315
        ]
    },
    "exact": {
        "mse": [
            9941.652353700481,
            9820.803283804327,
            9791.613963170481,
            9664.400079246423,
            9868.356143517794,
            9676.897716511412,
            9489.9276159876,
            9855.035329005575,
            9628.369387623263,
            9344.444714954161,
            9702.202897966044,
            9325.183902731646,
            9609.535579443398,
            9881.08770171703,
            9524.457603382687,
            9541.116675109066,
            9950.926473234433,
            9624.63406736207,
            9659.774095973446,
            9977.687045769011
        ],
        "r2": [
            0.7020701611844814,
            0.7056283323108503,
            0.7076170110888895,
            0.7022551441461197,
            0.6981871357519891,
            0.7129145852409448,
            0.709851785343272,
            0.698560878903189,
            0.713084057486131,
            0.7057680691366219,
            0.6998397122885234,
            0.7111308101923259,
            0.7192453794622955,
            0.7105321679485408,
            0.7075902646961332,
            0.7153845471432265,
            0.7069716388566623,
            0.6933402951016403,
            0.7007320292314947,
            0.6911175094356147
        ]
    }
}