{
    "kmeans": {
        "mse": [
            0.4275057261906243,
            0.42635548994051603,
            0.39552744527874717,
            0.4037517066097265,
            0.40047064413308503,
            0.4019994001033364,
            0.4289150783348389,
            0.42289191675107324,
            0.36830804525240324,
            0.4390838172233776,
            0.44635275279928777,
            0.38590633768571836,
            0.3994567343000804,
            0.3924476780315331,
            0.40307449828255937,
            0.4209086434129221,
            0.42574784846741365,
            0.43853878287932574,
            0.36479367455538897,
            0.4355025564047217
        ],
        "r2": [
            0.44967972031547143,
            0.41389476569768435,
            0.45383599873755787,
            0.47116670154002993,
            0.4705500132716104,
            0.4898346858754492,
            0.44429935290280365,
            0.4345380652667824,
            0.496570206667291,
            0.4447961106204098,
            0.4584248822342034,
            0.4735693991009069,
            0.4928390947583685,
            0.4812287630950516,
            0.4798744864397567,
            0.4458358692354675,
            0.42737389423618233,
            0.4163057931754772,
            0.47929357222549585,
            0.455628246763367
        ]
    },
    "quantile": {
        "mse": [
            0.4223353749989192,
            0.4103692750898351,
            0.39136498535094993,
            0.393130529838526,
            0.4182162220006239,
            0.40330132002099583,
            0.4276061938316429,
            0.4203624683034739,
            0.38775742642930466,
            0.4587522006475357,
            0.4391979010802692,
            0.3758281221153848,
            0.40820101778123896,
            0.38978467291230495,
            0.40524890134580493,
            0.4192137140790416,
            0.4459754882251722,
            0.4405668854114608,
            0.37535143575308755,
            0.45145540583076355
        ],
        "r2": [
            0.45633541856597315,
            0.4358708031165358,
            0.4595837307758698,
            0.48507830080633285,
            0.4470891276758767,
            0.4881824585746447,
            0.4459951383907498,
            0.43792026945733775,
            0.46998540062639527,
            0.4199262280454702,
            0.4671061094430041,
            0.4873175046917564,
            0.48173711963767274,
            0.4847489532679571,
            0.477068646539747,
            0.4480673963274301,
            0.40016794445869297,
            0.4136063929284092,
            0.4642234257235034,
            0.4356874209669188
        ]
    },
    "linspace": {
        "mse": [
            0.43056576738169516,
            0.4229831171457354,
            0.39335961645279144,
            0.4000456597178838,
            0.4057070004016942,
            0.39620056066544174,
            0.43663672753397936,
            0.4186793532981373,
            0.3809909496056798,
            0.4523955238299618,
            0.44280383717069405,
            0.3916288194549279,
            0.4180383119051386,
            0.4045585636876698,
            0.40357252525781134,
            0.4114363602705328,
            0.44076521425813375,
            0.4401648590349821,
            0.3900283047780115,
            0.4553379576220836
        ],
        "r2": [
            0.4457405854198482,
            0.41853072182742823,
            0.45682944477971976,
            0.47602087545428406,
            0.46362718684841087,
            0.4971938181095542,
            0.43429521531622495,
            0.44017081487945875,
            0.4792343053756075,
            0.4279639911198735,
            0.4627309033967094,
            0.46576312793556396,
            0.4692474291039861,
            0.46521954840594437,
            0.47923183467842345,
            0.45830698294649685,
            0.4071757048089749,
            0.4141414891983457,
            0.44327366542352864,
            0.43083428866128715
        ]
    },
    "exact": {
        "mse": [
            0.4292160543318323,
            0.4182563988312077,
            0.38657204142152696,
            0.4011410154756744,
            0.3981172283556797,
            0.3954594643968583,
            0.4143114834268452,
            0.42802015125550963,
            0.3743106704543776,
            0.4592853849228735,
            0.4349964216809837,
            0.38485395847207793,
            0.4027236228499837,
            0.39095404179816506,
            0.40435039849033994,
            0.4197199747043959,
            0.4374718225618539,
            0.4395041455603187,
            0.3746856709795692,
            0.4408571316031894
        ],
        "r2": [
            0.44747804627145593,
            0.42502847877106187,
            0.4662020665337724,
            0.47458618034613576,
            0.4736613922712145,
            0.49813432103209887,
            0.4632197116176868,
            0.42768094341181173,
            0.4883653889777595,
            0.41925203789814125,
            0.47220390863028017,
            0.4750049925797101,
            0.48869136607582275,
            0.48320318047511346,
            0.4782280705696109,
            0.4474008586267192,
            0.4116052798933455,
            0.4150208974572911,
            0.46517373824572406,
            0.44893510697403727
        ]
    }
}