{
    "kmeans": {
        "mse": [
            0.0005266109787867342,
            0.0008900688176261728,
            0.0004954712282779376,
            0.000320555506229961,
            0.00034086721918677356,
            0.0004909386753400323,
            0.0003808614705856066,
            0.0002387963217077798,
            0.0004360945296418846,
            0.0006294314555896142,
            0.00042198394339226596,
            0.0003903027620279022,
            0.0005851746725233698,
            0.0003624182398533308,
            0.000411086625130232,
            0.0007987614024998234,
            0.0004254764123910737,
            0.0005185392818629923,
            0.0004263602692999958,
            0.00023553138819136187
        ],
        "r2": [
            0.8445753023142587,
            0.7404896287227045,
            0.8332431019202249,
            0.8845743053880013,
            0.8745257744502983,
            0.8431568051143484,
            0.85601714040659,
            0.9105953774973832,
            0.8436314572534916,
            0.769442043220363,
            0.8815292726406782,
            0.828924656010339,
            0.828992252799171,
            0.8539007771975521,
            0.8243165577346978,
            0.7469419077166748,
            0.8385607142192972,
            0.8330586310337761,
            0.8594406932120628,
            0.8921410744020503
        ]
    },
    "quantile": {
        "mse": [
            0.000617820084862893,
            0.0008449956390966732,
            0.0005280366960526099,
            0.00032735197257039084,
            0.0004061445061146699,
            0.0004135484518681352,
            0.000443154866388927,
            0.00023583600216356228,
            0.00038140565467265026,
            0.000634876664060975,
            0.0003781171220147768,
            0.0004087089156151149,
            0.0006156632370664207,
            0.00031360684155505765,
            0.0003791242237024093,
            0.0008045697911606941,
            0.00037145714103761594,
            0.0004942544603170329,
            0.0004524575146073542,
            0.00024717007301311466
        ],
        "r2": [
            0.8176557197207961,
            0.7536312612158349,
            0.8222827956891334,
            0.8821270323479043,
            0.850497013213579,
            0.8678811352841803,
            0.832467419696445,
            0.91170371220474,
            0.8632410122974581,
            0.76744748745381,
            0.8938447512670809,
            0.820856972758244,
            0.8200824674261789,
            0.8735777872679185,
            0.8379761232925079,
            0.7451017339812389,
            0.8590573441891873,
            0.8408770191401068,
            0.850837145992479,
            0.886811270803952
        ]
    },
    "linspace": {
        "mse": [
            0.0005039550757542571,
            0.0009012022905542293,
            0.0003455598187393133,
            0.00034961574774799694,
            0.0003970100700135421,
            0.00036202294036821427,
            0.0003582788058450812,
            0.00023708512651805737,
            0.000406493389789589,
            0.0007465090267242974,
            0.00042273322834923823,
            0.00039142230567305625,
            0.0005644574539631561,
            0.00031118714557766086,
            0.0004602149045940903,
            0.0008975982812663545,
            0.0004904989176987799,
            0.00043247851558501514,
            0.0005628022999187584,
            0.00025518385722446743
        ],
        "r2": [
            0.8512619970879471,
            0.7372435295043638,
            0.88369761918516,
            0.8741102874640495,
            0.8538594259981132,
            0.8843423070102979,
            0.8645544089351724,
            0.9112360438144826,
            0.8542454108523595,
            0.7265570470133502,
            0.8813189131347255,
            0.8284339438431716,
            0.8350465217902949,
            0.8745532230016688,
            0.8033209214839488,
            0.7156290877561458,
            0.8138891072609786,
            0.860765504243285,
            0.8144594915818106,
            0.8831414492924851
        ]
    },
    "exact": {
        "mse": [
            0.0005186238087289282,
            0.0008956537748383788,
            0.0004918245961268724,
            0.0002888627210699662,
            0.0003610135142210989,
            0.00039119007164503347,
            0.0004045419566257454,
            0.0002466335013517136,
            0.0004599593490729625,
            0.0006754677364692795,
            0.0003887489147770981,
            0.00048286522109854623,
            0.0005552597651818926,
            0.0003282886412268568,
            0.00042667789967079677,
            0.0008728344150281982,
            0.00044271520071448615,
            0.0005352579130626487,
            0.0005396610289970537,
            0.0002524531903937929
        ],
        "r2": [
            0.8469326468087832,
            0.7388612666331608,
            0.8344704205438777,
            0.8959862501844102,
            0.8671098640170258,
            0.8750241043815541,
            0.8470648457799415,
            0.9076611610800611,
            0.8350743514342313,
            0.7525791572570193,
            0.8908599073141086,
            0.7883531918378479,
            0.8377343962178666,
            0.8676592123025437,
            0.8176534151921205,
            0.7234746054891945,
            0.8320197695426781,
            0.827676143578468,
            0.8220885349827988,
            0.8843919271705469
        ]
    }
}