{
    "kmeans": {
        "mse": [
            5.336584448397733,
            5.061722174277411,
            4.816094641963499,
            4.770772654012798,
            4.314968061866198,
            5.858048697129098,
            4.453212386542979,
            5.857073121421265,
            4.627853973154573,
            5.935549623109027,
            5.312982980191686,
            4.672099443003113,
            5.693800045062821,
            4.522161476193279,
            5.972685731322881,
            6.081362153574638,
            4.576528028438136,
            5.179651640530883,
            5.05754841763974,
            4.709029919841937
        ],
        "r2": [
            0.9845166886026636,
            0.9865610952609627,
            0.9860378399465465,
            0.9870914329760068,
            0.9863433441412509,
            0.9828260859850064,
            0.9868167762084392,
            0.9832405000298873,
            0.9847613970534822,
            0.9820014852066214,
            0.984324773529086,
            0.9840229762343761,
            0.9821639460478108,
            0.9870094184406181,
            0.9815204925257048,
            0.978290016038177,
            0.9866628283046336,
            0.9822715724759463,
            0.9857416690308756,
            0.9864190226179733
        ]
    },
    "quantile": {
        "mse": [
            4.868125052625323,
            4.551286406631236,
            4.815051137613593,
            5.406668155213859,
            4.815804643830884,
            7.960670519989628,
            4.989365908134187,
            6.046992359261438,
            5.283667989064864,
            5.489314179709179,
            5.221007770249678,
            5.165403823203956,
            6.617889870673669,
            6.450772537148446,
            4.627277877672767,
            6.1459662852755725,
            5.665595193529396,
            4.707833306491794,
            5.385500424351985,
            7.365146254101344
        ],
        "r2": [
            0.9858758543334579,
            0.987916305487959,
            0.9860408651310233,
            0.9853708522037067,
            0.9847582216691263,
            0.976661875296633,
            0.985229555288294,
            0.9826970628224424,
            0.9826019318989657,
            0.983354616043586,
            0.984596133751945,
            0.9823360395793871,
            0.9792691981016556,
            0.9814691962668725,
            0.9856831884393898,
            0.9780593843757837,
            0.9834890083961024,
            0.9838864681716488,
            0.9848171008671023,
            0.9787587069109924
        ]
    },
    "linspace": {
        "mse": [
            5.2771359118172185,
            5.199973416399374,
            5.059331551016688,
            5.053280531139379,
            4.703683894101928,
            5.80380067374883,
            4.825698137162629,
            6.30909788924307,
            5.0095890364585225,
            5.791423114650828,
            5.4692617308587845,
            5.067458076213412,
            6.534992108154023,
            4.9282565065872665,
            5.7830118642538375,
            7.1668919280952705,
            4.53328230546376,
            5.750763915298497,
            4.9523557428558185,
            5.0926428952643406
        ],
        "r2": [
            0.9846891697491521,
            0.9861940373291046,
            0.9853326809105265,
            0.9863270343908789,
            0.9851130781759926,
            0.9829851237358317,
            0.9857140749260065,
            0.9819470708843483,
            0.9835044193929516,
            0.9824385236039593,
            0.9838636945423037,
            0.9826709814072527,
            0.97952887862312,
            0.9858428500549103,
            0.9821073440363743,
            0.9744147602320298,
            0.9867888573879945,
            0.9803168227603308,
            0.9860382301013273,
            0.9853126717917211
        ]
    },
    "exact": {
        "mse": [
            5.1181932308118245,
            5.304592179543344,
            4.541235389768007,
            4.690495897981899,
            4.367710330283829,
            5.780493931024016,
            4.398390906504507,
            5.296161205066836,
            4.710410676289692,
            5.863840502260932,
            5.401905340281424,
            4.877026436844533,
            5.7090617072969705,
            4.7277278950361,
            6.516326823778646,
            5.316548750004714,
            4.497654827918345,
            4.995810195762175,
            4.747487078035465,
            4.978542945900793
        ],
        "r2": [
            0.9851503184573062,
            0.9859162738439903,
            0.9868346741362004,
            0.9873086426317261,
            0.9861764175270414,
            0.9830534516068037,
            0.9869790689035093,
            0.9848455001810715,
            0.9844895542453583,
            0.9822189305578287,
            0.9840624203203647,
            0.9833221941789501,
            0.9821161382869387,
            0.9864188983223282,
            0.9798384653635047,
            0.9810203396574554,
            0.9868926849581838,
            0.9829008077905369,
            0.9866157995059074,
            0.9856417393189983
        ]
    }
}