{
    "kmeans": {
        "mse": [
            2.4505860637496785e-08,
            2.539048404380528e-08,
            2.543797502438924e-08,
            2.4948132261968343e-08,
            2.425247654111915e-08,
            2.526309150126464e-08,
            2.2927900230196777e-08,
            2.570062730970081e-08,
            2.3885351611274675e-08,
            2.5415451212924225e-08,
            2.5219930114556704e-08,
            2.5150545250751166e-08,
            2.553052510004844e-08,
            2.4928657370322296e-08,
            2.5921634533676415e-08,
            2.4351711814802482e-08,
            2.6045443371344966e-08,
            2.526117190163578e-08,
            2.6978153893789666e-08,
            2.4817370193418986e-08
        ],
        "r2": [
            0.8517361034207438,
            0.8442194818417023,
            0.844606892258427,
            0.8488955794946667,
            0.8484814819924604,
            0.84766660735659,
            0.8502186823052642,
            0.8496600986378078,
            0.8530340523845089,
            0.8525209776697648,
            0.8471997926785347,
            0.8565558717234873,
            0.8483586980544073,
            0.8492589229338696,
            0.8476896096918807,
            0.8568642306477207,
            0.8486676702729804,
            0.8461436561797027,
            0.8376740836240842,
            0.85049686006833
        ]
    },
    "quantile": {
        "mse": [
            2.4631672931972763e-08,
            2.55017978507301e-08,
            2.5297430920454772e-08,
            2.5279913181554955e-08,
            2.488400327891568e-08,
            2.5378782165001914e-08,
            2.2945836772928083e-08,
            2.537068097365486e-08,
            2.4152838277521302e-08,
            2.545088788889798e-08,
            2.5363247219943533e-08,
            2.552019465942759e-08,
            2.5434058605195902e-08,
            2.50253825505006e-08,
            2.6949039838031136e-08,
            2.422200633330782e-08,
            2.6607620271140762e-08,
            2.5429544202690653e-08,
            2.7286590207351233e-08,
            2.502645132596444e-08
        ],
        "r2": [
            0.8509749213797408,
            0.8435365282402268,
            0.8454654348532755,
            0.8468860677980622,
            0.8445359882103788,
            0.8469690066174491,
            0.8501015080774366,
            0.851590172134389,
            0.8513882138798378,
            0.8523153481775532,
            0.8463314761004812,
            0.8544476058124755,
            0.8489316711842683,
            0.8486740355240546,
            0.841652779618237,
            0.8576266203320327,
            0.8454012432534116,
            0.8451181635089039,
            0.8358182410249353,
            0.8492373275081757
        ]
    },
    "linspace": {
        "mse": [
            2.4741439164993595e-08,
            2.5195828899002976e-08,
            2.5471959620737502e-08,
            2.4808355626402752e-08,
            2.4910131527250267e-08,
            2.5281292886988008e-08,
            2.295079037411886e-08,
            2.5303751273155337e-08,
            2.3906300370749966e-08,
            2.566593645979135e-08,
            2.540840256092148e-08,
            2.585267362648114e-08,
            2.5122836441167227e-08,
            2.4581419287752254e-08,
            2.6674343866104792e-08,
            2.4351472677821274e-08,
            2.6293981175886717e-08,
            2.5659381254273064e-08,
            2.757354943925165e-08,
            2.5342457668220133e-08
        ],
        "r2": [
            0.8503108202628189,
            0.8454137670419042,
            0.8443992903547048,
            0.8497421706260405,
            0.8443727507175365,
            0.8475568551974803,
            0.8500691476385722,
            0.8519816880476018,
            0.8529051552119757,
            0.851067479205125,
            0.8460578930480398,
            0.8525513385497271,
            0.8507802087275694,
            0.8513586366002502,
            0.8432668387411605,
            0.8568656362596154,
            0.847223586390426,
            0.8437183120464063,
            0.8340916247240517,
            0.847333663258606
        ]
    },
    "exact": {
        "mse": [
            2.4491112696050562e-08,
            2.540680265552906e-08,
            2.5165163231540827e-08,
            2.488193696828807e-08,
            2.495991188915279e-08,
            2.525736417487948e-08,
            2.309047144062289e-08,
            2.5650386232239886e-08,
            2.3963920474169365e-08,
            2.556859098083161e-08,
            2.4590696784573754e-08,
            2.5239909576717867e-08,
            2.5327572526425398e-08,
            2.4686127774574153e-08,
            2.602417516872955e-08,
            2.4525781315235058e-08,
            2.6302210786109474e-08,
            2.5764985619028418e-08,
            2.7785676750283088e-08,
            2.5064559074909064e-08
        ],
        "r2": [
            0.8518253305365625,
            0.8441193607969215,
            0.846273419262979,
            0.8492965073632024,
            0.8440617455033448,
            0.8477011424434373,
            0.8491566517716185,
            0.8499539917999779,
            0.8525506202133476,
            0.8516323488171172,
            0.8510121340624419,
            0.8560461894200021,
            0.8495641567113211,
            0.8507254749402771,
            0.8470871012301904,
            0.8558410758052739,
            0.8471757697312892,
            0.8430751153841141,
            0.8328152675542061,
            0.8490077613583965
        ]
    }
}