{
    "kmeans": {
        "mse": [
            2.4708002319675614e-08,
            2.5679424208197956e-08,
            2.5251747398896e-08,
            2.516900841730613e-08,
            2.4901177783018908e-08,
            2.5258152725524075e-08,
            2.31673374103111e-08,
            2.5576502398474224e-08,
            2.402004572179286e-08,
            2.538556464288992e-08,
            2.4895768848766346e-08,
            2.5205751874476733e-08,
            2.6187141904977962e-08,
            2.4653682163881124e-08,
            2.6748530497319883e-08,
            2.4128772160014805e-08,
            2.6340004339279806e-08,
            2.5420542077269796e-08,
            2.6884090436315297e-08,
            2.5028659838103105e-08
        ],
        "r2": [
            0.8505131178702972,
            0.842446721289041,
            0.8457445020502828,
            0.847557789430653,
            0.8444286896668745,
            0.847696387578224,
            0.8486545087009408,
            0.8503861870202245,
            0.8522052830235761,
            0.8526944013911277,
            0.8491637913253733,
            0.8562410051495641,
            0.8444586518630863,
            0.8509216702760016,
            0.8428309327900394,
            0.8581746370474781,
            0.8469561771381287,
            0.8451729920857118,
            0.8382400577449276,
            0.8492240231372156
        ]
    },
    "quantile": {
        "mse": [
            2.468154691278055e-08,
            2.5549043266265154e-08,
            2.5125545296592742e-08,
            2.5167940646591065e-08,
            2.488346764881499e-08,
            2.5055235023587244e-08,
            2.3125997922836944e-08,
            2.5213032615993467e-08,
            2.3833497502928574e-08,
            2.5553482931657142e-08,
            2.4471812798636395e-08,
            2.538769567323938e-08,
            2.5421874578063025e-08,
            2.4512636192029154e-08,
            2.6576092333144823e-08,
            2.412033029929271e-08,
            2.6418702793407947e-08,
            2.5552703631262155e-08,
            2.7898856814847612e-08,
            2.5069163189028667e-08
        ],
        "r2": [
            0.8506731767953793,
            0.843246659197165,
            0.8465154335753597,
            0.8475642566432458,
            0.8445393345852911,
            0.8489199568299085,
            0.8489245675743892,
            0.8525123612411031,
            0.8533531093653257,
            0.8517200167598542,
            0.8517324174897122,
            0.855203303209164,
            0.8490040395249165,
            0.8517745610433206,
            0.8438441452884796,
            0.8582242570593446,
            0.8464989140292108,
            0.8443680455230562,
            0.8321342699674827,
            0.8489800255623746
        ]
    },
    "linspace": {
        "mse": [
            2.4507231363980592e-08,
            2.566976845478915e-08,
            2.5142064364513034e-08,
            2.4995806189984794e-08,
            2.5031090345079806e-08,
            2.5441147277736306e-08,
            2.3132175271632605e-08,
            2.5531455816915028e-08,
            2.3888333247921526e-08,
            2.5475725059618173e-08,
            2.5398193119315406e-08,
            2.544776058612777e-08,
            2.5400872044689838e-08,
            2.473018846217881e-08,
            2.5694596366649007e-08,
            2.436402821220163e-08,
            2.6645005140596365e-08,
            2.544908098208251e-08,
            2.8016399908011275e-08,
            2.515844563131045e-08
        ],
        "r2": [
            0.8517278103331172,
            0.8425059631005258,
            0.8464145234479354,
            0.8486068307743018,
            0.843617054663717,
            0.8465929525147696,
            0.8488842127475981,
            0.8506496941535993,
            0.8530157064517221,
            0.8521712247612669,
            0.8461197490796369,
            0.8548607277706048,
            0.8491287863326059,
            0.8504590444058469,
            0.8490236409926407,
            0.8567918366808907,
            0.8451840252429291,
            0.8449991722974527,
            0.8314270203021955,
            0.8484421762512726
        ]
    },
    "exact": {
        "mse": [
            2.4491112696050562e-08,
            2.540680265552906e-08,
            2.5165163231540827e-08,
            2.488193696828807e-08,
            2.495991188915279e-08,
            2.525736417487948e-08,
            2.309047144062289e-08,
            2.5650386232239886e-08,
            2.3963920474169365e-08,
            2.556859098083161e-08,
            2.4590696784573754e-08,
            2.5239909576717867e-08,
            2.5327572526425398e-08,
            2.4686127774574153e-08,
            2.602417516872955e-08,
            2.4525781315235058e-08,
            2.6302210786109474e-08,
            2.5764985619028418e-08,
            2.7785676750283088e-08,
            2.5064559074909064e-08
        ],
        "r2": [
            0.8518253305365625,
            0.8441193607969215,
            0.846273419262979,
            0.8492965073632024,
            0.8440617455033448,
            0.8477011424434373,
            0.8491566517716185,
            0.8499539917999779,
            0.8525506202133476,
            0.8516323488171172,
            0.8510121340624419,
            0.8560461894200021,
            0.8495641567113211,
            0.8507254749402771,
            0.8470871012301904,
            0.8558410758052739,
            0.8471757697312892,
            0.8430751153841141,
            0.8328152675542061,
            0.8490077613583965
        ]
    }
}