{
    "kmeans": {
        "mse": [
            4.792530897890558e-06,
            4.689151178103843e-06,
            4.208729727183889e-06,
            5.32535707849953e-06,
            5.079661485055139e-06,
            4.589995985511058e-06,
            5.085962277973432e-06,
            5.0700698861274295e-06,
            4.776736968983794e-06,
            4.733505667276648e-06,
            5.187348330267157e-06,
            4.4528978438859356e-06,
            4.633583317567871e-06,
            4.751401396353576e-06,
            4.7630323868415615e-06,
            4.6330136501856354e-06,
            5.2269161748629024e-06,
            5.409448870482062e-06,
            5.140458378173676e-06,
            4.697305854398602e-06
        ],
        "r2": [
            0.8925521409020081,
            0.8984812211765862,
            0.9038948255345269,
            0.87825740739072,
            0.889678991507493,
            0.89570923140233,
            0.8990201864179028,
            0.8900215782976335,
            0.8919668233799606,
            0.8854425743428106,
            0.876177151889535,
            0.8965535783792277,
            0.8987402252200263,
            0.8954361226970573,
            0.8995806025381299,
            0.893369663067119,
            0.8909161927316839,
            0.8871683362038512,
            0.8877025876633198,
            0.8931410761036355
        ]
    },
    "quantile": {
        "mse": [
            4.765881279455678e-06,
            4.90349388452491e-06,
            4.413699685272181e-06,
            5.231171343855963e-06,
            4.966399993541377e-06,
            4.73822354575519e-06,
            5.164801669097162e-06,
            5.074322958287661e-06,
            4.753861464057645e-06,
            4.64319429647263e-06,
            5.114523617221046e-06,
            4.495138916813151e-06,
            4.626891227491876e-06,
            4.50007473304604e-06,
            4.6065233160813585e-06,
            4.681577583219746e-06,
            5.397623088669279e-06,
            5.471291717784261e-06,
            5.0604084690201645e-06,
            4.609703762417912e-06
        ],
        "r2": [
            0.8931496215458713,
            0.8938407630256142,
            0.8992143934661468,
            0.8804105804743827,
            0.8921388251015081,
            0.8923413055405176,
            0.8974548608052692,
            0.8899293219433674,
            0.8924841877397748,
            0.8876282352195688,
            0.8779154896313023,
            0.8955722650877623,
            0.8988864704664068,
            0.9009670572977869,
            0.9028802959490912,
            0.8922519481339878,
            0.887353602580616,
            0.8858784023266544,
            0.8894513417615719,
            0.8951339344718767
        ]
    },
    "linspace": {
        "mse": [
            4.641920704548438e-06,
            4.860872339067689e-06,
            4.393105474531617e-06,
            5.256914629305773e-06,
            4.810213450542401e-06,
            4.609393031616833e-06,
            4.962680154205439e-06,
            4.968243436090305e-06,
            4.759964200131987e-06,
            4.702701656983381e-06,
            5.186989545741287e-06,
            4.483568210414811e-06,
            4.578983636320464e-06,
            4.670485485714639e-06,
            4.781077343558505e-06,
            4.640399410366735e-06,
            5.252279959733609e-06,
            5.484373728960708e-06,
            5.109969754412213e-06,
            4.6831914116822425e-06
        ],
        "r2": [
            0.89592879995288,
            0.8947635072669575,
            0.8996846565489524,
            0.8798220651379006,
            0.8955309127410682,
            0.8952685049064286,
            0.9014679052950191,
            0.8922303668378624,
            0.8923461650752518,
            0.8861880742676358,
            0.8761857161345061,
            0.8958410671610406,
            0.8999334165467493,
            0.8972168355112596,
            0.8992001592546143,
            0.8931996773610366,
            0.8903868599228402,
            0.8856055344019953,
            0.8883686359613969,
            0.8934621652996168
        ]
    },
    "exact": {
        "mse": [
            4.734773817764639e-06,
            4.745990548253481e-06,
            4.27315588808312e-06,
            5.401104650428099e-06,
            4.889842310791054e-06,
            4.582456271554038e-06,
            5.120765332604131e-06,
            5.156708039912693e-06,
            4.9566151314276255e-06,
            4.670672446777013e-06,
            5.006865244184275e-06,
            4.586020105522341e-06,
            4.742562788817582e-06,
            4.679102090565211e-06,
            4.774013872650455e-06,
            4.730663440476041e-06,
            5.406266023972247e-06,
            5.399179346935811e-06,
            5.1459035546093234e-06,
            4.619579454278806e-06
        ],
        "r2": [
            0.8938470463996466,
            0.8972506651063048,
            0.9024236720429236,
            0.8765257477753163,
            0.8938015187266077,
            0.8958805436575186,
            0.8983291852313788,
            0.8881422496835287,
            0.88789860496652,
            0.8869632257356989,
            0.8804853125010276,
            0.8934609806850635,
            0.8963586479485985,
            0.8970272102749968,
            0.8993490789836792,
            0.8911222209427743,
            0.8871732277176413,
            0.8873825405444153,
            0.8875836334420316,
            0.8949092725406127
        ]
    }
}