{
    "kmeans": {
        "mse": [
            0.15882154898547274,
            0.15369227872006724,
            0.15558976549837333,
            0.14843476780776396,
            0.15099745242372187,
            0.1482014640037861,
            0.1610842738887989,
            0.14795428242423353,
            0.15247128226531753,
            0.14722286903308238,
            0.15839573666682052,
            0.15337781092380673,
            0.15510235272984782,
            0.15569566621463152,
            0.1552375044065366,
            0.14580461490141863,
            0.15122592701540025,
            0.1521106803025624,
            0.1457027327638484,
            0.14695498448774175
        ],
        "r2": [
            0.5585551009284437,
            0.5688034321505617,
            0.5631175752441309,
            0.5818570695213406,
            0.5792111814599648,
            0.5820875109040906,
            0.5475329232895452,
            0.5842684881366652,
            0.5735463189019328,
            0.5898270298566926,
            0.5559998163615552,
            0.5699961784656972,
            0.5611801386424655,
            0.5630531998880419,
            0.5656291964665303,
            0.5898910762859242,
            0.5756381717591993,
            0.5736449492001892,
            0.5928117011075884,
            0.5921235026773797
        ]
    },
    "quantile": {
        "mse": [
            0.1626829902477995,
            0.1572755347196114,
            0.15793463602689548,
            0.15036978952999588,
            0.15405908751468567,
            0.14835749046180458,
            0.1620635143458827,
            0.15088742047032125,
            0.1560500419839877,
            0.1491706562936709,
            0.1626678073500518,
            0.15715991009039096,
            0.15916001071064942,
            0.1600301553502299,
            0.15873302845317527,
            0.15037898133353225,
            0.1558168806596132,
            0.15381518078502196,
            0.14861976538159397,
            0.15013344232584225
        ],
        "r2": [
            0.5478222151254317,
            0.5587503071556259,
            0.5565333843177036,
            0.5764060847862698,
            0.5706792374301265,
            0.5816475327576287,
            0.5447823502117586,
            0.5760267671508035,
            0.5635367273702194,
            0.5844003614923954,
            0.5440247455181969,
            0.5593928383524338,
            0.549700100582224,
            0.5508888204678152,
            0.5558483539136074,
            0.5770246214386869,
            0.5627552916851459,
            0.5688673596953508,
            0.5846596127637231,
            0.5833016294050226
        ]
    },
    "linspace": {
        "mse": [
            0.20060073231169567,
            0.1994173336724475,
            0.19642113694011104,
            0.1942868220954449,
            0.1954716535300078,
            0.1911698056166474,
            0.20196335386048758,
            0.18862048948709978,
            0.19743019483247712,
            0.19376818490989411,
            0.20123849773671637,
            0.19933704351076917,
            0.19306465241032592,
            0.2001188785760633,
            0.19572424073967715,
            0.19172653108892368,
            0.19269291659869411,
            0.19841538735423137,
            0.1932940694788172,
            0.1937818194893275
        ],
        "r2": [
            0.4424297546857655,
            0.4405179585770672,
            0.4484666629271481,
            0.4526911562283862,
            0.45527368292183734,
            0.46092132191627155,
            0.43270832019904415,
            0.4700019493992659,
            0.44779874547319787,
            0.46014860024287874,
            0.43590697685146007,
            0.4411467345458385,
            0.4537761516016242,
            0.4383831884230891,
            0.4523430658970835,
            0.46072515355241495,
            0.45927580018374314,
            0.4438562605425913,
            0.459810520749547,
            0.4621546859834196
        ]
    },
    "exact": {
        "mse": [
            0.13961324970265684,
            0.13249105307469888,
            0.13622111403103362,
            0.13231170757469787,
            0.12987842232639513,
            0.12422159449380839,
            0.14932848739837082,
            0.12688568192868896,
            0.13756662763611177,
            0.12265167816428513,
            0.14002717023664227,
            0.13540442778543613,
            0.13606547833357746,
            0.13551415223420782,
            0.13385907499641242,
            0.12515699471217112,
            0.12856441294709775,
            0.1308876535517584,
            0.12101050321730587,
            0.12271658603666567
        ],
        "r2": [
            0.6119446176055197,
            0.6282852474285773,
            0.6175030509866929,
            0.6272759680294675,
            0.6380641725583064,
            0.6497082123760671,
            0.5805535665798279,
            0.6434684044442092,
            0.6152338074419695,
            0.6582840461124209,
            0.6074888718108771,
            0.6203856278185693,
            0.6150397896163129,
            0.6196909225013654,
            0.625448282045493,
            0.6479672441685014,
            0.6392296585533266,
            0.6331315324596052,
            0.6618178669782967,
            0.6593976621446253
        ]
    }
}