{
    "kmeans": {
        "SKL": {
            "mse": [
                2.46631847109657e-08,
                2.5599950133591345e-08,
                2.517976761759174e-08,
                2.537424863738021e-08,
                2.4725694406235633e-08,
                2.5086453356738096e-08,
                2.3117242730495304e-08,
                2.539825149502349e-08,
                2.339731764260223e-08,
                2.563554918864041e-08,
                2.5239916885205175e-08,
                2.5405031331550237e-08,
                2.5675743204465457e-08,
                2.5090547461267108e-08,
                2.658894515897262e-08,
                2.4098167800238482e-08,
                2.6711366523882206e-08,
                2.5350616955961143e-08,
                2.798520919343756e-08,
                2.5789377487036965e-08
            ],
            "r2": [
                0.8507842706937376,
                0.8429343257199375,
                0.8461842053639587,
                0.8463147022050029,
                0.8455250305349948,
                0.8487317140488814,
                0.8489817627048825,
                0.8514288939907423,
                0.8560369127083501,
                0.8512438083602945,
                0.8470786986594434,
                0.8551044306650618,
                0.8474961594918995,
                0.8482799898805233,
                0.8437686246296319,
                0.8583545249590726,
                0.8447984444488773,
                0.8455988798294646,
                0.8316146929407878,
                0.8446413588085347
            ]
        },
        "LGBM": {
            "mse": [
                2.4334767874982395e-08,
                2.485063255260864e-08,
                2.5845035423201373e-08,
                2.506261059088943e-08,
                2.3749017758157097e-08,
                2.4401406252117674e-08,
                2.2831262859149435e-08,
                2.4685754271304426e-08,
                2.2534365329020038e-08,
                2.4426358166696532e-08,
                2.407876200920936e-08,
                2.4884482771575713e-08,
                2.5712454908564075e-08,
                2.464374004242672e-08,
                2.5669059808393348e-08,
                2.397971512254049e-08,
                2.5478634060160044e-08,
                2.4920568391947612e-08,
                2.6621321171132995e-08,
                2.3888630857683762e-08
            ],
            "r2": [
                0.8527712386490931,
                0.847531681202772,
                0.8421202800045312,
                0.8482022136999692,
                0.8516268650440821,
                0.8528624654085141,
                0.8508499862026426,
                0.8555967596635902,
                0.8613466358632198,
                0.8582604183835741,
                0.8541137976854349,
                0.8580733378464641,
                0.8472781063737462,
                0.8509817892817746,
                0.84917368875101,
                0.8590507723228342,
                0.8519610130796132,
                0.8482181446831275,
                0.8398211244826321,
                0.8560917093931505
            ]
        }
    },
    "quantile": {
        "SKL": {
            "mse": [
                2.4902749201713026e-08,
                2.5170964664415555e-08,
                2.5550664090469793e-08,
                2.5002603127105074e-08,
                2.4452853976850312e-08,
                2.5458346208249363e-08,
                2.2917458964541828e-08,
                2.520625089864533e-08,
                2.3621202018682587e-08,
                2.5908096758063442e-08,
                2.4731236494681387e-08,
                2.5221981719175143e-08,
                2.554950317271705e-08,
                2.4755351991624742e-08,
                2.6158076118717828e-08,
                2.429566523766712e-08,
                2.6142150800303058e-08,
                2.533960025427897e-08,
                2.691142263557573e-08,
                2.5629723894260003e-08
            ],
            "r2": [
                0.8493348718986642,
                0.8455663188144878,
                0.843918507897252,
                0.8485656634743217,
                0.847229614289273,
                0.8464892450395874,
                0.8502868920633536,
                0.8525520319738404,
                0.8546593579617238,
                0.849662288176362,
                0.850160644913035,
                0.8561484395251764,
                0.8482459757489864,
                0.8503068830810263,
                0.8463003257693742,
                0.8571936641593704,
                0.8481057692787266,
                0.8456659784363059,
                0.8380756015590454,
                0.8456031332929181
            ]
        },
        "LGBM": {
            "mse": [
                2.4434995304485162e-08,
                2.476708984602878e-08,
                2.587954044043878e-08,
                2.490594676143624e-08,
                2.3411920071204054e-08,
                2.4364711836498502e-08,
                2.2761755389693416e-08,
                2.4959188655604298e-08,
                2.255230784214076e-08,
                2.477411630687653e-08,
                2.3894264897038775e-08,
                2.488597982403635e-08,
                2.554914525826782e-08,
                2.4565970984044315e-08,
                2.5848123732436745e-08,
                2.3926060315124643e-08,
                2.542856635229439e-08,
                2.48775939559268e-08,
                2.7041025798606987e-08,
                2.428166159120606e-08
            ],
            "r2": [
                0.852164848632353,
                0.8480442482769918,
                0.8419094990026608,
                0.8491510862213706,
                0.8537328991171096,
                0.8530837283058936,
                0.8513040583270074,
                0.8539972618042847,
                0.8612362360463652,
                0.8562424715019132,
                0.855231611924484,
                0.8580647995271927,
                0.8482481016203836,
                0.8514520509348125,
                0.8481215445999256,
                0.859366147364939,
                0.8522519224247671,
                0.848479885889341,
                0.8372957871845299,
                0.853724039962696
            ]
        }
    },
    "linspace": {
        "SKL": {
            "mse": [
                2.425567103485743e-08,
                2.5206363755404557e-08,
                2.5343733563057988e-08,
                2.5175341628534778e-08,
                2.5093112834115534e-08,
                2.5341339033793915e-08,
                2.2947815181154336e-08,
                2.5239327693955638e-08,
                2.3665946375106222e-08,
                2.562991711707818e-08,
                2.5485976915406618e-08,
                2.5178849012962266e-08,
                2.5761978262339893e-08,
                2.492751481647357e-08,
                2.608570734277631e-08,
                2.4317064032350464e-08,
                2.6591364247161147e-08,
                2.5300598017577178e-08,
                2.7838711579682564e-08,
                2.5490943241725407e-08
            ],