{
    "minibatch_kmeans": {
        "LGBM": [
            0.008029888114344193,
            0.0019356992209289886,
            0.014276386601045457,
            0.00403202116419301,
            0.004313057054965097,
            0.004485965489297051,
            0.004628831020393704,
            0.004624113634428955,
            0.022259766663759204,
            0.0055856197117990225,
            0.005710467801605454,
            0.002430163288652313,
            0.0032249345371142624,
            0.004021776711271041,
            0.009808146658263387,
            0.0057463557714596955,
            0.0023774259587415274,
            0.003943851392049878,
            0.003327945718687572,
            0.004515705655692572
        ],
        "XGB": [
            0.00452196992242124,
            0.0009349357142756319,
            0.005093231405341737,
            0.004027408955637336,
            0.0017255027327479624,
            0.0019920370468034755,
            0.0026964483561304096,
            0.0009634385183424941,
            0.019971579781338056,
            0.0014185798667884911,
            0.00442931629437073,
            0.0016494502836895699,
            0.0016224077144143846,
            0.0025873999576427114,
            0.008106846614134269,
            0.003534690131748777,
            0.0020442780314584214,
            0.0008073285972996896,
            0.0009172971683492136,
            0.002074683478463449
        ],
        "CAT": [
            0.0053101000430379975,
            0.001495991663740909,
            0.005598673408231085,
            0.0015390679266862695,
            0.0012402679409817983,
            0.002925126552056762,
            0.001278237341518599,
            0.0008585555629580762,
            0.020219631524638636,
            0.0012195822086379959,
            0.0010819702806296244,
            0.0030342321329838873,
            0.0015082125724903545,
            0.0028878601370938193,
            0.006962252271272253,
            0.0021484382731484174,
            0.00180280721534645,
            0.0005813945476885145,
            0.0006539202053894918,
            0.0015433699664238127
        ]
    },
    "linspace": {
        "LGBM": [
            0.021533181158571547,
            0.020500529521978693,
            0.0317469932750408,
            0.023892735442387243,
            0.02784630349264542,
            0.025361387237495713,
            0.024227175569066152,
            0.028754962898398205,
            0.031317162985507595,
            0.030486075609184045,
            0.027480839371015902,
            0.025120763556740346,
            0.023943879191650527,
            0.024211012821679697,
            0.024058665199657877,
            0.023183942644966565,
            0.023169888059980617,
            0.026224835329468055,
            0.02220906246818601,
            0.024572087800446226
        ],
        "XGB": [
            0.018449060782010078,
            0.019551593559209247,
            0.021341713900379155,
            0.025047398459326475,
            0.027357073881047286,
            0.027450981877451597,
            0.020807609351461892,
            0.020854544435884387,
            0.021699915768508472,
            0.02391009125702027,
            0.02329319533640279,
            0.02209220138629389,
            0.021853775762110058,
            0.02119827149507497,
            0.020733612357517122,
            0.02074207438477806,
            0.023407728853575782,
            0.023429613711700673,
            0.02328002998080854,
            0.021960296304828902
        ],
        "CAT": [
            0.019810700146546546,
            0.02016260246408506,
            0.02098706394400314,
            0.022014971227527047,
            0.02751929235923668,
            0.026819912552249317,
            0.021696190087902044,
            0.021151706443092787,
            0.019573141564614392,
            0.02360212056332573,
            0.021963055216656636,
            0.021815406198207397,
            0.02219366195432472,
            0.021883307752535223,
            0.020187371700573924,
            0.021026279121442983,
            0.02413806539760924,
            0.022121181731389872,
            0.02187723071685198,
            0.022448755061573702
        ]
    },
    "quantile": {
        "LGBM": [
            0.007956531501292361,
            0.0023084678015642492,
            0.014782376699633793,
            0.004158533510080076,
            0.004247404431575753,
            0.003396914209946865,
            0.00586900128218506,
            0.005014349718112027,
            0.025148373871869665,
            0.007817802418661923,
            0.0055779038987702895,
            0.006254756218269307,
            0.004486859106935205,
            0.004558727733539961,
            0.009120543652931894,
            0.004541006349663585,
            0.002365825206037957,
            0.0036982477931337037,
            0.0026643510535114038,
            0.004629386610517239
        ],
        "XGB": [
            0.004441907260295177,
            0.003063970506591237,
            0.007394671857291485,
            0.0023826725712379564,
            0.0028842325363377507,
            0.003784539979103616,
            0.005939708103689584,
            0.003933832956054144,
            0.014861453066774362,
            0.001973242340660713,
            0.006400202464034119,
            0.002584243121353219,
            0.0037710342051448897,
            0.0035081442383266964,
            0.007536831236540561,
            0.004539453617190327,
            0.0029751159699063856,
            0.0023890520943294848,
            0.0012979868421091093,
            0.002372586296295938
        ],
        "CAT": [
            0.004677422108900101,
            0.002005936062717243,
            0.007503982083682679,
            0.0019978833572293015,
            0.0028165565760560544,
            0.005116200096575054,
            0.003193045334790175,
            0.0035402708800239867,
            0.013013860070946294,
            0.0017325882448897777,
            0.0048893002284697545,
            0.0020147345397021213,
            0.0019532174939576336,
            0.0036936765375628986,
            0.007296905167867467,
            0.003843197730526498,
            0.0012348987477807918,
            0.0009460100932402896,
            0.0011584087242489645,
            0.0023589049303321995
        ]
    },
    "none": {
        "LGBM": [
            0.00821212704078728,
            0.002229548840576044,
            0.013340823677562052,
            0.0032799804022131504,
            0.00440381562284104,
            0.003889674433566229,
            0.004720870097292609,
            0.0038661200315242878,
            0.024824199147079097,
            0.007407881496554449,
            0.00491006814378791,
            0.005715575838092981,
            0.0037523181696461107,
            0.005949316034952213,
            0.009165047758612101,
            0.004758503511869531,
            0.0039957293188758744,
            0.0034204866158660885,
            0.003489856583332372,
            0.005599989215653109
        ],
        "XGB": [
            0.00499662248655144,
            0.0013794531423085444,
            0.006995373702922994,
            0.003706674883677894,
            0.003489004203477142,
            0.005236841587902965,
            0.003916475572094412,
            0.00402898594263222,
            0.020287669931932713,
            0.0017037203057197875,
            0.00579721936091728,
            0.002464896855014126,
            0.002778163892706361,
            0.003986381273699395,
            0.006591686126252603,
            0.004198358028085454,
            0.0021513414301954545,
            0.0010757845957986652,
            0.0017632258849937163,
            0.002231451020609508
        ],