{
    "minibatch_kmeans": {
        "LGBM": [
            10161.17883864181,
            9873.560127687866,
            10447.38825302912,
            10401.97442403802,
            10044.407012236356,
            9526.272939309725,
            9545.125477977568,
            10720.772868191436,
            9483.64912024774,
            9748.336011540834,
            9876.8412013652,
            9316.915063781558,
            9684.206112897547,
            10694.58384448446,
            10220.621356465548,
            9623.446051548246,
            9818.770427653748,
            10180.001513204243,
            9723.48468367156,
            10240.800323407997
        ],
        "XGB": [
            10082.673995241525,
            10272.732923016585,
            10203.790050445104,
            10333.37548497528,
            9981.091608905605,
            9626.46064182259,
            9559.251356733457,
            10722.712942306649,
            9543.215259277153,
            9947.112446324087,
            9850.22140674971,
            9558.417316238007,
            9986.844748216054,
            10674.050895197015,
            10041.156926997704,
            9783.440150549637,
            10061.678192803309,
            10220.055774643508,
            9926.613707768354,
            10105.645177876591
        ],
        "CAT": [
            10308.589580802789,
            10067.420268488248,
            10267.559959753755,
            10178.117242007098,
            10127.656357088332,
            9728.16679622581,
            9717.530077726202,
            10679.871963258378,
            9601.114427338656,
            9916.114410964774,
            9778.46270355049,
            9412.413178770901,
            9888.357691248893,
            10760.167275631802,
            10157.130671360816,
            9711.408877185788,
            9969.789216513587,
            10321.374906579686,
            10084.729451952846,
            10218.389819031403
        ]
    },
    "linspace": {
        "LGBM": [
            10026.199951432769,
            9757.947600680593,
            10167.412202641804,
            9906.81633207769,
            10027.514182364184,
            9492.066296095452,
            9558.056452166233,
            9916.918020892768,
            9360.881959290062,
            9268.413358837888,
            9838.03644056461,
            9259.589618230302,
            9600.06415128637,
            9946.027770525001,
            9813.122882838155,
            9496.32374466739,
            9892.92308506283,
            9866.362053302557,
            9696.415210538513,
            9974.443333747271
        ],
        "XGB": [
            10075.495816005163,
            10118.31102450675,
            9904.28530488197,
            9750.282920106318,
            9894.263814347667,
            9707.950376581857,
            9527.30159261443,
            10057.777509055457,
            9577.651318073846,
            9533.650049356662,
            9816.440550569161,
            9470.08613890563,
            9945.929856821484,
            9990.096449716832,
            9623.08060457267,
            9610.076961421173,
            10125.798922755854,
            9869.257752192218,
            9779.710596949459,
            10015.630593927359
        ],
        "CAT": [
            10258.528256584634,
            10107.567586614885,
            9976.885963026138,
            9643.794777155988,
            10149.320420455613,
            9776.371158170146,
            9712.510213465575,
            9977.230388306898,
            9552.69042235835,
            9530.510016731296,
            9818.524935022035,
            9424.150545479175,
            9949.934336050936,
            10030.877744674563,
            9658.389400067601,
            9544.042393821164,
            9964.207910225665,
            9897.342964730904,
            9997.754180299453,
            10271.886818154639
        ]
    },
    "quantile": {
        "LGBM": [
            10519.096942000197,
            10365.031534038339,
            10482.86229438209,
            10316.506070226927,
            10134.013869677596,
            9818.105019404868,
            10096.457894573861,
            10689.505085763802,
            9618.653243504707,
            9870.857382659631,
            10254.899033886168,
            9611.201536729342,
            10039.067851996193,
            10728.791696595801,
            10044.803671166244,
            10046.647234288386,
            10565.250876192933,
            10092.463865075091,
            9995.002003913623,
            10562.630988378627
        ],
        "XGB": [
            10537.6640148027,
            10694.662045664762,
            10223.19838103756,
            10124.573404642015,
            10241.641176173516,
            9891.783956733272,
            10030.36819788011,
            10696.961103291507,
            9731.242773932823,
            10100.178424148462,
            10396.594726545056,
            9797.846381699987,
            10262.896503931015,
            10644.496167653153,
            10035.880610253877,
            10149.544106070973,
            10683.636349904677,
            10148.713856070564,
            10226.354592439306,
            10601.153931930437
        ],
        "CAT": [
            10669.979217527081,
            10451.645920109966,
            10323.411533618806,
            10105.57300812968,
            10131.41668663936,
            9900.70807932896,
            10154.026589028961,
            10723.910054031596,
            9507.371601282004,
            10071.825752149116,
            10198.627715950872,
            9850.437108916565,
            10109.757870180933,
            10658.781038083733,
            9883.014168923608,
            10093.744163541212,
            10498.333210965418,
            10287.812249731935,
            10280.066129259345,
            10685.603697741311
        ]
    },
    "none": {
        "LGBM": [
            9884.408347061832,
            9699.86000494779,
            10031.121291613781,
            9833.84223539516,
            9873.256935418749,
            9442.622624058207,
            9484.982938601468,
            9957.664873454616,
            9304.764937390579,
            9212.54249813839,
            9849.239159123512,
            9249.133521778644,
            9467.824427860649,
            9734.491654177169,
            9709.837866773136,
            9481.01478823296,
            9871.010629804494,
            9784.861554122861,
            9575.436102513919,
            10025.14108340729
        ],
        "XGB": [
            9972.72740245651,
            10086.805643413214,
            9706.749191327106,
            9627.260813033172,
            9951.151394058023,
            9612.819840948043,
            9482.45055343339,
            10213.512280622766,
            9450.0709975461,
            9516.285282788027,
            9820.089129816612,
            9400.960858408132,
            9863.91884481693,
            9930.709297481037,
            9548.137706725933,
            9586.569403628893,
            10013.129588892038,
            9732.6595851664,
            9765.097536093557,
            9974.681246972357
        ],
        "CAT": [
            10267.143059433303,
            9992.965615269553,
            9952.070519263709,
            9545.351284265254,
            10017.130415450978,
            9756.20905368137,
            9658.92250368835,
            10025.087627717925,
            9432.403679387331,
            9462.355309478306,
            9761.805422022977,
            9377.454309318242,
            9704.004375501972,
            10049.330813660645,
            9559.239864747236,
            9564.288855856026,
            10119.412325953415,
            9796.009786410748,
            9935.434982509814,
            10068.860476923326
        ]
    }
}