{
    "kmeans": {
        "SKL": {
            "mse": [
                106.93777359432683,
                101.11045921259544,
                88.88564540193862,
                104.30905553892201,
                102.51064002300626,
                99.89166104705869,
                106.02082202969657,
                101.86912456757904,
                98.18773671158527,
                105.36889711012158,
                108.45904125110826,
                90.45191274319059,
                100.48576742984227,
                89.56927054027473,
                101.11146765979292,
                99.62956329751692,
                106.35036090182636,
                106.00344318947985,
                108.09569693492908,
                108.48500359110213
            ],
            "r2": [
                0.9081215873709049,
                0.912985014946454,
                0.923904135985205,
                0.9123853855287891,
                0.9127593082053007,
                0.9148527624627374,
                0.911634778652373,
                0.9131262580237637,
                0.9159626946985474,
                0.9078196734142859,
                0.9067178260030009,
                0.9222011185348372,
                0.9151851068298613,
                0.9229901324173536,
                0.9115244834672597,
                0.9142937434351083,
                0.9093569623314267,
                0.9110434363495703,
                0.910511656091229,
                0.9094027068646081
            ]
        },
        "LGBM": {
            "mse": [
                93.99929942924354,
                88.97306260029943,
                86.07784160880891,
                84.7961367490195,
                97.22284666974852,
                95.65969914499546,
                93.95549501174462,
                87.05824628947923,
                87.16139731747678,
                88.23060313332763,
                91.2384251345226,
                85.11629315504516,
                86.34310124819322,
                80.91244878040864,
                83.32318247926843,
                89.11403864925529,
                87.42531247717535,
                100.43785719776714,
                87.08975363413823,
                89.07156351730407
            ],
            "r2": [
                0.9192380191814272,
                0.9234303773059233,
                0.9263079240733272,
                0.9287753034333514,
                0.9172594337542397,
                0.9184600692343594,
                0.9216908720891339,
                0.9257569390415388,
                0.9253999613171067,
                0.9228128410304541,
                0.9215287305656157,
                0.9267903552164305,
                0.9271222074961321,
                0.9304330946452763,
                0.9270897576740786,
                0.9233397155701766,
                0.9254868923353197,
                0.9157139959995881,
                0.9279016829982288,
                0.9256151331254899
            ]
        }
    },
    "quantile": {
        "SKL": {
            "mse": [
                104.10304205593154,
                101.39613230276454,
                88.31403520101522,
                101.27347335172188,
                107.49582839167881,
                98.95605508295397,
                105.2585939405736,
                102.25996345556987,
                99.11763196429779,
                100.25554341743553,
                107.26730963467809,
                90.04055173544337,
                97.86372391383424,
                89.23263103328733,
                95.04570574943197,
                97.6747217304719,
                105.61844528028624,
                104.66373943722252,
                106.84050421124711,
                104.051782984467
            ],
            "r2": [
                0.9105571218431805,
                0.9127391665954045,
                0.9243934970279499,
                0.9149351292845262,
                0.9085167117108073,
                0.9156502691057532,
                0.9122700732343548,
                0.9127929515694899,
                0.9151668123015417,
                0.9122930106728837,
                0.9077427964869662,
                0.9225549355555118,
                0.9173982395588615,
                0.9232795683332633,
                0.9168322040513336,
                0.9159753944164396,
                0.9099807783174836,
                0.9121676964540028,
                0.91155078272914,
                0.9131049493270504
            ]
        },
        "LGBM": {
            "mse": [
                92.95291377851554,
                91.26596892381525,
                83.73917107367284,
                83.40413328770377,
                97.82462731966211,
                95.10980906504767,
                93.76662942329041,
                84.85639349628228,
                88.42003701497484,
                88.71561811861257,
                91.65422063463335,
                85.2293764585224,
                84.76954060036604,
                80.22275261708107,
                81.62614703217756,
                89.36640819988055,
                87.03931204923241,
                100.09517169086185,
                91.26275232955071,
                89.72444325453404
            ],
            "r2": [
                0.9201370490504375,
                0.9214571174570049,
                0.92831008262449,
                0.929944519720237,
                0.9167472941344369,
                0.9189287932576254,
                0.9218482859745312,
                0.9276346737549548,
                0.9243227118349858,
                0.9223885332796024,
                0.9211711180720782,
                0.9266930907777238,
                0.9284503695001232,
                0.9310260816137952,
                0.928574713745144,
                0.9231226148548952,
                0.9258158827687646,
                0.9160015727441718,
                0.9244470150236959,
                0.9250699044304813
            ]
        }
    },
    "linspace": {
        "SKL": {
            "mse": [
                109.43280730183818,
                105.28769252338905,
                93.15377296741246,
                101.43302100420642,
                109.54086129219206,
                110.75703889695524,
                114.11085548091832,
                104.99350401004617,
                102.81933664751347,
                101.03675543515604,
                111.00015906351389,
                97.02038722702503,
                100.85873363696236,
                92.28148055861388,
                102.291928163483,
                96.08411555677935,
                111.27378704558062,
                107.90706578475087,
                113.87970140367018,
                104.72260748831843
            ],
            "r2": [
                0.9059779132621484,
                0.9093901158931362,
                0.9202501505373701,
                0.9148011168923136,
                0.9067763061788191,
                0.9055911594518373,
                0.9048919748998546,
                0.910461794824802,
                0.9119985827749464,
                0.9116095795950117,
                0.9045322913422722,
                0.9165514871199034,
                0.9148703051437913,
                0.9206582284830159,
                0.9104915457082916,
                0.9173437121757888,
                0.9051606972917743,
                0.9094459436694512,
                0.905723297296705,
                0.9125447347148363
            ]
        },