{
    "minibatch_kmeans": {
        "LGBM": [
            0.023170741370478806,
            0.02212022145629011,
            0.023163523032115902,
            0.023304255373232087,
            0.023521580517681894,
            0.021673528424951054,
            0.021583107347836514,
            0.02422215427751843,
            0.02200870835339813,
            0.021325674674061705,
            0.022936099940977145,
            0.023536883112288767,
            0.022719415080010023,
            0.019970618273374856,
            0.022579283895804332,
            0.023143624674632574,
            0.02236317598909301,
            0.023495961684347866,
            0.02291888765386059,
            0.01961876407124162
        ],
        "XGB": [
            0.022575647784123024,
            0.023112150919829218,
            0.021902548519171904,
            0.025711187348379044,
            0.023641156955446076,
            0.023214897256637283,
            0.022169030947914108,
            0.026300944628465304,
            0.024516497916459018,
            0.022293031105215997,
            0.023942553576151878,
            0.023540874408075594,
            0.024343022428908782,
            0.021242639634063334,
            0.02224127612774152,
            0.024258733299485455,
            0.02570864860521289,
            0.02517937352120991,
            0.022099529850327135,
            0.022473316426952265
        ],
        "CAT": [
            0.026169531841856362,
            0.0240134319159558,
            0.02255190712201772,
            0.023804221168336474,
            0.025900746716347622,
            0.026122832801795472,
            0.024178805996385354,
            0.024537369389845635,
            0.022310387475358573,
            0.02283843368746958,
            0.024304515423824443,
            0.025113065700254462,
            0.024313011318358703,
            0.021911776142421343,
            0.023684599624464522,
            0.023862627962355158,
            0.023399786496421975,
            0.024539846211673374,
            0.023292783660669284,
            0.02351105709207317
        ]
    },
    "linspace": {
        "LGBM": [
            0.02374141040082328,
            0.0217802794915904,
            0.024532856902040386,
            0.023669903555693164,
            0.02414569898712837,
            0.021592752302134602,
            0.02172909078256882,
            0.024764208349387928,
            0.022067292828159536,
            0.02189873792777004,
            0.023010262191408528,
            0.02325102953718426,
            0.022048797411717502,
            0.020512152373495452,
            0.022451483706893427,
            0.023293278858045018,
            0.022454839547974313,
            0.023330726896458324,
            0.023379923489028755,
            0.020042160031135278
        ],
        "XGB": [
            0.023657171155587183,
            0.023553793700083352,
            0.021885340742972895,
            0.025887261077643546,
            0.024179498888761933,
            0.022634626901604518,
            0.022513384207435417,
            0.027137092407998716,
            0.024169921157643805,
            0.02242247776700106,
            0.024902456853587256,
            0.023614352215072694,
            0.02435522896867708,
            0.021878916341335184,
            0.02276627766170245,
            0.024388329359431936,
            0.02476922059676498,
            0.02485630831591352,
            0.022794974928985426,
            0.022529806889012672
        ],
        "CAT": [
            0.02731837721732185,
            0.025332751702584595,
            0.0232903123075251,
            0.023761769480610002,
            0.025602384901344408,
            0.026130122180670814,
            0.025189056576050535,
            0.025517819002830094,
            0.02195005446482747,
            0.02293158481462065,
            0.02359345878771954,
            0.025501690844913473,
            0.024352794948672887,
            0.022704093640694666,
            0.02336490119040852,
            0.023781670649043168,
            0.0230260348420196,
            0.024756911987627788,
            0.02333544898321702,
            0.02437289825348779
        ]
    },
    "quantile": {
        "LGBM": [
            0.023047210330873615,
            0.021748904258699717,
            0.02328431538083206,
            0.023801060965719215,
            0.023650002935491094,
            0.02139350687692818,
            0.02182118284663049,
            0.02426125365711542,
            0.022054150616895987,
            0.021265663952901626,
            0.022620362028258362,
            0.024382261716771155,
            0.02230797697603699,
            0.020268027842956737,
            0.022309685476161804,
            0.0234831712000019,
            0.022615399004769433,
            0.023382874983962774,
            0.022565491744860316,
            0.02045944718444224
        ],
        "XGB": [
            0.023931372357162927,
            0.02305445054486825,
            0.02212858079834895,
            0.025274424929744705,
            0.025942342513263647,
            0.02339902283586943,
            0.02165078461027585,
            0.025151994731528973,
            0.023976227245795127,
            0.021722526784796324,
            0.024527319487268558,
            0.023298774624938078,
            0.02528243431833203,
            0.02115631170821633,
            0.02230997735937318,
            0.02443917612526198,
            0.025320484279468893,
            0.024703856164566936,
            0.022292597235294438,
            0.022599315979803507
        ],
        "CAT": [
            0.026798315948965055,
            0.025559124599002836,
            0.022169668432049074,
            0.024299016071566547,
            0.025491880073005877,
            0.027135012191433747,
            0.025559175292797717,
            0.02677311648201615,
            0.021955528692309823,
            0.02275779220308954,
            0.023903674119598126,
            0.024694816984835697,
            0.024327254562221616,
            0.021986331444805232,
            0.02350718885567387,
            0.024214708726747303,
            0.023992135222551798,
            0.023711859699867985,
            0.024900597087634806,
            0.023340538818636212
        ]
    },
    "none": {
        "LGBM": [
            0.023384309660543032,
            0.02173265129109806,
            0.02381907729629775,
            0.024131950403701613,
            0.02367039361401723,
            0.021157694240743388,
            0.022286524040529387,
            0.024078989921575672,
            0.021883934127019052,
            0.021437189463251755,
            0.022371855057043467,
            0.02337491934485849,
            0.022612130766058103,
            0.020008857921616042,
            0.022667823071828415,
            0.02270102952598711,
            0.02236428612552037,
            0.02411970760296647,
            0.022873667313812702,
            0.021401920572355564
        ],
        "XGB": [
            0.023160312623747934,
            0.02328439231507309,
            0.021244185840407166,
            0.025755752208331605,
            0.02404231254994491,
            0.02330667972192321,
            0.02185759387393118,
            0.02519992303904341,
            0.023012993927195302,
            0.02270940333206787,
            0.024532113581180917,
            0.024003518561049753,
            0.02530745022383865,
            0.021037486013918395,
            0.02254827203284118,
            0.0250862868339548,
            0.025914148136425487,
            0.02544444672156493,
            0.0225027438395318,
            0.02171648054527486
        ],