{
    "minibatch_kmeans": {
        "LGBM": [
            0.0,
            0.0007832455399737645,
            0.0006477124432273786,
            0.0007335044110592023,
            0.0007153313617995337,
            0.0006880692476528857,
            0.001173367075764172,
            0.0007224359914937618,
            0.0012227987419118887,
            0.0007116703041777172,
            0.0007115694293245999,
            0.0006698176221271322,
            0.0007068796182096802,
            0.0012006902670077255,
            0.0011703813066701165,
            0.001189079108868266,
            0.0011806325037938873,
            0.001181717577691959,
            0.0012134482099384698,
            0.0012587875697836434
        ],
        "XGB": [
            0.0,
            0.0007996839462840536,
            0.0006495053776584558,
            0.0007429531528152153,
            0.0007211780547345247,
            0.0006964572270634073,
            0.0011699050446550836,
            0.0007345995330274738,
            0.0012294193664620719,
            0.0007214950195807919,
            0.0007198002434888252,
            0.0006904110366854982,
            0.0007212016522004653,
            0.0012116686136353098,
            0.0011893236793462,
            0.0011940997426647293,
            0.001187739725609223,
            0.0011790193153671824,
            0.0012174331344665884,
            0.0012474328961360065
        ],
        "CAT": [
            0.0,
            0.0008053044465854848,
            0.0006442054434148785,
            0.0007349500180326622,
            0.0007246138100332195,
            0.000691709114512205,
            0.0011813422897020294,
            0.0007385137978677694,
            0.0012374864215182859,
            0.0007114873926531786,
            0.000723581399232291,
            0.0006850107204625751,
            0.0007269876593281698,
            0.0012159891352888708,
            0.0011961591343141302,
            0.0012083928809611289,
            0.0011969758521732502,
            0.0011877643391147643,
            0.0012214559596356743,
            0.0012499529289963067
        ]
    },
    "linspace": {
        "LGBM": [
            0.0,
            0.0008027770631634211,
            0.0006524268507063735,
            0.0007443806293886868,
            0.0007193024963279807,
            0.0006985561940838944,
            0.001183343890736275,
            0.0007314300433513321,
            0.0012314811154926224,
            0.0007224685639396712,
            0.0007235571690584218,
            0.0006872562806857076,
            0.0007262918343342597,
            0.001216691339833815,
            0.0011901618515011158,
            0.0012038498884448445,
            0.0011958894831589617,
            0.0011830770364398043,
            0.0012206841819220222,
            0.0012560230884784529
        ],
        "XGB": [
            0.0,
            0.0008059010276077233,
            0.0006570396138662878,
            0.0007547928020163512,
            0.0007214027202390304,
            0.0007021185731276371,
            0.0011895666447082859,
            0.000741578175014756,
            0.001240776557993781,
            0.0007270852647925464,
            0.0007232809146530625,
            0.0006934250696508067,
            0.0007290425024324038,
            0.0012167938741514434,
            0.0011997459925519706,
            0.0012101685536818746,
            0.0012131841289132106,
            0.001187454889212753,
            0.0012247095041634482,
            0.0012523752133765786
        ],
        "CAT": [
            0.0,
            0.0008123901473748733,
            0.0006576800939234745,
            0.000746352530659268,
            0.0007277872177141594,
            0.0007014107827946624,
            0.0011870935534408454,
            0.0007488694004397079,
            0.0012456430183355037,
            0.0007315875451918125,
            0.0007293127983420187,
            0.0006983740058859668,
            0.0007317875018245112,
            0.0012286689958444774,
            0.0012000873592307615,
            0.0012158056461166597,
            0.0012104600157543221,
            0.001203097471173149,
            0.0012318040531796271,
            0.0012514832488106072
        ]
    },
    "none": {
        "LGBM": [
            0.0,
            0.0007883805233594943,
            0.0006462171026379729,
            0.0007370463248180883,
            0.0007124447076613027,
            0.0006882174270855933,
            0.0011756718494973554,
            0.0007251192680221389,
            0.0012249114576780695,
            0.0007194994012069023,
            0.0007146976638012959,
            0.0006696963400184096,
            0.0007081145193532874,
            0.0012084629775860622,
            0.0011763455794670695,
            0.001193516337463256,
            0.0011766912953018846,
            0.0011777189581452267,
            0.0012099815915128968,
            0.0012450557554655112
        ],
        "XGB": [
            0.0,
            0.0008026202026379538,
            0.0006744359284568717,
            0.000739982424774779,
            0.0007231453011907069,
            0.0006954857336507459,
            0.00117272487099918,
            0.0007358069102549912,
            0.0012282251091049851,
            0.0007365095048030637,
            0.000723502606312212,
            0.0006836287715587695,
            0.0007259720751442007,
            0.0012280801084605562,
            0.0011988386614708638,
            0.001201249330823448,
            0.0011900331112779813,
            0.0011812617254226482,
            0.001218556728715195,
            0.0012530860407761468
        ],
        "CAT": [
            0.0,
            0.0008032345069321031,
            0.0006442973818509014,
            0.0007371930360507312,
            0.0007244090610321223,
            0.000695099808424277,
            0.0011797424849513292,
            0.0007405393949652834,
            0.0012392972390588082,
            0.0007153484334625349,
            0.0007261668835802057,
            0.0006977212456642567,
            0.0007288720490022983,
            0.0012179782965550422,
            0.0011951807476741597,
            0.001210492226171502,
            0.0011986058194006686,
            0.0011958506950428141,
            0.0012206622278185632,
            0.0012497251831492277
        ]
    }
}