{
    "minibatch_kmeans": {
        "LGBM": [
            0.0,
            0.2619230896593264,
            0.33923299819140507,
            0.31475718784389656,
            0.255660212967752,
            0.3771743906231363,
            0.26740636178043226,
            0.3660073027820965,
            0.3243400676629518,
            0.3408075312623905,
            0.24121968027193688,
            0.39105284822541986,
            0.30975534033294244,
            0.4007240561630668,
            0.24522783775772453,
            0.3393771413650977,
            0.2565698957806539,
            0.3785785220849357,
            0.364099436145226,
            0.4390915035733318
        ],
        "XGB": [
            0.0,
            0.2568905621309006,
            0.319180971031099,
            0.29965499413431007,
            0.24389471453008824,
            0.38019296680697723,
            0.2956133024487159,
            0.37837080226837455,
            0.3510172583502071,
            0.39113490095212405,
            0.26300016630791107,
            0.3751100342194637,
            0.32519058681963375,
            0.424719727796848,
            0.24381862859697073,
            0.35915665064303626,
            0.2700026243692735,
            0.3922505691877019,
            0.3518744863771463,
            0.4385318889369809
        ],
        "CAT": [
            0.0,
            0.28289856662424273,
            0.33360610000232055,
            0.3123532090386239,
            0.26851375643596614,
            0.4227125131508819,
            0.3177646751971045,
            0.37502818034277524,
            0.33613060156283125,
            0.3622164471339918,
            0.27436217640596705,
            0.40454428823031313,
            0.3338053501903317,
            0.40772293238942353,
            0.272277377991087,
            0.35696646431121193,
            0.27247293388405647,
            0.39974513818236596,
            0.38206114054929263,
            0.4621468680443809
        ]
    },
    "linspace": {
        "LGBM": [
            0.0,
            0.27592110474430037,
            0.361917564329436,
            0.320636995452541,
            0.2613170796472687,
            0.38284691685361427,
            0.31146473526276713,
            0.38237982318104086,
            0.3542345352740304,
            0.3466834369841492,
            0.24148733542245238,
            0.39004305012343443,
            0.3238068168791229,
            0.4077203354721023,
            0.29335877418533773,
            0.371345558592958,
            0.288014847617944,
            0.3864778389575679,
            0.4001456918275198,
            0.46076225694666767
        ],
        "XGB": [
            0.0,
            0.27327384728127185,
            0.3160286010939476,
            0.3419032374613176,
            0.2779024235242233,
            0.42301893660243345,
            0.31929920966698594,
            0.42487400370769507,
            0.36104799413727034,
            0.4233164329786986,
            0.26478236578088066,
            0.38640527325037405,
            0.34308146233448245,
            0.44293672187972755,
            0.283248180467238,
            0.3887798266134117,
            0.30560474612602223,
            0.41082997462427556,
            0.4036256342046051,
            0.46747130272852844
        ],
        "CAT": [
            0.0,
            0.28292564497199035,
            0.37191297524717626,
            0.34320741150893025,
            0.30603484032158795,
            0.42599708574666983,
            0.32886822876694516,
            0.4103815819579751,
            0.36625161872635814,
            0.37148225730455336,
            0.2785181029203459,
            0.414651713754021,
            0.35855476024266153,
            0.46592691646524825,
            0.3016091478855558,
            0.4129965971810945,
            0.30708031321380425,
            0.4085088474876366,
            0.40820111689776023,
            0.4917867544035069
        ]
    },
    "none": {
        "LGBM": [
            0.0,
            0.23323960224342824,
            0.3279460018637718,
            0.31217021847288173,
            0.2569066336645888,
            0.3905227699727015,
            0.28784304783412434,
            0.34162813039357953,
            0.3201536794556608,
            0.33503517703977853,
            0.23169989227939908,
            0.36704926453581455,
            0.3204640810758946,
            0.39483064804225493,
            0.27329683226175944,
            0.3486806870737356,
            0.2582238922449393,
            0.347898920779248,
            0.3596897219319867,
            0.4490820209900817
        ],
        "XGB": [
            0.0,
            0.2613906680827458,
            0.28088311290289486,
            0.2931550192319454,
            0.25306063942136536,
            0.3946597085978813,
            0.2870740694296695,
            0.3422569688730073,
            0.3229504299843959,
            0.4170104774552307,
            0.2592885982961552,
            0.35979886702035146,
            0.35707119865097664,
            0.4197549624550291,
            0.2637152129154354,
            0.3592967887925223,
            0.2530343261910197,
            0.3850774455852886,
            0.3470136250898096,
            0.40447771024946405
        ],
        "CAT": [
            0.0,
            0.27709392046587694,
            0.33150167121654067,
            0.31236200392278346,
            0.27365039564325605,
            0.42228120370278865,
            0.29094844856046204,
            0.3647557781774897,
            0.32925470305266324,
            0.35844869731823475,
            0.2747350629641543,
            0.38209381909207196,
            0.3482254629549858,
            0.3989329443477841,
            0.2871482024745113,
            0.3842557673606755,
            0.2744319393990717,
            0.36702669100508645,
            0.37718160381867494,
            0.4405882222761909
        ]
    }
}