{
    "kmeans": {
        "SKL": {
            "mse": [
                4.6180817968970445,
                4.82379794846128,
                4.491982173624558,
                4.6925228807957,
                4.300676772953166,
                5.736269583389204,
                4.304054516727352,
                5.50313164854664,
                4.6181079528848406,
                5.258375825104816,
                5.435871390228726,
                4.809854947755266,
                6.159806178401246,
                4.560382630498243,
                4.961588896078619,
                5.105224152174089,
                4.418189926844134,
                5.006302527718166,
                4.706872860038933,
                5.3458882979206575
            ],
            "r2": [
                0.986601317900779,
                0.987192785601871,
                0.9869774622950855,
                0.9873031581021948,
                0.9863885753484498,
                0.9831831031653546,
                0.9872583409503307,
                0.9842532724472862,
                0.9847934887603642,
                0.9840548961617949,
                0.9839622081557048,
                0.9835518982960486,
                0.9807041633946629,
                0.9868996224890789,
                0.9846488291509091,
                0.9817747518292326,
                0.9871242659782926,
                0.9828648956173737,
                0.9867302998357959,
                0.9845823047853265
            ]
        },
        "LGBM": {
            "mse": [
                5.479744588424104,
                5.066157788219293,
                4.547445519587626,
                4.551707785496376,
                4.306735951515273,
                5.401990120575742,
                4.236749126113986,
                4.758829987563415,
                4.384667499920037,
                4.737620954395171,
                4.8313152884920285,
                4.692826538935625,
                5.9207870297725895,
                4.5402883061216075,
                4.384115770177926,
                4.647110258752193,
                4.256928091848719,
                4.519093765422133,
                4.522393268143992,
                4.315240703426936
            ],
            "r2": [
                0.9841013306055874,
                0.9865493186775842,
                0.9868166705808428,
                0.9876841699900978,
                0.9863693983545015,
                0.9841631029994546,
                0.987457590828804,
                0.9863830262349556,
                0.9855621617554546,
                0.9856339941121683,
                0.9857458678896861,
                0.9839520964707181,
                0.9814529003360389,
                0.9869573464250927,
                0.9864355327255375,
                0.9834101823508355,
                0.9875942241579168,
                0.9845324682324624,
                0.9872503880012621,
                0.9875547220151855
            ]
        }
    },
    "quantile": {
        "SKL": {
            "mse": [
                4.735347666309989,
                5.139841956148375,
                4.68054465584293,
                4.954783420959892,
                4.481890109921878,
                7.5876741020695455,
                4.623078950632369,
                5.531143236853741,
                5.055736259763189,
                4.961293570327016,
                4.739168456712691,
                4.709245407310049,
                6.208941578294328,
                5.133354495971836,
                4.431065527177413,
                4.914570588377421,
                4.8298920018174805,
                4.7725425721457535,
                4.643898057724567,
                4.980173263731128
            ],
            "r2": [
                0.9862610883044977,
                0.9863536867405716,
                0.9864308078473365,
                0.9865935439566516,
                0.985815044294566,
                0.9777553807863363,
                0.986313905755671,
                0.9841731197492298,
                0.9833524657623697,
                0.9849557460741013,
                0.9860177344592015,
                0.9838959494101893,
                0.9805502448101465,
                0.985253675569923,
                0.9862902700372902,
                0.9824553700374176,
                0.9859244609673459,
                0.9836649873451576,
                0.9869078395249823,
                0.9856370374356048
            ]
        },
        "LGBM": {
            "mse": [
                5.1714319774273,
                5.406697339531133,
                5.306189705333549,
                4.628472991650177,
                4.451018206184845,
                6.18825974224833,
                4.670738285923243,
                5.8821149144983504,
                5.177732584707995,
                5.029531164591451,
                5.263993215128903,
                5.216379425847786,
                6.000091355471871,
                4.907823768753879,
                4.637111238308818,
                6.204831658183097,
                4.79155936045395,
                5.263417583829013,
                4.631941050667299,
                4.477819424099863
            ],
            "r2": [
                0.984995854099022,
                0.9856451839913285,
                0.9846170236576476,
                0.9874764617464628,
                0.985912752309781,
                0.9818580134426157,
                0.9861728157675098,
                0.983168845139872,
                0.9829507561216696,
                0.9847488275193222,
                0.9844693111014778,
                0.982161719998898,
                0.9812044763976112,
                0.9859015461339211,
                0.9856527639922407,
                0.9778492396303375,
                0.9860361720759035,
                0.9819848662343287,
                0.9869415489331668,
                0.9870858403206872
            ]
        }
    },
    "linspace": {
        "SKL": {
            "mse": [
                4.938999659946052,
                4.841061343290131,
                4.5293996768549585,
                4.777524319408975,
                4.3984179017862175,
                5.598849381734526,
                4.425158218091766,
                5.871053045932121,
                4.746741966651885,
                5.120254404644401,
                5.0313804448649675,
                4.8508238195928906,
                5.744849850524983,
                4.662778168841527,
                4.888957383415649,
                5.737785820435249,
                4.693377949195805,
                5.348813349653474,
                4.601414874401763,
                4.8395438281775
            ],
            "r2": [
                0.9856702221307032,
                0.9871469511782125,
                0.9868689866093397,
                0.9870731645881353,
                0.9860792296150445,
                0.9835859749831148,
                0.9868998273519454,
                0.9832004977045681,
                0.9843699225301885,
                0.9844737251813958,
                0.9851556031275408,
                0.9834117984015609,
                0.9820040305120937,
                0.986605476072776,
                0.9848735512678097,
                0.9795165564897654,
                0.9863222977876017,
                0.9816925815884978,
                0.9870276088753509,
                0.9860426167621352
            ]
        },