{
    "kmeans": {
        "SKL": {
            "mse": [
                0.3576348187815283,
                0.2714206792506565,
                0.2904767245213214,
                0.30836939573022326,
                0.2575242938959862,
                0.4312276451970118,
                0.29832142591960803,
                0.3515995653161386,
                0.34620018668066854,
                0.4324455585568102,
                0.29006823778122104,
                0.379357096088044,
                0.3235516620696565,
                0.3831257513986048,
                0.2753772127167484,
                0.37499548722677095,
                0.2706881824846289,
                0.3721720218611805,
                0.35822481029358033,
                0.45439161503822484
            ],
            "r2": [
                0.5442718688553546,
                0.5741562341140622,
                0.6370901587805893,
                0.5558238052606045,
                0.6159174157065287,
                0.46028614523137834,
                0.5646332008802315,
                0.5555149794876708,
                0.5335958883721599,
                0.42026588553314415,
                0.5376210430501601,
                0.5342464768548467,
                0.5354209873074585,
                0.5615247747326166,
                0.5940913424689436,
                0.5325066224328734,
                0.5674716429375573,
                0.534671400318218,
                0.5314373696199368,
                0.4825903207120653
            ]
        },
        "LGBM": {
            "mse": [
                0.3421704023308221,
                0.24098387322806417,
                0.31482234566609624,
                0.30992310545369645,
                0.2485013688424823,
                0.39032749185072096,
                0.27056752932966177,
                0.3371570418510602,
                0.323881169065321,
                0.3392551256431518,
                0.24863256030273417,
                0.3797007875219691,
                0.3209937954357408,
                0.39022488480767303,
                0.2598804069070901,
                0.3426965236510907,
                0.27039384611377804,
                0.34873040289428414,
                0.3381126147191009,
                0.447710310596186
            ],
            "r2": [
                0.5639779188208869,
                0.6219098692975875,
                0.6066737269008995,
                0.5535858371539846,
                0.6293745863680112,
                0.5114757655375379,
                0.6051369128889095,
                0.5737729239559841,
                0.5636642765007143,
                0.5451964624184318,
                0.6036709679904532,
                0.5338245116461393,
                0.5390937582887056,
                0.5534000425542623,
                0.6169337831348243,
                0.5727725778596415,
                0.5679419583600456,
                0.5639805774927679,
                0.5577443784878405,
                0.4901982330814201
            ]
        }
    },
    "quantile": {
        "SKL": {
            "mse": [
                0.36348406563225966,
                0.27030587502762093,
                0.2935828495682641,
                0.29236850727867464,
                0.2452033239740988,
                0.38792889030840966,
                0.2716095452223259,
                0.35825453197078566,
                0.32563092367175617,
                0.3461174497016762,
                0.27736635733289156,
                0.3654091136013704,
                0.32581659191880785,
                0.3878437111254518,
                0.2713545155655305,
                0.38307239971211715,
                0.2675277859035496,
                0.3841998886382604,
                0.3472508246171183,
                0.43665994433732497
            ],
            "r2": [
                0.5368182703915096,
                0.5759052991811515,
                0.6332094920956726,
                0.578871532574881,
                0.6342934294682128,
                0.5144777959010212,
                0.6036162070850181,
                0.54710190597508,
                0.5613069908198318,
                0.5359968688914916,
                0.557868286519229,
                0.5513710332449224,
                0.5321688362710344,
                0.5561252200264142,
                0.6000208367222841,
                0.5224374263313075,
                0.5725215905500934,
                0.5196328964120183,
                0.5457914831446313,
                0.502781137943189
            ]
        },
        "LGBM": {
            "mse": [
                0.3561870931766454,
                0.24842840563028923,
                0.32484518889195985,
                0.3054098198859244,
                0.24324241132768465,
                0.3782916752991799,
                0.2739308788521475,
                0.3525617966036216,
                0.312747054984168,
                0.33129209219827893,
                0.24160139247937526,
                0.3785319087511997,
                0.3244192703483487,
                0.3911922142151826,
                0.263324917867474,
                0.3403878195370464,
                0.2557000961685246,
                0.3357621093599522,
                0.33949843846937944,
                0.43260413188001673
            ],
            "r2": [
                0.5461166816355292,
                0.6102298170547895,
                0.5941515929858352,
                0.5600867871088855,
                0.637218017224243,
                0.5265394958402473,
                0.6002284799414207,
                0.5542985462615093,
                0.5786642585532171,
                0.5558716608365625,
                0.6148788964047184,
                0.5352595959274917,
                0.5341752122280157,
                0.5522929648433094,
                0.6118565408823269,
                0.5756507561866917,
                0.5914208685384303,
                0.5801949018270238,
                0.5559317033100897,
                0.5073994375625852
            ]
        }
    },
    "linspace": {
        "SKL": {
            "mse": [
                0.392408225192081,
                0.2845577822152266,
                0.3340499337714943,
                0.3468073702567351,
                0.28199672641336626,
                0.43853352565708736,
                0.31964830369688596,
                0.40870456926042364,
                0.38032693637079634,
                0.4538204154034321,
                0.28010380553418757,
                0.40015947352391,
                0.33837415948156,
                0.4064388133392764,
                0.29440459892299753,
                0.39362805018295577,
                0.2882977155193785,
                0.42978241174455,
                0.38835706742263604,
                0.48031965972201623
            ],
            "r2": [
                0.49996069252468767,
                0.5535448591270535,
                0.5826515579720081,
                0.5004576324332195,
                0.5794181985529838,
                0.4511422859507779,
                0.5335090049412708,
                0.4833239947613108,
                0.48762001376452646,
                0.39161087113737425,
                0.553504697959167,
                0.5087064759415616,
                0.5141377672825297,
                0.5348437175371862,
                0.5660447923745909,
                0.5092780767947991,
                0.5393336491683259,
                0.4626408325246263,
                0.4920239921709886,
                0.4530664016070105
            ]
        },