{
    "kmeans": {
        "SKL": {
            "mse": [
                0.0047245449361431385,
                0.0014326848957585863,
                0.005123201387015302,
                0.0023042580875989763,
                0.002849177897103729,
                0.0024966437283564153,
                0.0013430149902692408,
                0.0006557324851751939,
                0.012935579860589023,
                0.0007202183034861229,
                0.0037074924368050532,
                0.001974286597024516,
                0.0015306090844369373,
                0.0015288262809478143,
                0.007988693961045722,
                0.0022106785528891045,
                0.0011386686937993563,
                0.0007692068995343549,
                0.0005080112848385761,
                0.0009591072106710902
            ],
            "r2": [
                0.9926898785902499,
                0.9976872259893566,
                0.9922655080833291,
                0.9964322922382333,
                0.9954552432785491,
                0.9959981677878342,
                0.9978418558586092,
                0.9989623606896059,
                0.9800505126156184,
                0.9988753456779754,
                0.9942210374055791,
                0.9968508661544841,
                0.997620617528627,
                0.9975265564581144,
                0.9875416700286973,
                0.996487330772398,
                0.9982345633909322,
                0.9988030108661652,
                0.9991961793036809,
                0.9985831738815293
            ]
        },
        "LGBM": {
            "mse": [
                0.007842205425021538,
                0.001551548490608597,
                0.015784953977395978,
                0.004212424603616894,
                0.003698155357260398,
                0.004273368844726634,
                0.003725790281732555,
                0.004762307579408798,
                0.022694855695531164,
                0.006765131992544738,
                0.004874175875431404,
                0.004252404689253547,
                0.0034019725674675956,
                0.005759858735477177,
                0.007514328214680883,
                0.004015079305405543,
                0.002565630469187475,
                0.002923293493993162,
                0.003946618402937627,
                0.003130958304948684
            ],
            "r2": [
                0.9878660326969169,
                0.9974953452528494,
                0.9761694710552227,
                0.9934778573480713,
                0.9941010294815342,
                0.9931502821555759,
                0.9940128795830047,
                0.9924640647454545,
                0.9649995792791817,
                0.9894359322754576,
                0.9924024983077185,
                0.9932170984942402,
                0.9947115210686849,
                0.9906812921984786,
                0.988281441138232,
                0.9936202187766974,
                0.9960221458793865,
                0.9954509631291164,
                0.9937553088928658,
                0.995374840838502
            ]
        }
    },
    "quantile": {
        "SKL": {
            "mse": [
                0.007429385811768231,
                0.001069002571828082,
                0.008686682006933694,
                0.008486478428059562,
                0.003987118746677878,
                0.00519140371789402,
                0.008640433407201288,
                0.003389598396562524,
                0.025205443333557356,
                0.006082817485480626,
                0.004949238254072153,
                0.0012129214817743453,
                0.003475693853186238,
                0.003350086835413423,
                0.007193443243988251,
                0.0036862081366506845,
                0.0016448507903942052,
                0.0016772440346090889,
                0.0030161277737982832,
                0.0025044666472521754
            ],
            "r2": [
                0.9885047738950631,
                0.9982743160252793,
                0.9868857250203742,
                0.9868602935058363,
                0.993640100626357,
                0.991678778037625,
                0.9861153443022328,
                0.9946362569763758,
                0.9611277051960737,
                0.9905013980594225,
                0.9922854966722987,
                0.9980653000957583,
                0.994596918890513,
                0.9945799920167043,
                0.9887818597131849,
                0.9941427803371834,
                0.9974497588125245,
                0.9973899832601194,
                0.9952276140320536,
                0.9963003158362422
            ]
        },
        "LGBM": {
            "mse": [
                0.007300619210637951,
                0.0025888291026905544,
                0.00935685798938762,
                0.005027599471539777,
                0.0033256760715838973,
                0.004180589981576047,
                0.00472208588272914,
                0.005442305506204291,
                0.023388200918191302,
                0.0037236379554417085,
                0.004009478298007047,
                0.006215844981950129,
                0.003371255145689721,
                0.0035538204929582797,
                0.009494749063127044,
                0.004445166403417071,
                0.0016523994661747584,
                0.0029886295792776974,
                0.003068752471111593,
                0.006559812404835281
            ],
            "r2": [
                0.988704009906257,
                0.9958208698336768,
                0.9858739610221494,
                0.9922157132683185,
                0.9946951755118332,
                0.9932989959824416,
                0.9924118926022465,
                0.991388027495842,
                0.9639302896206159,
                0.9941853664368541,
                0.9937503243763074,
                0.9900852653101934,
                0.9947592723173134,
                0.99425037726204,
                0.9851929843100824,
                0.9929368296370148,
                0.9974380550494848,
                0.9953492914148089,
                0.99514434654942,
                0.9903096197755245
            ]
        }
    },
    "linspace": {
        "SKL": {
            "mse": [
                0.018593837611682085,
                0.017220176902449324,
                0.01789812839386465,
                0.022769927585242485,
                0.02596510815663774,
                0.024434859238509393,
                0.020868025382852113,
                0.01990381689653459,
                0.020453911347428178,
                0.02002613012280285,
                0.0197203836511696,
                0.01765404792464534,
                0.01870786160693214,
                0.018629469486272823,
                0.018035654023267594,
                0.018827896019381615,
                0.023514529333606066,
                0.02016545503817797,
                0.01968183625759958,
                0.020209167460032415
            ],
            "r2": [
                0.9712304121874787,
                0.9722015792051881,
                0.9729792137906699,
                0.9647450744263709,
                0.9585827547174094,
                0.9608337362316509,
                0.9664663409949226,
                0.9685039504589844,
                0.9684556045585576,
                0.9687282679612272,
                0.9692613373027006,
                0.97184048156248,
                0.9709180100673569,
                0.9698599235480114,
                0.9718734839304435,
                0.9700833163277676,
                0.9635421513240787,
                0.9686198465274488,
                0.9688576458878267,
                0.9701463236108
            ]
        },