{
    "kmeans": {
        "SKL": {
            "mse": [
                0.05333915217446004,
                0.05303552425982393,
                0.05593704943804701,
                0.053200727005165684,
                0.054113853427857454,
                0.05608862420223917,
                0.056217812240206624,
                0.0553665901096506,
                0.0541677874133695,
                0.053175245741633036,
                0.055195616305156375,
                0.05429889925211927,
                0.055704700933351725,
                0.05467462914791893,
                0.055068177371149635,
                0.054276618982811366,
                0.05538663191604239,
                0.05509895832617218,
                0.05429751718514244,
                0.05360402894664059
            ],
            "r2": [
                0.9483896040489146,
                0.9474999978163156,
                0.9456090465890598,
                0.9473775116101357,
                0.9467998777486573,
                0.9444865808648079,
                0.9456177788071652,
                0.945838906092567,
                0.9478482310544841,
                0.9474358483362317,
                0.9467370024242737,
                0.9469519714838593,
                0.9457461303664085,
                0.9472181977004686,
                0.9463977889455952,
                0.9474670549432505,
                0.9461555762046036,
                0.9463733674620405,
                0.9472752599755864,
                0.9471059503723104
            ]
        },
        "LGBM": {
            "mse": [
                0.052971476654147906,
                0.05326681949449027,
                0.055641111794064495,
                0.05276985950974785,
                0.05376866814844963,
                0.05505564927026023,
                0.0556838059382534,
                0.054683688361262466,
                0.05376516582423612,
                0.05290591739491472,
                0.05496137033601444,
                0.0540762727478934,
                0.05566049299083267,
                0.05424588445157661,
                0.054704266281453,
                0.053755677824867315,
                0.055481583928138956,
                0.0549723501021147,
                0.054134025326957776,
                0.05322443181559488
            ],
            "r2": [
                0.9487453629691682,
                0.9472710380672694,
                0.9458968045378272,
                0.9478036960074465,
                0.9471392344549459,
                0.9455089623400305,
                0.9461343490484102,
                0.9465069390281469,
                0.9482358678602617,
                0.9477020815405508,
                0.9469630465075131,
                0.9471694693946325,
                0.9457891869111885,
                0.9476320993245306,
                0.9467520123821817,
                0.9479712605061787,
                0.9460632680753188,
                0.946496592526798,
                0.9474340161428252,
                0.9474805197821592
            ]
        }
    },
    "quantile": {
        "SKL": {
            "mse": [
                0.0531088950863638,
                0.0536166921660846,
                0.055791969771804485,
                0.053247663956843286,
                0.054027496240307935,
                0.055621416720886295,
                0.05621335161238275,
                0.05515993234922618,
                0.05442273281179196,
                0.05300338516138507,
                0.05546270967523268,
                0.05448810577363176,
                0.05585114437540102,
                0.05454057166417226,
                0.054926340427718115,
                0.0543410068172961,
                0.05521515504338845,
                0.055102417887213755,
                0.054436624170601904,
                0.053675469124619346
            ],
            "r2": [
                0.9486123983567116,
                0.9469246982077306,
                0.945750116263752,
                0.9473310848161096,
                0.9468847767651548,
                0.9449489969982812,
                0.9456220937891845,
                0.9460410642956798,
                0.9476027742221644,
                0.9476057338812665,
                0.9464792610586512,
                0.9467671236676627,
                0.945603501050022,
                0.947347614135736,
                0.9465358500571132,
                0.9474047356124834,
                0.9463222784048075,
                0.9463700003455948,
                0.9471401823509701,
                0.9470354564114333
            ]
        },
        "LGBM": {
            "mse": [
                0.05289358416190265,
                0.05291994514814833,
                0.05555028841090937,
                0.05280387210191536,
                0.05365990982408279,
                0.055190961070850156,
                0.055775819129676836,
                0.05491142260903374,
                0.053854529369064146,
                0.05297265442285622,
                0.055068612731567,
                0.05423035973115798,
                0.05554594398592949,
                0.05416544516366266,
                0.05483111014975693,
                0.05367708432776711,
                0.05538255990668694,
                0.055023902490823326,
                0.054128175313190065,
                0.05311642891489845
            ],
            "r2": [
                0.9488207309156487,
                0.9476144098769116,
                0.9459851175691981,
                0.947770053098088,
                0.9472461563572989,
                0.9453750382010999,
                0.9460453402177701,
                0.9462841632358315,
                0.9481498302507418,
                0.9476361114597477,
                0.9468595590960718,
                0.9470189320762933,
                0.9459007524823979,
                0.9477097538172625,
                0.9466285452161275,
                0.9480473291328243,
                0.9461595348312586,
                0.9464464176942836,
                0.9474396967056028,
                0.9475870921966144
            ]
        }
    },
    "linspace": {
        "SKL": {
            "mse": [
                0.054988280785346774,
                0.05527859305936843,
                0.05761030184481488,
                0.05435279667034897,
                0.0552940236711703,
                0.057098389523027,
                0.057439901147599885,
                0.05680010977605498,
                0.05573250766266849,
                0.05487721544474043,
                0.05689657371135839,
                0.05611694905599243,
                0.0570348937848164,
                0.05622305737862519,
                0.05624803672941937,
                0.0552180101575068,
                0.05711615849154426,
                0.05586479109979318,
                0.055460298037311,
                0.055520294542571125
            ],
            "r2": [
                0.9467939247568302,
                0.9452795782292983,
                0.9439820427585833,
                0.9462379637882697,
                0.9456396350890702,
                0.9434871709794993,
                0.9444355928303222,
                0.9444365984352503,
                0.9463417466141455,
                0.9457534378019024,
                0.9450956023228224,
                0.9451758036578446,
                0.9444505824442099,
                0.9457233758055265,
                0.9452493385454623,
                0.9465559066111695,
                0.9444742072772081,
                0.9456279988746095,
                0.946146160132459,
                0.9452150654981178
            ]
        },