{
    "kmeans": {
        "SKL": {
            "mse": [
                0.00048485751552665034,
                0.000778856285213315,
                0.00040277695040622446,
                0.00029781842834538226,
                0.0003306980892211588,
                0.0004103549565873458,
                0.00036351589468748433,
                0.0002645178270696735,
                0.0004540108219764695,
                0.0005983520837297313,
                0.00044887668372076573,
                0.0003479070561570172,
                0.0006120893485504693,
                0.00038432674037156293,
                0.00032420836479421224,
                0.0007641666509811775,
                0.0004980505360617874,
                0.0004427725983392045,
                0.00044090247995082855,
                0.0002691633954276752
            ],
            "r2": [
                0.8568984776105325,
                0.7729149929255772,
                0.8644404941509615,
                0.8927614772108802,
                0.8782690610884031,
                0.868901380842028,
                0.862574552515686,
                0.9009653234804991,
                0.8372072892501001,
                0.7808262795980903,
                0.8739792163949571,
                0.8475073068936234,
                0.821126878014259,
                0.8450689510185604,
                0.8614451600798062,
                0.7579019788905271,
                0.8110237830279357,
                0.857451371009132,
                0.8546465245349459,
                0.8767396784604445
            ]
        },
        "LGBM": {
            "mse": [
                0.0005475706789150247,
                0.000801773989517731,
                0.00038682601675850783,
                0.0003113231696939818,
                0.0003697012592257801,
                0.0005127990987099299,
                0.0003525471999820507,
                0.00030662954970980344,
                0.00033427110676846074,
                0.0004955435823886459,
                0.00040753705608629427,
                0.00035535151207936015,
                0.0005232753677137674,
                0.00037385455279277213,
                0.00035590306960423787,
                0.0006929123431507465,
                0.0004608973216633507,
                0.000494637033226186,
                0.0004344242661114637,
                0.00028454220022690227
            ],
            "r2": [
                0.8383892272279991,
                0.7662330579615775,
                0.8698089758402301,
                0.8878986870842952,
                0.8639118795383882,
                0.8361729213522615,
                0.8667212151520172,
                0.8851988215568095,
                0.8801418447267161,
                0.8184845786841652,
                0.8855851929523797,
                0.8442442942233732,
                0.8470813143491901,
                0.8492905334282149,
                0.8478999983007192,
                0.7804762784875106,
                0.8251208944594101,
                0.8407538515278983,
                0.8567822142603984,
                0.8696971293744706
            ]
        }
    },
    "quantile": {
        "SKL": {
            "mse": [
                0.0004395171567823465,
                0.0007661648884883947,
                0.0006254497136610169,
                0.00036733984562991386,
                0.0003833146531545581,
                0.000423530186236522,
                0.0005828355851838399,
                0.00028589789329745935,
                0.00042764129348301034,
                0.0006628715309109328,
                0.0003584828384549277,
                0.0004346873040398189,
                0.0005157153857795593,
                0.00037229807104147524,
                0.0003616379716764095,
                0.0007490366806651429,
                0.00046369993252720555,
                0.0005949173327290241,
                0.000487370117904874,
                0.0002602226875072832
            ],
            "r2": [
                0.8702802942354577,
                0.7766153237436992,
                0.7894972539223043,
                0.8677281905428265,
                0.858900749209131,
                0.8646922092788023,
                0.779661791205773,
                0.892960691179189,
                0.8466624978417345,
                0.7571930916114571,
                0.8993570175296676,
                0.8094702694898321,
                0.8492905956803063,
                0.8499179874279438,
                0.8454491101533017,
                0.7626953519960584,
                0.8240574947432207,
                0.808469064116614,
                0.8393274166133355,
                0.8808339741625318
            ]
        },
        "LGBM": {
            "mse": [
                0.0003746853472194748,
                0.0007916846090603693,
                0.0004613057221478261,
                0.00031279835465739355,
                0.0004438523807796269,
                0.00043170085722938495,
                0.0004573872775300647,
                0.0002659548282924041,
                0.0003544746689444262,
                0.0005067504968056606,
                0.0004034268459665809,
                0.0003966955706119367,
                0.0006801587370176548,
                0.00032668684259435396,
                0.0003753961307079354,
                0.0006850621097322015,
                0.00040206323427370333,
                0.00038073237750538015,
                0.0005444879795700274,
                0.0002873579540641402
            ],
            "r2": [
                0.8894148448005527,
                0.7691747393423845,
                0.8447419206172957,
                0.8873675021700644,
                0.836616633686329,
                0.8620818748169827,
                0.8270869246522514,
                0.9004273145575172,
                0.8728975401986623,
                0.8143795355268119,
                0.8867391221245838,
                0.8261225955742523,
                0.8012347102194428,
                0.868304934591216,
                0.8395693743746779,
                0.7829633354317478,
                0.8474444187985548,
                0.8774249386041557,
                0.8204972215436954,
                0.8684076868676145
            ]
        }
    },
    "linspace": {
        "SKL": {
            "mse": [
                0.0005111781408056128,
                0.0008733239460697425,
                0.0004601391940342487,
                0.00033604330367842025,
                0.00035944487372132657,
                0.00036164821118282346,
                0.0003612264542815993,
                0.00022777280882272646,
                0.0005128348220018581,
                0.0006500990184934104,
                0.00033876090784982045,
                0.00043464041609846994,
                0.00048827484939576246,
                0.0003723386224372285,
                0.0003792371016464376,
                0.0010323844892234596,
                0.0003730983091468856,
                0.0004311520816265943,
                0.0004252640311225477,
                0.0002641031637954337
            ],