{
    "minibatch_kmeans": {
        "LGBM": [
            0.0,
            0.0019356992209289886,
            0.014276386601045457,
            0.00403202116419301,
            0.004313057054965097,
            0.004485965489297051,
            0.004628831020393704,
            0.004624113634428955,
            0.022259766663759204,
            0.0055856197117990225,
            0.005710467801605454,
            0.002430163288652313,
            0.0032249345371142624,
            0.004021776711271041,
            0.009808146658263387,
            0.0057463557714596955,
            0.0023774259587415274,
            0.003943851392049878,
            0.003327945718687572,
            0.004515705655692572
        ],
        "XGB": [
            0.0,
            0.0009349357142756319,
            0.005093231405341737,
            0.004027408955637336,
            0.0017255027327479624,
            0.0019920370468034755,
            0.0026964483561304096,
            0.0009634385183424941,
            0.019971579781338056,
            0.0014185798667884911,
            0.00442931629437073,
            0.0016494502836895699,
            0.0016224077144143846,
            0.0025873999576427114,
            0.008106846614134269,
            0.003534690131748777,
            0.0020442780314584214,
            0.0008073285972996896,
            0.0009172971683492136,
            0.002074683478463449
        ],
        "CAT": [
            0.0,
            0.001495991663740909,
            0.005598673408231085,
            0.0015390679266862695,
            0.0012402679409817983,
            0.002925126552056762,
            0.001278237341518599,
            0.0008585555629580762,
            0.020219631524638636,
            0.0012195822086379959,
            0.0010819702806296244,
            0.0030342321329838873,
            0.0015082125724903545,
            0.0028878601370938193,
            0.006962252271272253,
            0.0021484382731484174,
            0.00180280721534645,
            0.0005813945476885145,
            0.0006539202053894918,
            0.0015433699664238127
        ]
    },
    "linspace": {
        "LGBM": [
            0.0,
            0.020500529521978693,
            0.0317469932750408,
            0.023892735442387243,
            0.02784630349264542,
            0.025361387237495713,
            0.024227175569066152,
            0.028754962898398205,
            0.031317162985507595,
            0.030486075609184045,
            0.027480839371015902,
            0.025120763556740346,
            0.023943879191650527,
            0.024211012821679697,
            0.024058665199657877,
            0.023183942644966565,
            0.023169888059980617,
            0.026224835329468055,
            0.02220906246818601,
            0.024572087800446226
        ],
        "XGB": [
            0.0,
            0.019551593559209247,
            0.021341713900379155,
            0.025047398459326475,
            0.027357073881047286,
            0.027450981877451597,
            0.020807609351461892,
            0.020854544435884387,
            0.021699915768508472,
            0.02391009125702027,
            0.02329319533640279,
            0.02209220138629389,
            0.021853775762110058,
            0.02119827149507497,
            0.020733612357517122,
            0.02074207438477806,
            0.023407728853575782,
            0.023429613711700673,
            0.02328002998080854,
            0.021960296304828902
        ],
        "CAT": [
            0.0,
            0.02016260246408506,
            0.02098706394400314,
            0.022014971227527047,
            0.02751929235923668,
            0.026819912552249317,
            0.021696190087902044,
            0.021151706443092787,
            0.019573141564614392,
            0.02360212056332573,
            0.021963055216656636,
            0.021815406198207397,
            0.02219366195432472,
            0.021883307752535223,
            0.020187371700573924,
            0.021026279121442983,
            0.02413806539760924,
            0.022121181731389872,
            0.02187723071685198,
            0.022448755061573702
        ]
    },
    "none": {
        "LGBM": [
            0.0,
            0.002229548840576044,
            0.013340823677562052,
            0.0032799804022131504,
            0.00440381562284104,
            0.003889674433566229,
            0.004720870097292609,
            0.0038661200315242878,
            0.024824199147079097,
            0.007407881496554449,
            0.00491006814378791,
            0.005715575838092981,
            0.0037523181696461107,
            0.005949316034952213,
            0.009165047758612101,
            0.004758503511869531,
            0.0039957293188758744,
            0.0034204866158660885,
            0.003489856583332372,
            0.005599989215653109
        ],
        "XGB": [
            0.0,
            0.0013794531423085444,
            0.006995373702922994,
            0.003706674883677894,
            0.003489004203477142,
            0.005236841587902965,
            0.003916475572094412,
            0.00402898594263222,
            0.020287669931932713,
            0.0017037203057197875,
            0.00579721936091728,
            0.002464896855014126,
            0.002778163892706361,
            0.003986381273699395,
            0.006591686126252603,
            0.004198358028085454,
            0.0021513414301954545,
            0.0010757845957986652,
            0.0017632258849937163,
            0.002231451020609508
        ],
        "CAT": [
            0.0,
            0.0014299359029053757,
            0.007468909577711285,
            0.002062663000770767,
            0.0016663736290359469,
            0.005033421845452589,
            0.0037058483879014387,
            0.003347907811212312,
            0.017615274725462707,
            0.008144405005844551,
            0.002466205047167224,
            0.00212613094585322,
            0.002326371423659245,
            0.003753853736570229,
            0.006983746686491268,
            0.005610564181730416,
            0.002082412199272533,
            0.0009952531822536898,
            0.0018013718174107846,
            0.0019220877497596845
        ]
    }
}