{
    "kmeans": {
        "SKL": {
            "mse": [
                9900.371598219977,
                9923.976742317958,
                9913.705841781275,
                9545.011908195902,
                9842.212389249318,
                9633.042222420068,
                9510.685040342898,
                9957.64890982262,
                9636.731348654619,
                9326.371794658855,
                9683.13850762457,
                9251.287052883776,
                9583.675226046911,
                9635.17243625259,
                9403.97645342142,
                9591.572175967065,
                9934.216151770423,
                9655.978619840971,
                9683.795607032978,
                9929.38806373599
            ],
            "r2": [
                0.7033072562255197,
                0.702535780493424,
                0.7039712803110763,
                0.705933304558418,
                0.69898671384212,
                0.7142156502185351,
                0.7092171409222319,
                0.6954222044508461,
                0.7128348792676821,
                0.7063371377540774,
                0.7004295136924026,
                0.7134199364302161,
                0.7200009220839736,
                0.71773628969214,
                0.7112891484159545,
                0.7138794387041612,
                0.7074637134515201,
                0.6923415962268493,
                0.6999878225038677,
                0.6926127166708838
            ]
        },
        "LGBM": {
            "mse": [
                9976.867101843642,
                9875.650847756002,
                9858.473611544041,
                9538.515445835488,
                9902.21383751797,
                9507.89562571978,
                9459.474903307042,
                9988.956920151133,
                9355.096161484485,
                9276.634011369346,
                9499.936092933176,
                9259.240606271802,
                9494.273294951445,
                9744.909663453902,
                9548.948342498996,
                9435.270591648788,
                9878.009198488047,
                9737.678381717715,
                9447.069765580545,
                9953.582155065631
            ],
            "r2": [
                0.7010148512757302,
                0.7039843151767562,
                0.7056205451433839,
                0.7061334502718819,
                0.6971516352639227,
                0.7179283858154075,
                0.7107828567458434,
                0.694464576314401,
                0.7212273309818695,
                0.7079032494343911,
                0.7060973079120776,
                0.7131735566754298,
                0.7226129115014163,
                0.7145215224304566,
                0.7068383761539602,
                0.7185419795489904,
                0.7091188589748536,
                0.689738481688464,
                0.7073217892712136,
                0.6918637323469055
            ]
        }
    },
    "quantile": {
        "SKL": {
            "mse": [
                10020.193042795467,
                9857.972967787133,
                9729.449866697001,
                9642.741169699982,
                9841.603973232573,
                9671.981378912038,
                9498.380337008268,
                9950.785071070537,
                9687.950613689187,
                9248.59654245377,
                9657.699538318224,
                9220.632968324144,
                9591.097765034538,
                9877.80252305608,
                9410.189945716664,
                9498.051747516474,
                9812.585390994765,
                9610.87674552244,
                9720.136704894141,
                10046.236374789718
            ],
            "r2": [
                0.6997164664454154,
                0.7045141971891804,
                0.7094732652670301,
                0.7029224208366518,
                0.6990053215796193,
                0.7130604386807722,
                0.7095933490292787,
                0.6956321508844919,
                0.7113085955211162,
                0.7087860754200113,
                0.7012165275722789,
                0.714369517764311,
                0.71978406330868,
                0.7106284077121776,
                0.711098388404936,
                0.7166691917279622,
                0.7110454163804458,
                0.6937786303387004,
                0.6988619445584463,
                0.6889954056477021
            ]
        },
        "LGBM": {
            "mse": [
                9976.867101843642,
                9875.650847756002,
                9858.473611544041,
                9538.515445835488,
                9902.21383751797,
                9507.89562571978,
                9459.474903307042,
                9988.956920151133,
                9355.096161484485,
                9276.634011369346,
                9499.936092933176,
                9259.240606271802,
                9494.273294951445,
                9744.909663453902,
                9548.948342498996,
                9435.270591648788,
                9878.009198488047,
                9737.678381717715,
                9447.069765580545,
                9953.582155065631
            ],
            "r2": [
                0.7010148512757302,
                0.7039843151767562,
                0.7056205451433839,
                0.7061334502718819,
                0.6971516352639227,
                0.7179283858154075,
                0.7107828567458434,
                0.694464576314401,
                0.7212273309818695,
                0.7079032494343911,
                0.7060973079120776,
                0.7131735566754298,
                0.7226129115014163,
                0.7145215224304566,
                0.7068383761539602,
                0.7185419795489904,
                0.7091188589748536,
                0.689738481688464,
                0.7073217892712136,
                0.6918637323469055
            ]
        }
    },
    "linspace": {
        "SKL": {
            "mse": [
                9933.565191579584,
                9807.108032628525,
                9786.081665806885,
                9613.036499674834,
                9754.082960876895,
                9593.869026516983,
                9482.963972511294,
                9887.49156130948,
                9562.839329551834,
                9393.77553025124,
                9651.915755272474,
                9321.360185935506,
                9602.031155389544,
                9932.6762918847,
                9438.79935398742,
                9516.736544191213,
                9893.034080188228,
                9645.011883819274,
                9576.994321092414,
                9984.999937699864
            ],
            "r2": [
                0.7023125159582587,
                0.7060388378277148,
                0.7077822085369097,
                0.703837574661235,
                0.7016820558843803,
                0.7153778050250374,
                0.7100646941033717,
                0.6975681297335328,
                0.7150367887968678,
                0.7042147718055674,
                0.7013954623978367,
                0.7112492586845461,
                0.7194646306123823,
                0.709020873058219,
                0.7102200528767606,
                0.7161118165225011,
                0.7086764161055571,
                0.6926910179304251,
                0.7032966166642014,
                0.6908911218707945
            ]
        },