{
    "minibatch_kmeans": {
        "LGBM": [
            0.0005536517305492736,
            0.0008588902244094314,
            0.0005011824227667829,
            0.00034999199238715977,
            0.0004773862956436901,
            0.00039390926820087157,
            0.0004611106389859196,
            0.0002929345593038885,
            0.0004309760046915843,
            0.0005392462822141271,
            0.0004605971993163349,
            0.0004091386213561047,
            0.0005829900651759112,
            0.00038682355206085396,
            0.0003898080198742597,
            0.0009200901855745649,
            0.0005880003380129827,
            0.0004904115737266992,
            0.000547316276685742,
            0.0003217600246891429
        ],
        "XGB": [
            0.0005938379473345206,
            0.0007497464464746216,
            0.0003906412486847486,
            0.00029973966594613774,
            0.00034694375460029246,
            0.00041520515947251964,
            0.00046862938453342537,
            0.00029719645728210883,
            0.00042176907807171875,
            0.0005560207736932771,
            0.0005633493440179015,
            0.0004178323909225883,
            0.0005957480213703199,
            0.00035250627351045033,
            0.00036883913211468343,
            0.0007213063769301839,
            0.0005806682542194229,
            0.0004393574776821746,
            0.0004827147875751119,
            0.000273792935470035
        ],
        "CAT": [
            0.000670773252181474,
            0.0008835316832089544,
            0.0005792804411012609,
            0.00031078644782297143,
            0.000471609575508775,
            0.0004684339636238473,
            0.0004680416375758421,
            0.0002654683762820785,
            0.0005023106538161723,
            0.0007288715081360168,
            0.0005078173034148519,
            0.00039974071546157995,
            0.0005822567704868096,
            0.00037096979027138573,
            0.0003931193894989634,
            0.0009166716445052913,
            0.0005406972010193058,
            0.0005043070960984238,
            0.0006584459451090566,
            0.0003527662643948757
        ]
    },
    "linspace": {
        "LGBM": [
            0.0006331551991163096,
            0.0009070814356987378,
            0.0005235857241758936,
            0.0003041643288125646,
            0.0005152379727976033,
            0.00040735071530187097,
            0.0004423315663738944,
            0.00030239189457320696,
            0.00039258207291950744,
            0.0005430967824474846,
            0.00044258705366108494,
            0.0003540028295293625,
            0.0005399843298918829,
            0.00036316916032133346,
            0.0003698548358858022,
            0.0007381777721107459,
            0.0005814236266407401,
            0.0005227420957863604,
            0.0005242195528501117,
            0.0002960185038825147
        ],
        "XGB": [
            0.0005774595869318898,
            0.000845737965115281,
            0.0003912106913862086,
            0.0002721112051412185,
            0.0003496131957909819,
            0.0003735377369845503,
            0.00045621834415135877,
            0.0003130189040739496,
            0.00045544417294119945,
            0.0005718957911253651,
            0.0006886105411843885,
            0.00029895038164007824,
            0.0006057292754406211,
            0.000342306915016854,
            0.00034886051502245924,
            0.0006998469936268915,
            0.000545639907297975,
            0.0005510740610450957,
            0.0005008714099905634,
            0.00026271802111246166
        ],
        "CAT": [
            0.000668348977754891,
            0.0009043950224170036,
            0.0005356865640907332,
            0.0003751569677234086,
            0.0004448178653763332,
            0.0004426007410809915,
            0.0005026888131603665,
            0.00027414460420251076,
            0.0005682650700028413,
            0.0006344551349035906,
            0.00047002561401106427,
            0.0003389522893058763,
            0.0007232237429459389,
            0.0003688762624659291,
            0.0003404487889109772,
            0.0008930900481887658,
            0.0006877080695164538,
            0.0004084376192701416,
            0.000531691238424659,
            0.00031311690825879603
        ]
    },
    "quantile": {
        "LGBM": [
            0.0005488720806843069,
            0.0008301660838786112,
            0.00043712294918629306,
            0.0003970946220042516,
            0.00045022440929788214,
            0.00046052793966263234,
            0.0004087514918859897,
            0.00029648766126300053,
            0.00035220292574689215,
            0.0005500511369992895,
            0.0004286981049478966,
            0.0004495840468206675,
            0.0006463671846637187,
            0.0003270434282277429,
            0.0003868251335688656,
            0.0009231463713137924,
            0.00036017787994190725,
            0.0005129124455642223,
            0.0005556993128017075,
            0.0003026232425440893
        ],
        "XGB": [
            0.0005241764491848944,
            0.0008099187570263869,
            0.0004318352101696376,
            0.0003039215871154372,
            0.0003675949668632905,
            0.00042598712634567867,
            0.0003838259147638137,
            0.0003518644219222799,
            0.0003564544309170053,
            0.0005155475164079627,
            0.0005255218503302701,
            0.0003733508839198486,
            0.0006535839719568788,
            0.00031114744200860784,
            0.0003608239346421445,
            0.0007018962602493106,
            0.000501388078579437,
            0.0004538376021485386,
            0.0004719201169548164,
            0.00027669489784205
        ],
        "CAT": [
            0.0006550478712277457,
            0.0008763638248813743,
            0.0006687072031363145,
            0.0004242187899592922,
            0.0005133604552983923,
            0.0004781588479780457,
            0.000479954920742592,
            0.0002832349419426292,
            0.0004834850271563596,
            0.0007172520433199129,
            0.0004443121556751955,
            0.0003929679221085746,
            0.0005998150146607658,
            0.00036013943607771126,
            0.0004079301652265684,
            0.0008574707081871913,
            0.00045981284877986706,
            0.00046126285625622374,
            0.0006412169010287421,
            0.00028542781979033565
        ]
    },
    "none": {
        "LGBM": [
            0.0005256142771365505,
            0.0008392998553308702,
            0.0005035558076198135,
            0.00034684156288506193,
            0.0004893888649216099,
            0.0004941932456874573,
            0.00043320284709553287,
            0.00028143355792544026,
            0.0003506611747840372,
            0.0005731506273417001,
            0.00040279325274494246,
            0.00047701777104364933,
            0.0006252061564010732,
            0.00033804369001399945,
            0.0003745375738537819,
            0.0009555020610060795,
            0.0003884745758358965,
            0.0004949410739344821,
            0.0005886267612114642,
            0.000268913717762626
        ],