{
    "kmeans": {
        "SKL": {
            "mse": [
                0.0305037749715867,
                0.03194899236177613,
                0.03125436405353909,
                0.031902414377936256,
                0.031981095523947956,
                0.03356815331233783,
                0.032416423811851745,
                0.03237371798294082,
                0.03014520685732327,
                0.03223556919443712,
                0.03143938336916488,
                0.03136566775413055,
                0.03325731826614299,
                0.02973629013307749,
                0.032916188443525556,
                0.03192357710203676,
                0.03111065994412853,
                0.033193724555873466,
                0.03039791955127126,
                0.03263800324381481
            ],
            "r2": [
                0.8859947560008095,
                0.8893677938952832,
                0.8894024977507289,
                0.8842597799705825,
                0.8848200633555039,
                0.8817564436711246,
                0.8851889211396037,
                0.8804036073189,
                0.8905202475906279,
                0.8876986981848293,
                0.8864836122042954,
                0.884695601254491,
                0.8827170888985046,
                0.8935844528291869,
                0.8815438630641336,
                0.8851951516883427,
                0.8894100897357764,
                0.883882032271156,
                0.8914197453534484,
                0.8863959759150274
            ]
        },
        "LGBM": {
            "mse": [
                0.028356487367221662,
                0.031003867792919363,
                0.030036259993486313,
                0.02994646751714577,
                0.030519374678070463,
                0.03168025610172204,
                0.029804107297468015,
                0.03139950567563774,
                0.02822046434585668,
                0.031007187871353977,
                0.02997032281996189,
                0.02960210924688823,
                0.03195088872270046,
                0.0291780387571821,
                0.03166475751507322,
                0.03030497875731127,
                0.030655308322414886,
                0.031645724471589816,
                0.029418862225744608,
                0.02924454122356841
            ],
            "r2": [
                0.8940200593444153,
                0.8926405486323462,
                0.8937129123312577,
                0.8913558485424428,
                0.8900844519470091,
                0.888406546764062,
                0.8944411100634038,
                0.8840025846659064,
                0.8975104246560728,
                0.891978095917055,
                0.8917878653138603,
                0.8911786787047813,
                0.8873242511109769,
                0.8955822348443241,
                0.8860474122427047,
                0.8910160199716735,
                0.8910287405478909,
                0.8892972312654277,
                0.8949169022407792,
                0.8982076954678333
            ]
        }
    },
    "quantile": {
        "SKL": {
            "mse": [
                0.029982793290981337,
                0.032433728314449524,
                0.031342984489198915,
                0.03191719609952889,
                0.03218729532701068,
                0.03324152518282453,
                0.03197801724873231,
                0.03269300245325916,
                0.029794593831768815,
                0.032872033471271385,
                0.03092688667910175,
                0.03129869830069213,
                0.032729644468006754,
                0.03038348936977483,
                0.03233759833635381,
                0.032687136501835565,
                0.03183049181910944,
                0.03303620947900803,
                0.030542274998347486,
                0.03184951619534668
            ],
            "r2": [
                0.8879418803705588,
                0.8876892618397092,
                0.8890889031814895,
                0.8842061526905504,
                0.8840774346286335,
                0.8829069886913211,
                0.8867416504222464,
                0.8792240927846321,
                0.8917935852529262,
                0.8854814031708583,
                0.8883340547632382,
                0.8849417899415472,
                0.8845779460687114,
                0.8912683582325354,
                0.8836260467009925,
                0.8824492087512259,
                0.886851283763726,
                0.8844330499968553,
                0.8909041129866768,
                0.8891404851601461
            ]
        },
        "LGBM": {
            "mse": [
                0.028310784662625706,
                0.031091084577291872,
                0.03033450997897767,
                0.029616307496154046,
                0.030859643626376953,
                0.03184098891048396,
                0.029790271827651368,
                0.031457815210719685,
                0.028351557136618986,
                0.03149059346384977,
                0.030153647258646783,
                0.029426872943258582,
                0.03189453448294646,
                0.029459216255579408,
                0.03192682425608626,
                0.03029287858319245,
                0.03065686110428671,
                0.03140468724368637,
                0.029395961484913195,
                0.029580156689274065
            ],
            "r2": [
                0.8941908692849468,
                0.8923385364388088,
                0.892657517206765,
                0.8925536510981305,
                0.8888589731050263,
                0.8878403667079267,
                0.8944901119281811,
                0.8837871750531339,
                0.8970343288593765,
                0.8902940221222178,
                0.8911259462224511,
                0.8918228708446327,
                0.8875229859950817,
                0.8945760011409885,
                0.8851043074900679,
                0.891059535103133,
                0.891023220831878,
                0.8901404253759299,
                0.894998702847787,
                0.8970395091923282
            ]
        }
    },
    "linspace": {
        "SKL": {
            "mse": [
                0.02980280975842594,
                0.03249417073523173,
                0.03140244610002046,
                0.03221497137692665,
                0.03220127367157272,
                0.033141190594814296,
                0.032475742849758724,
                0.03285930325014148,
                0.03036690675412793,
                0.03385043766976365,
                0.032108661020467694,
                0.0317212651445878,
                0.033555054381510706,
                0.030610128993763704,
                0.03367083342244154,
                0.03247252577115545,
                0.03200220840909496,
                0.03361971187393288,
                0.031192346163716418,
                0.03209209500240233
            ],
            "r2": [
                0.8886145533942722,
                0.8874799632716127,
                0.8888784907851497,
                0.883125840218991,
                0.8840270916114643,
                0.8832604164893514,
                0.8849788275531368,
                0.8786097371700685,
                0.88971508974493,
                0.8820728681910861,
                0.8840670895735494,
                0.8833883775848548,
                0.881667113730004,
                0.8904572960761793,
                0.8788281072859758,
                0.8832210004681451,
                0.8862408781242609,
                0.8823918475355427,
                0.8885820826070949,
                0.8882961342225782
            ]
        },