{
    "kmeans": {
        "SKL": {
            "mse": [
                0.022820370772828488,
                0.022246124082492314,
                0.020432503682266425,
                0.0264154896244685,
                0.022819298193134996,
                0.020995216879024205,
                0.021982898266269785,
                0.02469087656100088,
                0.022070787910600454,
                0.021380546977230956,
                0.021712730840061485,
                0.0224725871633396,
                0.023213701760945206,
                0.02016972964498972,
                0.02266135493942559,
                0.023135489736685437,
                0.02390968897487146,
                0.024235100371249863,
                0.021531837809817784,
                0.02146516360889093
            ],
            "r2": [
                0.925987025233588,
                0.9303190864164086,
                0.9345663975496739,
                0.9132666394292754,
                0.9312622020307277,
                0.9362460840816781,
                0.9316658542613233,
                0.9245299336681161,
                0.933416740204644,
                0.9311630863549653,
                0.9314407853271935,
                0.9301441098508008,
                0.9250247999256526,
                0.9363284239484833,
                0.927467419909436,
                0.9266087388064556,
                0.9237856683421515,
                0.9280617048531822,
                0.9343886991888055,
                0.9340502604093633
            ]
        },
        "LGBM": {
            "mse": [
                0.02146480141609511,
                0.021392914061550018,
                0.02040610734255166,
                0.022555705190713878,
                0.02193611539241077,
                0.021826228605613708,
                0.021271348877724958,
                0.02371766222042352,
                0.021641340839205818,
                0.019619095585311084,
                0.02076713277720425,
                0.021894758628906805,
                0.021525391748514516,
                0.019449832510154138,
                0.02149205619738377,
                0.021919806039797127,
                0.021693995283349178,
                0.022116341783848567,
                0.020855807853855064,
                0.020431429343685
            ],
            "r2": [
                0.9303835235022967,
                0.9329915723522721,
                0.9346509299019444,
                0.925939964049691,
                0.9339225836258278,
                0.9337226401920816,
                0.9338777154557908,
                0.9275046579820566,
                0.9347122982082299,
                0.9368342638736995,
                0.9344265663909925,
                0.9319402860690984,
                0.9304776735032082,
                0.938600987139797,
                0.9312100140695667,
                0.9304651758537159,
                0.9308483956756337,
                0.9343509249624641,
                0.93644868148989,
                0.9372263137970026
            ]
        }
    },
    "quantile": {
        "SKL": {
            "mse": [
                0.023302530137304798,
                0.021450149160250086,
                0.02049793799045286,
                0.026134178956577762,
                0.02250233100310918,
                0.023453412373788386,
                0.02312633588992859,
                0.024559278269243593,
                0.022681689380466243,
                0.021155651157027486,
                0.02217440741954691,
                0.02282302277112495,
                0.023116137128822156,
                0.020703579773780203,
                0.022249655349180934,
                0.0232636744237679,
                0.0237360163081058,
                0.024470761457100674,
                0.021532230994377656,
                0.021423835435153138
            ],
            "r2": [
                0.9244232448186412,
                0.9328122964500215,
                0.9343568489512708,
                0.9141903027774634,
                0.9322169915464472,
                0.9287815463354371,
                0.9281114624667673,
                0.9249321766497919,
                0.9315737696934778,
                0.9318871620379195,
                0.9299830145863548,
                0.9290547830570547,
                0.9253399124350203,
                0.9346431718566766,
                0.9287851537158431,
                0.9262021065735634,
                0.9243392659334331,
                0.9273621799290491,
                0.9343875010862255,
                0.9341772374194354
            ]
        },
        "LGBM": {
            "mse": [
                0.02156916442898492,
                0.021188249246740204,
                0.02070077337622853,
                0.02306585710356187,
                0.021743229006424652,
                0.02135386312526596,
                0.02175656547434217,
                0.02318014093135376,
                0.02233159623280954,
                0.019849610938302727,
                0.021391918456311738,
                0.02185624251611655,
                0.02184858045372632,
                0.01930703555096336,
                0.02187641416017357,
                0.02211612348747963,
                0.021482842875816366,
                0.023078073419426134,
                0.021175742591286583,
                0.020192184650684522
            ],
            "r2": [
                0.9300450444689605,
                0.9336326382395916,
                0.9337072834255725,
                0.9242649169302956,
                0.9345036087440729,
                0.9351570216176384,
                0.9323694129004839,
                0.9291476440964083,
                0.9326299323958436,
                0.9360920955154888,
                0.9324537691498739,
                0.932060013153679,
                0.9294338443851917,
                0.9390517669770616,
                0.929979793070248,
                0.9298424103430784,
                0.9315214633861745,
                0.9314961674746723,
                0.9354737840156021,
                0.937961371096789
            ]
        }
    },
    "linspace": {
        "SKL": {
            "mse": [
                0.022503775918625096,
                0.02198505404937897,
                0.02133324657514747,
                0.02597121591675224,
                0.022854682474948797,
                0.022855996423810025,
                0.02296504319618418,
                0.025545255320641842,
                0.02304053084602058,
                0.02180986180113693,
                0.02265939291159167,
                0.02373162214021848,
                0.0226605738349566,
                0.021162655307084843,
                0.022037064617550815,
                0.02337161771107942,
                0.02315056254265009,
                0.02523173379716776,
                0.02217778623911358,
                0.021332277102639585
            ],
            "r2": [
                0.9270138326938433,
                0.9311368287947743,
                0.9316818341462232,
                0.9147253801996057,
                0.9311556151587731,
                0.9305956550661374,
                0.9286128430539589,
                0.9219184418685701,
                0.9304912150233351,
                0.9297808622476391,
                0.9284516445939196,
                0.9262304078635936,
                0.9268112826393865,
                0.9331939673682337,
                0.9294655964479609,
                0.925859684862014,
                0.9262054536323895,
                0.9251033465856868,
                0.9324203805957813,
                0.9344585419692931
            ]
        },