{
    "minibatch_kmeans": {
        "LGBM": [
            5.935102746140698,
            5.596988320365448,
            4.715452374809548,
            4.955628899829728,
            4.347198337807495,
            5.501745222112764,
            4.121041617315799,
            6.004149859451369,
            4.4412647531728,
            5.731185210381309,
            5.343273805766533,
            4.977881024393332,
            6.261486540110086,
            4.50346172474145,
            5.1538160545367315,
            6.1855114687521,
            4.318925678239933,
            5.821522023182496,
            4.627025565349622,
            4.661298603539879
        ],
        "XGB": [
            7.089901447296143,
            5.83162260055542,
            4.952982425689697,
            5.187821388244629,
            4.781548023223877,
            5.8363165855407715,
            4.223664283752441,
            6.7322564125061035,
            4.4223313331604,
            6.6041131019592285,
            7.6108174324035645,
            5.106212139129639,
            8.531540870666504,
            4.823153018951416,
            6.790903568267822,
            8.176359176635742,
            4.824643135070801,
            7.630210876464844,
            5.058228015899658,
            4.7519731521606445
        ],
        "CAT": [
            6.209804312213099,
            6.774316825588586,
            4.950922894367749,
            5.259067258033744,
            5.311160071232883,
            6.577972791519727,
            4.799183101561958,
            7.6343846915673925,
            5.548359566634252,
            6.393950696812507,
            5.585890989515737,
            5.588798431883624,
            6.408085407017938,
            5.782215603846968,
            5.231950715777817,
            5.610220284817138,
            5.224151945847186,
            6.152432428475746,
            5.78274822997092,
            5.864663741456761
        ]
    },
    "linspace": {
        "LGBM": [
            4.633266661990875,
            5.621609154583139,
            4.795351995552971,
            4.974589811382079,
            4.410786267017381,
            5.617251897990984,
            4.35725696360583,
            6.772809289255679,
            4.638447774444259,
            5.918829522892846,
            5.1699160444024095,
            5.312029277272272,
            5.246611117836553,
            4.778084412981595,
            5.501894365749006,
            7.000820835923389,
            4.519167431571685,
            4.742075022368182,
            4.965921053139071,
            4.98012588105545
        ],
        "XGB": [
            6.8122334480285645,
            5.96875,
            5.306205749511719,
            5.001947402954102,
            4.948321342468262,
            5.699926376342773,
            4.659345626831055,
            7.571312427520752,
            4.623294353485107,
            6.406887531280518,
            5.756514549255371,
            5.180160999298096,
            7.485284328460693,
            4.922248363494873,
            6.8574748039245605,
            8.16747760772705,
            4.747128486633301,
            7.487228870391846,
            4.7109785079956055,
            4.800278186798096
        ],
        "CAT": [
            5.748457342961983,
            6.83479108622351,
            5.606502569109455,
            5.497377803041609,
            5.301846906512445,
            6.252423824098654,
            4.966030697950658,
            5.992858068349676,
            5.488416872298949,
            6.294776541373892,
            5.728969648307634,
            5.58975077859812,
            6.560288969198963,
            5.774109285349521,
            5.977430206417262,
            6.822746887788563,
            6.075588353354242,
            5.919926256111759,
            5.508046555869966,
            5.8445802033026295
        ]
    },
    "quantile": {
        "LGBM": [
            4.399952489571586,
            5.143020062647448,
            4.981931884320046,
            5.406146548470245,
            4.423238291199885,
            5.498832746644913,
            4.296931123381426,
            6.829736432003741,
            5.193862124193071,
            5.330056578589832,
            6.324649261117296,
            5.349027756419076,
            6.581462016956555,
            4.760032070463338,
            5.0282604502136365,
            6.997727026515906,
            4.982867312229462,
            5.341058148548558,
            5.599570460718777,
            6.217630648788739
        ],
        "XGB": [
            4.792680263519287,
            4.922601699829102,
            4.613286972045898,
            5.12175989151001,
            4.442038536071777,
            5.875957012176514,
            4.492971420288086,
            6.686728000640869,
            4.901458263397217,
            5.589321613311768,
            7.803382873535156,
            5.200356960296631,
            6.801311492919922,
            4.8665313720703125,
            4.772576332092285,
            5.184895992279053,
            5.257375240325928,
            4.942312717437744,
            5.144717693328857,
            5.453026294708252
        ],
        "CAT": [
            5.1127783322839155,
            6.8505414791862895,
            5.5524231670454,
            5.436700980177879,
            7.248522651545505,
            6.204118363628247,
            5.048583102545818,
            5.87682468559917,
            5.0059837377375835,
            6.399732033120626,
            5.7403053005913085,
            5.572910958732461,
            5.988811120977724,
            6.64473769574707,
            5.794530892319479,
            5.865655409443483,
            6.583181097554902,
            5.66236723023093,
            5.421715543850626,
            6.0096060079797065
        ]
    },
    "none": {
        "LGBM": [
            6.73267267739124,
            5.791823322888095,
            5.246524189984898,
            4.788028338449777,
            4.369533338447915,
            5.407918704592729,
            4.407245348115373,
            6.625861690544955,
            5.213551830750672,
            5.906832697845739,
            6.743488963818531,
            5.479702120735362,
            6.86583835569145,
            5.710828419627661,
            5.783879591529333,
            7.140095517850105,
            4.684610153416622,
            6.355659581847976,
            5.099666183909229,
            5.002059647207281
        ],
        "XGB": [
            6.707951068878174,
            5.842102527618408,
            4.992488861083984,
            4.980160713195801,
            4.700771331787109,
            7.037621974945068,
            5.4599223136901855,
            6.686491966247559,
            4.6059794425964355,
            5.153292179107666,
            4.97196102142334,
            5.3650689125061035,
            5.4569549560546875,
            5.48159122467041,
            4.371933460235596,
            4.948968410491943,
            4.724540710449219,
            4.851968765258789,
            4.77899694442749,
            6.207213401794434
        ],
        "CAT": [
            5.270325362900932,
            6.9283347784431735,
            5.189606607596031,
            5.1532104365207605,
            5.693021060592247,
            7.028888391954641,
            4.95540123460838,
            5.65690745901842,
            5.409749981418906,
            5.670897874634565,
            5.53050375242992,
            5.083227296321797,
            6.069678495472114,
            6.388309597210146,
            5.826183281202498,
            6.162453305898942,
            4.8724220921826475,
            6.139457416520395,
            5.142168901922022,
            5.538098787319879
        ]
    }
}