{
    "minibatch_kmeans": {
        "LGBM": [
            0.02919299251488503,
            0.03169399711480934,
            0.03287184888507322,
            0.030715183128129767,
            0.03182816525978564,
            0.0319495752421363,
            0.029997403608761814,
            0.03168204934720569,
            0.029689227688736188,
            0.03207834495912588,
            0.03130821017072182,
            0.03058763092752399,
            0.03120601511876249,
            0.029679773220885827,
            0.03290127503468162,
            0.030847319929821686,
            0.03126451034334595,
            0.03183790528557068,
            0.031282652460930344,
            0.031207866772725277
        ],
        "XGB": [
            0.030416785741568277,
            0.034034230990699084,
            0.031221628930160273,
            0.0320401271764499,
            0.0318862374779221,
            0.03321813335985592,
            0.031055386608421564,
            0.03372993220883058,
            0.029487500522925283,
            0.03317995638457373,
            0.03199091974065057,
            0.031606201294914885,
            0.03468899209592886,
            0.031199235182717864,
            0.03310457426300104,
            0.0322007315049018,
            0.03259094021609161,
            0.03368019134618079,
            0.03146349442530802,
            0.03145649106599223
        ],
        "CAT": [
            0.031247334617998255,
            0.032683506688067604,
            0.032015612519460265,
            0.03167306896272215,
            0.033028262903107446,
            0.03568316385129357,
            0.03259412799097917,
            0.032134843565361754,
            0.029734842146596184,
            0.03389921464841356,
            0.0315412787485076,
            0.03205736179900242,
            0.03269203300341756,
            0.031229520798492717,
            0.03391577832896278,
            0.0313267932141928,
            0.03263393497871935,
            0.03364976016798806,
            0.03206147552112767,
            0.03279252522334943
        ]
    },
    "linspace": {
        "LGBM": [
            0.029463327708046553,
            0.03242382955568111,
            0.032609874614367276,
            0.030706882126263296,
            0.032354900050857116,
            0.032081536351833105,
            0.031128447063461784,
            0.03201385300052249,
            0.029416865867236904,
            0.03216148952531933,
            0.03130659122941133,
            0.03084407281901396,
            0.03136577572513783,
            0.030432271638795076,
            0.033646462182286604,
            0.030864050153172878,
            0.030872637649271697,
            0.032748492861095935,
            0.03239577595846601,
            0.03139812903738387
        ],
        "XGB": [
            0.030517661304202207,
            0.03491979929383465,
            0.03169782625443517,
            0.032407646930606326,
            0.03258850759053178,
            0.03360346922910551,
            0.03234083602473166,
            0.03357662816707445,
            0.029934451004130166,
            0.034595095656380144,
            0.03284340397780709,
            0.032349519217499144,
            0.034497486285019065,
            0.032084468537170376,
            0.03367333554619545,
            0.03211899295707364,
            0.03341290280290836,
            0.034787263537694,
            0.032567168605536455,
            0.031796133056675786
        ],
        "CAT": [
            0.0323630412795578,
            0.03436946326579291,
            0.032811394405737625,
            0.03191624913115615,
            0.03323346309349748,
            0.03659226910216133,
            0.03369103764023197,
            0.03328525762605264,
            0.03022157782593216,
            0.034684370549772234,
            0.03221260322902542,
            0.03357905798955186,
            0.03398554106682023,
            0.032518052335607416,
            0.03433191142398225,
            0.03243184590334525,
            0.03266705168641944,
            0.03401406204086654,
            0.03367893718906413,
            0.03295249332598991
        ]
    },
    "quantile": {
        "LGBM": [
            0.02984805721541944,
            0.03259255966901282,
            0.03361548281315635,
            0.03157249156290205,
            0.03275426815458757,
            0.03264805272480573,
            0.03088591738162337,
            0.03193829227015004,
            0.029611870549617586,
            0.033358814131887064,
            0.0319432919760495,
            0.031176582376081445,
            0.03199388205049163,
            0.030953557586912477,
            0.03360203876141999,
            0.03101365047312324,
            0.03138727611519712,
            0.03263370901076727,
            0.032116146641852666,
            0.032459931621108794
        ],
        "XGB": [
            0.03089443215946393,
            0.034132850628314115,
            0.03147179527658957,
            0.03229952374210573,
            0.032688713560103895,
            0.034008625134770626,
            0.032102427984455374,
            0.03446063683542594,
            0.030021034455523326,
            0.03475150632330452,
            0.032554236498653674,
            0.03240414971321322,
            0.03537182529481596,
            0.03165289302786975,
            0.03379340986685931,
            0.032397495289764426,
            0.03373631909307004,
            0.03424547254514792,
            0.03234781763562286,
            0.03182319935508052
        ],
        "CAT": [
            0.0322931017970905,
            0.034205992446150565,
            0.03268389506785948,
            0.03234853968193427,
            0.033915528056962574,
            0.036564185326977874,
            0.03265538308470106,
            0.03284475264365517,
            0.03094763930993193,
            0.034997412860734385,
            0.03270691218045864,
            0.03294766634852911,
            0.034064873743691056,
            0.032267443506840285,
            0.034388700066878886,
            0.03228502690324164,
            0.032261419483208126,
            0.03401118501657836,
            0.032461903716486704,
            0.03320169545945902
        ]
    },
    "none": {
        "LGBM": [
            0.02897793525719349,
            0.031432968291988855,
            0.03252880317715665,
            0.030720711654306173,
            0.031817037082484574,
            0.03186750720820003,
            0.030066745470062953,
            0.03161352566554876,
            0.02877772319036317,
            0.03209391304615532,
            0.03101899046904629,
            0.030051265704310246,
            0.03141038644597333,
            0.029927797375490294,
            0.03245140958078766,
            0.030832599624210293,
            0.030504108559063117,
            0.031825758396043555,
            0.030872884873155534,
            0.030588464435082053
        ],
        "XGB": [
            0.030457842558362706,
            0.03344501270390373,
            0.03124665174669894,
            0.031864579412598744,
            0.031641977252309626,
            0.033612257896490604,
            0.031194541868820737,
            0.03338438432253305,
            0.029207378052023537,
            0.03347884217167934,
            0.03196516425926211,
            0.03167394567554583,
            0.0346373399063375,
            0.03154257214323845,
            0.033067584283554004,
            0.032233609059039874,
            0.03299826088976205,
            0.0334047088739447,
            0.03156711827523777,
            0.031242775607778123
        ],