{
    "kmeans": {
        "SKL": {
            "mse": [
                0.4233412123782774,
                0.4355469348081428,
                0.3755370229422161,
                0.40333062893240246,
                0.39433007820829824,
                0.38614700092834386,
                0.41506453657377557,
                0.4237150096473402,
                0.3722473648226388,
                0.4547160756185622,
                0.43529884664941254,
                0.38256721839651087,
                0.4102675251194348,
                0.38275213182473405,
                0.39759778834337883,
                0.4172021353467209,
                0.4332413149928874,
                0.44050292915314415,
                0.37260023674937576,
                0.4348358389572244
            ],
            "r2": [
                0.45504062255737243,
                0.4012594084082337,
                0.4814397698046995,
                0.47171822836545685,
                0.47866826761812065,
                0.5099524875504242,
                0.46224405899509213,
                0.4334374821552299,
                0.49118566277073794,
                0.42502974638572455,
                0.47183696603417213,
                0.47812442813834866,
                0.47911342690117587,
                0.49404517348483634,
                0.486941608229585,
                0.45071582086588113,
                0.41729526537029393,
                0.4136915185750497,
                0.46815048670411263,
                0.45646163371017123
            ]
        },
        "LGBM": {
            "mse": [
                0.3797566399665227,
                0.40434675171692036,
                0.3837666083322022,
                0.3524381884524304,
                0.3686594888436592,
                0.3748041285237892,
                0.40205629518488634,
                0.3865339834480869,
                0.3667081893819716,
                0.4160743459556527,
                0.39779631551383826,
                0.36276464874908537,
                0.3823607817646358,
                0.3667374483307458,
                0.377654979474175,
                0.3869403015531382,
                0.3971392593268247,
                0.4097938752384489,
                0.3440006689351776,
                0.4187727620567279
            ],
            "r2": [
                0.5111462431610889,
                0.444149886078657,
                0.47007594830766497,
                0.538377060328529,
                0.512606568458722,
                0.5243473848111087,
                0.4790974841193988,
                0.4831533886958882,
                0.49875700416084445,
                0.47389066487019604,
                0.5173400744812193,
                0.5051379224006018,
                0.5145445712702019,
                0.5152147653307843,
                0.5126757187950641,
                0.4905582500533229,
                0.46585212742031634,
                0.454565205388747,
                0.5089735048405323,
                0.47654024221912306
            ]
        }
    },
    "quantile": {
        "SKL": {
            "mse": [
                0.4261752515685486,
                0.4167418931994074,
                0.37582752164927913,
                0.40021893732052455,
                0.3958098888038953,
                0.3931658791532321,
                0.41172209619854583,
                0.41749662310810787,
                0.3655395486513828,
                0.4435624447472537,
                0.437805254753691,
                0.38393547671361045,
                0.40623652711876146,
                0.392549301710595,
                0.3867103642136971,
                0.4117839396824941,
                0.4306025437679124,
                0.438660956911929,
                0.3782932787894087,
                0.4431743982808715
            ],
            "r2": [
                0.45139241589187507,
                0.42711044956567346,
                0.48103863471760255,
                0.47579391674512295,
                0.47671185530256766,
                0.501045040888858,
                0.46657451127625205,
                0.4417522802019921,
                0.5003543859423836,
                0.4391330656098634,
                0.46879585503904364,
                0.47625793106971914,
                0.4842312892865249,
                0.4810944281387328,
                0.500990691192976,
                0.45784936335204196,
                0.4208443832249076,
                0.4161431797924904,
                0.4600242394838212,
                0.44603855790562186
            ]
        },
        "LGBM": {
            "mse": [
                0.38473222783247263,
                0.4154445028621141,
                0.3886134292634863,
                0.36472909188577535,
                0.36659136035171713,
                0.37672328903412594,
                0.39270538986040054,
                0.39220087389081293,
                0.3396737239683299,
                0.4087523608390029,
                0.391665921445741,
                0.3583378005735174,
                0.3874543066301638,
                0.36290199752564384,
                0.37407628697371853,
                0.38473509246188803,
                0.4024760895384618,
                0.40997679508163504,
                0.34749315888549476,
                0.405438563589655
            ],
            "r2": [
                0.5047412601673322,
                0.428893954846037,
                0.46338321650148884,
                0.5222784559206678,
                0.5153407778662098,
                0.5219118360904894,
                0.49121247937658297,
                0.4755760132324759,
                0.5357096461448743,
                0.48314902160137874,
                0.5247782920536637,
                0.5111767668495657,
                0.5080776964878848,
                0.5202847954765377,
                0.5172936474474723,
                0.49346160639520686,
                0.45867415033314307,
                0.45432173945836796,
                0.5039883252913406,
                0.4932077930538419
            ]
        }
    },
    "linspace": {
        "SKL": {
            "mse": [
                0.4170133599559428,
                0.41958491392998765,
                0.39383446863609844,
                0.39652486989100294,
                0.3956146805420179,
                0.38575443316049385,
                0.41080109685626875,
                0.42560621817335004,
                0.36447634959405883,
                0.4443951251742845,
                0.443888275744674,
                0.3760159226186923,
                0.40097143790810386,
                0.39360361085151707,
                0.39571051151883047,
                0.4141879435108894,
                0.43230855882736346,
                0.44504985389155516,
                0.3687903287149758,
                0.4439641285118735
            ],
            "r2": [
                0.4631863509102807,
                0.4232021866941069,
                0.4561737452283008,
                0.48063239998000806,
                0.4769699341734521,
                0.5104506834645197,
                0.4677677543127673,
                0.43090868841446195,
                0.5018076424992239,
                0.438080174581856,
                0.4614151168473273,
                0.4870613183528686,
                0.49091598672924996,
                0.4797007512545689,
                0.4893769417269437,
                0.4546842758377655,
                0.4185498120053829,
                0.4076395712164784,
                0.4735887487714572,
                0.445051406799131
            ]
        },