{
    "kmeans": {
        "SKL": {
            "mse": [
                0.0007035508836349952,
                0.0008262990040901628,
                0.0006899131046173505,
                0.0007438825096852759,
                0.0007230648176143372,
                0.0006963460096461177,
                0.0011687581838066168,
                0.0007702532076197208,
                0.0012266041952887015,
                0.0007265762761667046,
                0.0007192426164921636,
                0.000683744481631757,
                0.0007211434402806755,
                0.0012077809744694375,
                0.001187796869098603,
                0.0012077229324532254,
                0.0012045138344083288,
                0.0011884453370796097,
                0.0012134425348491466,
                0.0012453887689273847
            ],
            "r2": [
                0.09354538722763939,
                0.0302117970748379,
                0.017978854196851413,
                0.05873140860999326,
                0.06523100194730924,
                0.05817827964241429,
                0.05788779289099677,
                0.03551925697846137,
                0.05213955548377225,
                0.053342049728334895,
                0.08958492748896019,
                0.07563629845249875,
                0.07650393767003183,
                0.04776350749982328,
                0.046938134178427626,
                0.0426152342219398,
                0.043096582071338374,
                0.049821901180443606,
                0.04917386998999351,
                0.04161353359410769
            ]
        },
        "LGBM": {
            "mse": [
                0.000705034577444728,
                0.000791412489121842,
                0.0006439521461289381,
                0.0007314649904469362,
                0.0007124274156991159,
                0.0006863658238768739,
                0.001170839490411003,
                0.0007234731024264836,
                0.0012094123758636852,
                0.0007106095732348086,
                0.0007124810624367819,
                0.0006664392905215435,
                0.0007158251006048057,
                0.0012023982261941601,
                0.001175122099636395,
                0.0011921580033896686,
                0.001182952644476355,
                0.0011841441990319418,
                0.0012040527604478986,
                0.0012452054228837576
            ],
            "r2": [
                0.0916337968522205,
                0.07115645571532914,
                0.08339960474490027,
                0.07444386412528081,
                0.07898289982415851,
                0.071676677853175,
                0.05621009395729393,
                0.09409546304818595,
                0.06542456271334818,
                0.07414510477693836,
                0.0981436816345923,
                0.09903142768622764,
                0.08331460178269068,
                0.05200736416424312,
                0.05710808810470591,
                0.05495384729737085,
                0.060225464904510306,
                0.05326071914319164,
                0.056531484874258076,
                0.041754627179713566
            ]
        }
    },
    "quantile": {
        "SKL": {
            "mse": [
                0.000725461909059759,
                0.0008389112671252578,
                0.0007110219377846566,
                0.000749846674562765,
                0.0007151209037885156,
                0.0007028624257295502,
                0.001172165148745038,
                0.0007992957944746344,
                0.001227367585960087,
                0.0007260385623067227,
                0.0007205426302702167,
                0.0006831841912705868,
                0.0007621490433258323,
                0.0012111010122484295,
                0.0011816371956289756,
                0.0011982893443591319,
                0.0011926316910458254,
                0.0011862520435111628,
                0.001213007361274905,
                0.0012434985820204696
            ],
            "r2": [
                0.06531523283676832,
                0.015409378285658804,
                -0.012067423218074191,
                0.0511846777755407,
                0.07550079268623688,
                0.04936469828882373,
                0.055141507729403405,
                -0.0008467269239695874,
                0.051549644064996514,
                0.054042638389457553,
                0.08793937408198338,
                0.0763937628066631,
                0.023992175334747512,
                0.045145929315977384,
                0.051880519566486316,
                0.050093417574444854,
                0.05253612794544871,
                0.051575469012297814,
                0.04951486216193035,
                0.04306812319356701
            ]
        },
        "LGBM": {
            "mse": [
                0.0007100728644206159,
                0.000791682518632207,
                0.0006458932595612365,
                0.0007357634533263682,
                0.0007117188203036634,
                0.0006917277874540689,
                0.0011721665194880074,
                0.000724534020263556,
                0.0012147154503796556,
                0.0007087726119919019,
                0.0007133696364121256,
                0.0006674963042205702,
                0.0007136524012472615,
                0.0012057103470290234,
                0.0011668303139744087,
                0.0011909810318989026,
                0.0011797462624338426,
                0.0011903618176399196,
                0.0012075852279756552,
                0.0012439444524124548
            ],
            "r2": [
                0.08514247038814371,
                0.07083953480377359,
                0.0806366271696638,
                0.06900482227796423,
                0.07989896293730703,
                0.06442451629726265,
                0.05514040280136767,
                0.09276702349913646,
                0.061326603006935154,
                0.0765384859290359,
                0.09701892745339613,
                0.09760243612334585,
                0.08609695989515986,
                0.049396027843175205,
                0.06376123303175252,
                0.055886854814853004,
                0.06277271496342907,
                0.048289649087390085,
                0.05376352320129729,
                0.04272500451439509
            ]
        }
    },
    "linspace": {
        "SKL": {
            "mse": [
                0.0007170208234009725,
                0.0008128887370198104,
                0.0006862480442182388,
                0.0007433268647768344,
                0.000720222703073546,
                0.0007146021186199532,
                0.0011737660177115567,
                0.000759445102846658,
                0.0012284800835954466,
                0.0007235862643550229,
                0.0007225269349887039,
                0.0006875602081600169,
                0.0007238622252692542,
                0.0012150596800367646,
                0.0011937237003651286,
                0.0012049806624157998,
                0.0012020387092265387,
                0.0011870616215497237,
                0.0012166056063363268,
                0.0012581206299814127
            ],