{
    "kmeans": {
        "SKL": {
            "mse": [
                4.6601712386225955,
                4.768288957066822,
                5.294302490010592,
                4.723493961738896,
                4.380699361669237,
                4.994278716261537,
                4.444815439215792,
                5.052167165387853,
                4.933875213649789,
                5.124354722958703,
                4.376950086093276,
                4.630894350201635,
                4.49507866410657,
                4.534464394289395,
                4.792334539069759,
                4.977201276416654,
                4.251221093213262,
                4.7632940908587065,
                5.071671683062215,
                5.158195821036416
            ],
            "r2": [
                0.570898919243483,
                0.5130143041462105,
                0.5684777112974972,
                0.5127112017531917,
                0.5205369121001433,
                0.5249996165574105,
                0.5806479801810612,
                0.5497841995869943,
                0.5153695765321205,
                0.5103828223619276,
                0.5580113720369639,
                0.5696441514162096,
                0.5939422467510617,
                0.5523597232515628,
                0.5180747412571767,
                0.5231495179216512,
                0.5596720947365852,
                0.570842176846769,
                0.5383749858558364,
                0.50820947294194
            ]
        },
        "LGBM": {
            "mse": [
                4.753359195503782,
                4.63991982661107,
                5.163845736579117,
                4.6539109854815095,
                4.364216102535022,
                5.017882958801757,
                4.6245122684699504,
                5.118614317505604,
                5.066117858215031,
                5.130540257905939,
                4.305661416181355,
                4.648394915288171,
                4.458156063112823,
                4.4121204274711845,
                4.534857547745063,
                4.950972396270167,
                4.309154093196105,
                4.844655617194743,
                4.971616858846943,
                5.286469345214804
            ],
            "r2": [
                0.5623183218869301,
                0.5261246527186247,
                0.5791108394430209,
                0.5198895754641673,
                0.5223409880411438,
                0.5227546428796359,
                0.5636942440061153,
                0.5438628678502283,
                0.502380028547838,
                0.509791812502778,
                0.5652101704659868,
                0.5680177980665194,
                0.5972776073807533,
                0.5644374643920549,
                0.5439670625575515,
                0.525662426973871,
                0.5536715795978184,
                0.5635117591012413,
                0.5474820047107476,
                0.4959796727846809
            ]
        }
    },
    "quantile": {
        "SKL": {
            "mse": [
                4.760551155919745,
                4.6802073525144445,
                5.250210939016671,
                4.702044047814955,
                4.355462616148435,
                5.038317262788981,
                4.410301560780895,
                5.031014942035885,
                4.944387207049797,
                5.160381330379812,
                4.3089424844379804,
                4.6199057069480585,
                4.453779969564893,
                4.4683446361434935,
                4.694944329574549,
                5.061624985855893,
                4.408306626485772,
                4.73902268191639,
                5.042586305929176,
                5.2715443345878334
            ],
            "r2": [
                0.561656097726223,
                0.5220100847859903,
                0.5720714778103173,
                0.5149240346398556,
                0.5232990482197367,
                0.5208111585887593,
                0.5839042379113063,
                0.5516691461564909,
                0.5143370348499062,
                0.5069405848902769,
                0.5648788450388117,
                0.5706653422563703,
                0.5976729167505912,
                0.5588870359088737,
                0.5278684652819413,
                0.5150611396726752,
                0.5434016768268948,
                0.5730289544901096,
                0.5410223452413558,
                0.4974026468432947
            ]
        },
        "LGBM": {
            "mse": [
                4.774795053043196,
                4.679040877672243,
                5.256515198424084,
                4.614682269184476,
                4.214582986637814,
                4.981430110436621,
                4.665257855328555,
                5.154861840740793,
                5.1231882380573825,
                5.137254603648008,
                4.296744493785038,
                4.596098846470896,
                4.500596276265582,
                4.3880528658925515,
                4.515198951558238,
                5.0152694549788,
                4.3392054563450175,
                4.814794287785384,
                5.002351196446358,
                5.2814111060410704
            ],
            "r2": [
                0.5603445425629274,
                0.5221292169459413,
                0.5715576370440985,
                0.5239365191410275,
                0.5387181803287275,
                0.5262216333971326,
                0.55985004746263,
                0.5406327277633916,
                0.49677428435026405,
                0.5091502763114624,
                0.5661106098628452,
                0.5728777489467365,
                0.593443819612405,
                0.5668134031995768,
                0.5459439642067622,
                0.5195023217784658,
                0.5505589553669132,
                0.5662021710055527,
                0.5446845564696827,
                0.49646193328729527
            ]
        }
    },
    "linspace": {
        "SKL": {
            "mse": [
                4.717109783715412,
                4.723989820864717,
                5.254208155991544,
                4.728061743833305,
                4.458067877482636,
                5.068041261541373,
                4.387385323895559,
                5.0199032434466915,
                4.906590640313477,
                5.164905761723947,
                4.42184713637359,
                4.664327461382361,
                4.515022341254752,
                4.503574695544195,
                4.67901773773404,
                4.9689776320937575,
                4.389273090289984,
                4.848956345915564,
                5.0402855672696205,
                5.295815198671335
            ],
            "r2": [
                0.5656561094871503,
                0.5175385781286275,
                0.5717456769667326,
                0.5122399766250414,
                0.5120690067645928,
                0.5179841415945212,
                0.5860663007361714,
                0.5526593474128061,
                0.5180496066823632,
                0.5065082886452087,
                0.553477624732869,
                0.5665371630366646,
                0.592140657648967,
                0.5554091403585515,
                0.5294700702682072,
                0.5239374002157419,
                0.5453731097256039,
                0.5631242769637554,
                0.5412317591353597,
                0.49508862437227863
            ]
        },