{
    "kmeans": {
        "SKL": {
            "mse": [
                0.05276481558118693,
                0.05274807828433785,
                0.0512399145641828,
                0.051604864656734015,
                0.04993759752384736,
                0.05204245835561813,
                0.05378659926219006,
                0.05520616617952254,
                0.05112854202536505,
                0.050314051276720825,
                0.051059026460733244,
                0.050165877212368454,
                0.05346962155178717,
                0.05706504605761482,
                0.049771188366679125,
                0.054632602695367634,
                0.052960376471289074,
                0.055169958416474235,
                0.053885459553779394,
                0.049867887677714266
            ],
            "r2": [
                0.8349607794533839,
                0.8396253096339439,
                0.8414434957043018,
                0.8376756525607211,
                0.8408877809840527,
                0.8422537758031177,
                0.8310236122597536,
                0.8299742992910685,
                0.8429229541266878,
                0.8429263869047988,
                0.8432862640415331,
                0.8431807724444933,
                0.8381271144101468,
                0.8249947923874458,
                0.8416672705398873,
                0.830253735572243,
                0.8362427245209392,
                0.8287070224364635,
                0.8299653519113064,
                0.8447975304785891
            ]
        },
        "LGBM": {
            "mse": [
                0.04616268046335913,
                0.04806988070203562,
                0.051182822755369,
                0.0447089372576388,
                0.04464897866994536,
                0.04678783772161584,
                0.04706696957670123,
                0.04850540068600056,
                0.046602267455205564,
                0.04525889651366714,
                0.04677086555582748,
                0.04554192456240405,
                0.04551807195730428,
                0.053656990369368884,
                0.04419769050565265,
                0.049778549386947736,
                0.04815664430298129,
                0.0475658052518777,
                0.04756410505139295,
                0.04517228762422997
            ],
            "r2": [
                0.8556111166485022,
                0.8538488512895974,
                0.8416201602773485,
                0.859366958651584,
                0.8577384891297954,
                0.8581810895925019,
                0.8521340517889584,
                0.8506115292812376,
                0.8568285694665392,
                0.8587078913402335,
                0.8564477706816104,
                0.8576353125246152,
                0.8621994799967094,
                0.8354465055548101,
                0.8593977519275333,
                0.8453355251225574,
                0.8510962082842137,
                0.8523165750770538,
                0.849912278172266,
                0.8594115187207924
            ]
        }
    },
    "quantile": {
        "SKL": {
            "mse": [
                0.0524260442947948,
                0.05417367638984531,
                0.05168911859880715,
                0.05159664387387639,
                0.0491162405396018,
                0.0520560671316499,
                0.05281177485948377,
                0.055595712876175284,
                0.05370657811713465,
                0.051516103841223536,
                0.051492182936058964,
                0.049694816523536724,
                0.052384105718242084,
                0.05717931335560282,
                0.05090695387926753,
                0.056187259566814314,
                0.05456427899283514,
                0.054721065532037975,
                0.053460556511414827,
                0.05189033117926297
            ],
            "r2": [
                0.8360203974665219,
                0.8352909364739441,
                0.8400534812585059,
                0.8377015112316366,
                0.8435048058079871,
                0.8422125261561413,
                0.8340861279887625,
                0.8287745610255666,
                0.8350027147181585,
                0.8391737425709455,
                0.8419567915817497,
                0.844653314687533,
                0.8414133837950766,
                0.8246443611937598,
                0.8380541590282647,
                0.8254233379090288,
                0.8312833431010437,
                0.8301007555656734,
                0.8313061262106918,
                0.8385031346153338
            ]
        },
        "LGBM": {
            "mse": [
                0.046216460217447686,
                0.047725727316534565,
                0.052108904977216326,
                0.04404180108291945,
                0.0451094321699047,
                0.04764912674448262,
                0.046763651345599115,
                0.05031881935414862,
                0.04607499801593395,
                0.045110791362191496,
                0.04724525363549168,
                0.045562270062992904,
                0.04605491576026322,
                0.05389385385108201,
                0.04588607897356938,
                0.04885512326987524,
                0.04764186645370825,
                0.048929363272969754,
                0.0474987140905172,
                0.04591318934908249
            ],
            "r2": [
                0.8554429028757788,
                0.8548952115444799,
                0.8387544966431405,
                0.861465451592798,
                0.8562713825454789,
                0.8555704309958027,
                0.8530869586417891,
                0.8450265049792802,
                0.8584484460094488,
                0.859170255444693,
                0.8549917474588505,
                0.8575717122077491,
                0.860574249576632,
                0.8347201004144167,
                0.854026629330565,
                0.8482046568518677,
                0.852687938247078,
                0.8480829682334468,
                0.8501186182334395,
                0.8571056304483045
            ]
        }
    },
    "linspace": {
        "SKL": {
            "mse": [
                0.053373613829493606,
                0.05385173966414899,
                0.052502420948659104,
                0.053100805716525194,
                0.05196120348572537,
                0.051685354264333704,
                0.05565777933535424,
                0.056358342306139016,
                0.053025717371079896,
                0.052806367120950166,
                0.052352056642385764,
                0.05084544354025556,
                0.05354164597156423,
                0.05824860640634046,
                0.050928741585479956,
                0.05576744344550716,
                0.05449005584981276,
                0.05548711622872924,
                0.053062105489433686,
                0.05110194585763664
            ],
            "r2": [
                0.8330565637887601,
                0.8362697494351046,
                0.8375368030277787,
                0.8329701338474471,
                0.834440125290273,
                0.8433361962695078,
                0.8251450987654625,
                0.8264257907307921,
                0.8370944542907112,
                0.8351457164023492,
                0.8393176104161129,
                0.8410564386835018,
                0.8379090690916297,
                0.8213650884117127,
                0.8379848477036511,
                0.8267277278670873,
                0.8315128463728988,
                0.8277223034412345,
                0.83256343161115,
                0.8409568047936581
            ]
        },