{
    "kmeans": {
        "SKL": {
            "mse": [
                2.4762114517545042e-08,
                2.511799451142158e-08,
                2.528573107624165e-08,
                2.537989932325528e-08,
                2.4726573288544745e-08,
                2.5568342884782298e-08,
                2.3002379100368578e-08,
                2.5747717509650055e-08,
                2.3674267755667804e-08,
                2.521341997959136e-08,
                2.5041935466393443e-08,
                2.5973848345868774e-08,
                2.566988174505724e-08,
                2.4931552877925245e-08,
                2.625214756655196e-08,
                2.4664553699339756e-08,
                2.6470622985340495e-08,
                2.5812683181734392e-08,
                2.713799717719833e-08,
                2.550054009498455e-08
            ],
            "r2": [
                0.8501857314778227,
                0.8458913113536647,
                0.8455369057604774,
                0.8462804774540017,
                0.8455195396753397,
                0.8458259783560573,
                0.8497321334629042,
                0.8493846370340817,
                0.8543328458613841,
                0.8536933105361965,
                0.8482782103830215,
                0.8518602282052629,
                0.8475309742609839,
                0.8492414140914062,
                0.845747580574319,
                0.8550253922050925,
                0.8461972411610241,
                0.8427846073809361,
                0.8367123162786241,
                0.8463813536873217
            ]
        },
        "LGBM": {
            "mse": [
                2.4334767874982395e-08,
                2.485063255260864e-08,
                2.5845035423201373e-08,
                2.506261059088943e-08,
                2.3749017758157097e-08,
                2.4401406252117674e-08,
                2.2831262859149435e-08,
                2.4685754271304426e-08,
                2.2534365329020038e-08,
                2.4347341678993594e-08,
                2.407876200920936e-08,
                2.4884482771575713e-08,
                2.5712454908564075e-08,
                2.464374004242672e-08,
                2.5669059808393348e-08,
                2.3979715122540494e-08,
                2.5478634060160044e-08,
                2.4920568391947612e-08,
                2.6514535630870576e-08,
                2.3888630857683762e-08
            ],
            "r2": [
                0.8527712386490931,
                0.847531681202772,
                0.8421202800045312,
                0.8482022136999692,
                0.8516268650440821,
                0.8528624654085141,
                0.8508499862026426,
                0.8555967596635902,
                0.8613466358632198,
                0.8587189297929043,
                0.8541137976854349,
                0.8580733378464641,
                0.8472781063737462,
                0.8509817892817746,
                0.84917368875101,
                0.8590507723228342,
                0.8519610130796132,
                0.8482181446831275,
                0.8404636466043102,
                0.8560917093931505
            ]
        }
    },
    "quantile": {
        "SKL": {
            "mse": [
                2.5166197510624143e-08,
                2.5090607672329067e-08,
                2.5083560444767657e-08,
                2.5220732013221706e-08,
                2.479681926950882e-08,
                2.506096419279146e-08,
                2.2858845735779812e-08,
                2.5803416535200358e-08,
                2.355429566913116e-08,
                2.582899286421035e-08,
                2.564095926443838e-08,
                2.567432380412485e-08,
                2.5689670297249025e-08,
                2.4799006560283847e-08,
                2.623943620029753e-08,
                2.464336666738717e-08,
                2.6241969555285006e-08,
                2.5602666919731516e-08,
                2.7405506668550733e-08,
                2.5355732485010853e-08
            ],
            "r2": [
                0.8477409726512894,
                0.8460593402883313,
                0.8467719066867971,
                0.8472445129133888,
                0.845080674518059,
                0.8488854106310848,
                0.8506697952751687,
                0.8490588167377016,
                0.8550710309914261,
                0.8501213067800544,
                0.8446488997498836,
                0.8535685425324282,
                0.8474134380251948,
                0.850042908306903,
                0.845822270044732,
                0.8551499264531113,
                0.8475257904883295,
                0.8440637378322227,
                0.8351027278874396,
                0.8472536939960789
            ]
        },
        "LGBM": {
            "mse": [
                2.4434995304485162e-08,
                2.476708984602878e-08,
                2.587954044043878e-08,
                2.490594676143624e-08,
                2.3411920071204054e-08,
                2.43647118364985e-08,
                2.2761755389693416e-08,
                2.4959188655604298e-08,
                2.255230784214076e-08,
                2.477411630687653e-08,
                2.3894264897038775e-08,
                2.488597982403635e-08,
                2.554914525826782e-08,
                2.4565970984044315e-08,
                2.5848123732436745e-08,
                2.3926060315124643e-08,
                2.542856635229439e-08,
                2.48775939559268e-08,
                2.7041025798606987e-08,
                2.428166159120606e-08
            ],
            "r2": [
                0.852164848632353,
                0.8480442482769918,
                0.8419094990026608,
                0.8491510862213706,
                0.8537328991171096,
                0.8530837283058936,
                0.8513040583270074,
                0.8539972618042847,
                0.8612362360463652,
                0.8562424715019132,
                0.855231611924484,
                0.8580647995271927,
                0.8482481016203836,
                0.8514520509348125,
                0.8481215445999256,
                0.859366147364939,
                0.8522519224247671,
                0.848479885889341,
                0.8372957871845299,
                0.853724039962696
            ]
        }
    },
    "linspace": {
        "SKL": {
            "mse": [
                2.4039048849747466e-08,
                2.5184470110499928e-08,
                2.5086452686036315e-08,
                2.5167971200988294e-08,
                2.4817634703389123e-08,
                2.543896654126748e-08,
                2.301250397910324e-08,
                2.5285616678823552e-08,
                2.362067300743631e-08,
                2.5787312329828262e-08,
                2.546557995982504e-08,
                2.5057830601477613e-08,
                2.5279778631311907e-08,
                2.4540975228847633e-08,
                2.6320793127334134e-08,
                2.4261183652846975e-08,
                2.5784517620696384e-08,
                2.5624797056051407e-08,
                2.7563681954657594e-08,
                2.5188166438164043e-08
            ],