{
    "minibatch_kmeans": {
        "LGBM": [
            0.0,
            2.498121577118571e-08,
            2.552997673448062e-08,
            2.5551249669004702e-08,
            2.3984963890841026e-08,
            2.4985601395356964e-08,
            2.2723096841653986e-08,
            2.483021279571506e-08,
            2.343873231534386e-08,
            2.4520264083383987e-08,
            2.4531054431980745e-08,
            2.5124941898213877e-08,
            2.508075227577138e-08,
            2.4554962877321467e-08,
            2.581889151785062e-08,
            2.4034885032081588e-08,
            2.5955639880995188e-08,
            2.490727391720449e-08,
            2.7064144153965612e-08,
            2.4915402632635836e-08
        ],
        "XGB": [
            0.0,
            2.747892344413193e-08,
            2.7286661659574487e-08,
            2.7583339983918383e-08,
            2.666519294841423e-08,
            2.7413021552428203e-08,
            2.5382112222698224e-08,
            2.7061973301558125e-08,
            2.514996357745506e-08,
            2.7939476134164023e-08,
            2.763529603862548e-08,
            2.7222557464412997e-08,
            2.871863231678525e-08,
            2.712096313757942e-08,
            2.786022951795345e-08,
            2.6748792516078878e-08,
            2.8907602682056958e-08,
            2.8341155010503366e-08,
            2.9445367688304453e-08,
            2.668359641985747e-08
        ],
        "CAT": [
            0.0,
            2.5071446468927773e-08,
            2.6106554016348772e-08,
            2.5279580834726704e-08,
            2.491304420119179e-08,
            2.608647026417198e-08,
            2.31479767740518e-08,
            2.473644249700536e-08,
            2.3055912332476175e-08,
            2.5400832150893496e-08,
            2.48105016321726e-08,
            2.554212976662745e-08,
            2.5094385051944547e-08,
            2.4846410854390042e-08,
            2.609861841766389e-08,
            2.4118996327853633e-08,
            2.5966501284096822e-08,
            2.517250636679496e-08,
            2.746599570614327e-08,
            2.4923210619248256e-08
        ]
    },
    "linspace": {
        "LGBM": [
            0.0,
            2.5540097196118508e-08,
            2.5668514662882327e-08,
            2.5721621054152353e-08,
            2.490827064943488e-08,
            2.5358526161332503e-08,
            2.3254543725884692e-08,
            2.5017260945134214e-08,
            2.372866833047562e-08,
            2.499235149859118e-08,
            2.5070844422208026e-08,
            2.5591758615914827e-08,
            2.697424780587438e-08,
            2.4492839957413696e-08,
            2.686876054493614e-08,
            2.4159988913036324e-08,
            2.6038071938951223e-08,
            2.546915397660552e-08,
            2.7377591574470286e-08,
            2.5206203526542907e-08
        ],
        "XGB": [
            0.0,
            2.7988229956612345e-08,
            2.7223575542476527e-08,
            2.7582818833380465e-08,
            2.7637930219011886e-08,
            2.7761132782472263e-08,
            2.5408531348682806e-08,
            2.7123210842308053e-08,
            2.6189574082581866e-08,
            2.8465259771491416e-08,
            2.8299161548451262e-08,
            2.8308282072681176e-08,
            2.881799648219382e-08,
            2.733088031231918e-08,
            2.741014962471069e-08,
            2.7142461347565455e-08,
            2.9297603386190297e-08,
            2.7870418702142345e-08,
            2.9524191819889533e-08,
            2.7071345722410838e-08
        ],
        "CAT": [
            0.0,
            2.5523101036418392e-08,
            2.609577642225141e-08,
            2.526202642005969e-08,
            2.583740494467377e-08,
            2.6316949479131327e-08,
            2.4144603542369385e-08,
            2.5829124699053342e-08,
            2.3406960186086865e-08,
            2.5826689997054947e-08,
            2.5712802220413305e-08,
            2.6443046009041566e-08,
            2.6482082306553007e-08,
            2.4967874493576228e-08,
            2.6116117176798366e-08,
            2.4421338501681504e-08,
            2.6580465550955095e-08,
            2.6941036817392622e-08,
            2.9025249471872185e-08,
            2.5848939035228308e-08
        ]
    },
    "none": {
        "LGBM": [
            0.0,
            2.509233206803405e-08,
            2.5438836039988254e-08,
            2.5345641612999205e-08,
            2.3910545022172876e-08,
            2.4613718845111695e-08,
            2.2950858092076352e-08,
            2.4722859715930052e-08,
            2.3529741491401757e-08,
            2.4607059809337326e-08,
            2.443377508555164e-08,
            2.5056203534320326e-08,
            2.5244904173077923e-08,
            2.4636209063057537e-08,
            2.624797284650525e-08,
            2.395595767287314e-08,
            2.572353960240796e-08,
            2.5095349530837122e-08,
            2.713134438963783e-08,
            2.4920471727082185e-08
        ],
        "XGB": [
            0.0,
            2.7581991944507122e-08,
            2.7211561760382206e-08,
            2.7377638202326415e-08,
            2.764163486840644e-08,
            2.7358666702483254e-08,
            2.516000304700126e-08,
            2.7157759813393202e-08,
            2.5088420496754024e-08,
            2.8069900952640135e-08,
            2.762110501086987e-08,
            2.7283208380498182e-08,
            2.8923010283042114e-08,
            2.6907646036441592e-08,
            2.7762339020747105e-08,
            2.668268088492437e-08,
            2.8714583725454648e-08,
            2.7769389765988345e-08,
            2.9286176865956932e-08,
            2.6586576928076013e-08
        ],
        "CAT": [
            0.0,
            2.5334081971034514e-08,
            2.5142603323547728e-08,
            2.5326407289752986e-08,
            2.523277859016907e-08,
            2.6192179100019468e-08,
            2.3495518088348014e-08,
            2.5288942935864896e-08,
            2.3070215651688184e-08,
            2.5167067608555646e-08,
            2.5581464365629906e-08,
            2.5377484873283254e-08,
            2.552922218470219e-08,
            2.4501844062262566e-08,
            2.5492669942037783e-08,
            2.4600301109263348e-08,
            2.593246293102195e-08,
            2.5443330473575926e-08,
            2.7038703724365774e-08,
            2.5750960676553935e-08
        ]
    }
}