{
    "kmeans": {
        "SKL": {
            "mse": [
                34.436520111328186,
                38.231887911814646,
                29.700056800364763,
                33.566630951083646,
                27.383074613173093,
                32.70210014006205,
                35.71682407683609,
                41.320479683168216,
                31.258677618097057,
                37.00252449596238,
                33.581113944735236,
                31.03140345599797,
                39.36782466288658,
                27.3511356450067,
                32.53367668190967,
                32.5645524660631,
                32.44651733766901,
                35.13863543822688,
                33.586333266516974,
                29.141745772578112
            ],
            "r2": [
                0.9806081398443096,
                0.9783222027481687,
                0.9836168350210913,
                0.9809559141134545,
                0.9843865033646179,
                0.9809836366166304,
                0.9790508968231775,
                0.976316976990281,
                0.9824582869227685,
                0.9785481158176838,
                0.9805050356094064,
                0.9822167795976284,
                0.9767887491906777,
                0.9840389717433798,
                0.9810252634003476,
                0.9814052902018432,
                0.9817092087129996,
                0.9791641144453814,
                0.9809581700174583,
                0.9833400161351162
            ]
        },
        "LGBM": {
            "mse": [
                23.101976068615418,
                21.18481536396255,
                20.628864295480987,
                20.22395549072742,
                22.319466649656462,
                21.31982192607463,
                24.28179820150359,
                18.552185831970995,
                21.962614212759348,
                21.101058184957267,
                22.40184098042474,
                19.5850499702066,
                24.450657446560566,
                20.612746395061848,
                21.84528837475349,
                20.278241308595376,
                23.42204004799283,
                25.256156924685236,
                20.606749811652442,
                19.37971545033039
            ],
            "r2": [
                0.9869908374076588,
                0.9879880341421606,
                0.9886206922312609,
                0.9885259040178218,
                0.987273711138694,
                0.987602463472421,
                0.9857579191602317,
                0.9893667293480591,
                0.9876750423785328,
                0.987766849357605,
                0.9869949789957582,
                0.9887763613171571,
                0.9855839039290385,
                0.9879712260606557,
                0.9872590916511786,
                0.9884209060528841,
                0.9867964983244523,
                0.9850240514843742,
                0.988316967401814,
                0.9889208508910831
            ]
        }
    },
    "quantile": {
        "SKL": {
            "mse": [
                36.19225263212826,
                37.85990918017479,
                29.106340525252612,
                32.94848123177045,
                26.499890424680416,
                33.11684981744617,
                35.17801001732044,
                41.71900844881776,
                30.92799361128551,
                40.131742302879374,
                33.748220286370035,
                31.833515806617662,
                37.67902784496058,
                29.035674696170204,
                30.552944916220625,
                29.87497185258288,
                33.31267052698716,
                35.23217009517667,
                35.83478649863293,
                32.378822711486805
            ],
            "r2": [
                0.9796194534322075,
                0.978533117771384,
                0.9839443411855141,
                0.9813066224214315,
                0.9848900842645077,
                0.9807424585104998,
                0.9793669291585732,
                0.9760885583949674,
                0.9826438598391147,
                0.9767339796502298,
                0.9804080247661993,
                0.9817571116764285,
                0.9777844629961149,
                0.9830559421630374,
                0.9821804929151663,
                0.9829410696675224,
                0.9812209397550861,
                0.9791086519214873,
                0.9796834055521056,
                0.9814894183709166
            ]
        },
        "LGBM": {
            "mse": [
                23.101976068615418,
                21.18481536396255,
                20.628864295480987,
                20.22395549072742,
                22.319466649656462,
                21.31982192607463,
                24.28179820150359,
                18.552185831970995,
                21.962614212759348,
                21.101058184957267,
                22.40184098042474,
                19.5850499702066,
                24.450657446560566,
                20.612746395061848,
                21.84528837475349,
                20.278241308595376,
                23.42204004799283,
                25.256156924685236,
                20.606749811652442,
                19.37971545033039
            ],
            "r2": [
                0.9869908374076588,
                0.9879880341421606,
                0.9886206922312609,
                0.9885259040178218,
                0.987273711138694,
                0.987602463472421,
                0.9857579191602317,
                0.9893667293480591,
                0.9876750423785328,
                0.987766849357605,
                0.9869949789957582,
                0.9887763613171571,
                0.9855839039290385,
                0.9879712260606557,
                0.9872590916511786,
                0.9884209060528841,
                0.9867964983244523,
                0.9850240514843742,
                0.988316967401814,
                0.9889208508910831
            ]
        }
    },
    "linspace": {
        "SKL": {
            "mse": [
                33.916645022592554,
                39.24216163692322,
                28.229019155023405,
                31.893566923108505,
                30.83534585589106,
                31.976190162477472,
                37.57098291905774,
                41.40743309691754,
                32.3946748044292,
                44.471909902905004,
                34.26459425730315,
                30.04358279207692,
                38.639209533767435,
                28.204299073510686,
                31.711291187566854,
                33.41336323176074,
                32.41839360820668,
                36.48431528720526,
                35.053298238027025,
                28.6679180918387
            ],
            "r2": [
                0.9809008914053442,
                0.9777493691744704,
                0.9844282897801111,
                0.9819051298714756,
                0.9824180602224927,
                0.9814057553141525,
                0.9779633711011716,
                0.9762671392411941,
                0.9818207891711795,
                0.9742178061200224,
                0.980108252334822,
                0.9827828717052391,
                0.9772183403263393,
                0.9835410997074027,
                0.9815049063343786,
                0.9809206101228478,
                0.9817250626569053,
                0.9783661770475061,
                0.9801264716788461,
                0.9836108976937387
            ]
        },