{
    "kmeans": {
        "SKL": {
            "mse": [
                0.15602905099932646,
                0.15388167966195263,
                0.15499055103760787,
                0.14724669223549797,
                0.15164947078437574,
                0.14645205314077644,
                0.16045052110769112,
                0.14791056558618693,
                0.1536132819312078,
                0.1470866752452934,
                0.15734219289002996,
                0.15628101002995387,
                0.15481776509230333,
                0.15638068090450039,
                0.15560202612560428,
                0.14615704557515954,
                0.15144908500449145,
                0.1515682976220842,
                0.14541934936253703,
                0.14601716473657736
            ],
            "r2": [
                0.5663168561784485,
                0.5682720519357027,
                0.5648001169314293,
                0.5852038959337402,
                0.577394183681247,
                0.5870206649260583,
                0.5493130614824447,
                0.5843913265356436,
                0.5703522094663984,
                0.5902064750530766,
                0.5589530122000903,
                0.5618568869814915,
                0.5619853018489119,
                0.5611307637403635,
                0.5646092265010111,
                0.588899784176347,
                0.5750119581587522,
                0.5751652079672149,
                0.5936036588349796,
                0.594726440145328
            ]
        },
        "LGBM": {
            "mse": [
                0.143870827089159,
                0.14273378152569513,
                0.14928245003162352,
                0.1410833561688195,
                0.1493401042019017,
                0.14538428900974237,
                0.15448354581857437,
                0.14821035043762668,
                0.14176705548344995,
                0.1441546188311363,
                0.14628973411815308,
                0.15715641342094455,
                0.14651583120573713,
                0.1416428069260366,
                0.14889335914302732,
                0.14982292915076612,
                0.15449335015101212,
                0.1512884493259444,
                0.1470390439635624,
                0.14084812363496163
            ],
            "r2": [
                0.6001106704385284,
                0.5995484143861851,
                0.5808279642661045,
                0.6025661045490653,
                0.5838297600450667,
                0.5900316470966285,
                0.5660736042759267,
                0.5835489716711497,
                0.6034854447924894,
                0.5983753845161321,
                0.5899342357332209,
                0.5594026414733386,
                0.5854733625583954,
                0.6024913682575488,
                0.5833807796704635,
                0.5785886457485983,
                0.5664693097602689,
                0.5759496021614924,
                0.5890771775754573,
                0.6090732170606734
            ]
        }
    },
    "quantile": {
        "SKL": {
            "mse": [
                0.16320163013787503,
                0.1570706152681773,
                0.15774504579542967,
                0.150741558079022,
                0.15455461077580446,
                0.14862925293027598,
                0.1634651479097752,
                0.15079194268317928,
                0.1566602762416493,
                0.15015436580910618,
                0.16303547603005306,
                0.15739918144031342,
                0.15886611449428184,
                0.15836197965136034,
                0.15818430598076058,
                0.14937806878674847,
                0.1551733803086006,
                0.15502333654843345,
                0.14917152044339305,
                0.15004726918312714
            ],
            "r2": [
                0.5463806542327734,
                0.559325225849524,
                0.5570657370709037,
                0.575358807299698,
                0.5692983489167218,
                0.580881191275072,
                0.5408453237971782,
                0.576295046812247,
                0.5618299361525849,
                0.581659679583706,
                0.5429941309014534,
                0.5587220268821785,
                0.5505315998770449,
                0.5555704153468966,
                0.557383736888043,
                0.5798399175633737,
                0.5645610467617967,
                0.5654809879372416,
                0.5831176498865862,
                0.5835408046853742
            ]
        },
        "LGBM": {
            "mse": [
                0.15170147072046253,
                0.1453163935884712,
                0.15013872593665675,
                0.14293234029100632,
                0.1535355122081276,
                0.1483744723444077,
                0.15495065360583601,
                0.15166702658321282,
                0.14487012872373045,
                0.14639219448935487,
                0.14967742204934445,
                0.16328617423591799,
                0.14785443848330793,
                0.14420484693572386,
                0.15177290174202707,
                0.152075544590738,
                0.15602565429008317,
                0.15878357321717268,
                0.15018834235971393,
                0.14491708827072644
            ],
            "r2": [
                0.578345376562681,
                0.5923026798129869,
                0.5784236165736154,
                0.5973574890024638,
                0.5721382993621454,
                0.581599645640751,
                0.5647615525783359,
                0.5738361794729085,
                0.5948063218365232,
                0.5921413458801535,
                0.5804381842913655,
                0.5422174922026974,
                0.5816861378669755,
                0.595301218324612,
                0.5753235177522302,
                0.57225264812429,
                0.562169442675897,
                0.5549413210793277,
                0.5802759874240553,
                0.5977797243686729
            ]
        }
    },
    "linspace": {
        "SKL": {
            "mse": [
                0.1995032162001368,
                0.19937135623471056,
                0.19703753772943167,
                0.19325646133394886,
                0.19458121494537564,
                0.1913553244845409,
                0.2023021289231114,
                0.18978743248561553,
                0.19752911573243193,
                0.19427350013812297,
                0.20047726588251538,
                0.20017943393931956,
                0.19331469673051194,
                0.19901346848400878,
                0.1961845357592229,
                0.1913484506539861,
                0.19163228056052387,
                0.19802249977370612,
                0.19380702911300046,
                0.1938390931321617
            ],
            "r2": [
                0.4454803035073288,
                0.44064695213169325,
                0.4467358635355734,
                0.45559369769239233,
                0.45775509299860084,
                0.4603981782862353,
                0.43175674026794786,
                0.4667229974887004,
                0.4475220692277011,
                0.45874075749818466,
                0.4380407911205121,
                0.43878504284272424,
                0.453068719302977,
                0.4414854289303415,
                0.4510551122014421,
                0.4617885914988369,
                0.4622520983433185,
                0.44495749553818964,
                0.4583769775559401,
                0.46199572184273685
            ]
        },