{
    "kmeans": {
        "SKL": {
            "mse": [
                4.849124629074504e-06,
                4.711439332722385e-06,
                4.5039818509319755e-06,
                5.294230595483386e-06,
                4.967809024449265e-06,
                4.535392940426239e-06,
                4.965430124373292e-06,
                5.169193330300491e-06,
                4.697979328704645e-06,
                4.519391845477964e-06,
                5.127297717414676e-06,
                4.466783115527133e-06,
                4.735779492142004e-06,
                4.5943742432000025e-06,
                4.833821228488997e-06,
                4.495822153112946e-06,
                5.3697321700225e-06,
                5.445721667990963e-06,
                5.097272838832945e-06,
                4.4915750826636515e-06
            ],
            "r2": [
                0.8912833175217021,
                0.8979986890181719,
                0.8971528252866047,
                0.8789689876069076,
                0.8921082235129549,
                0.8969498846747174,
                0.9014133057011312,
                0.8878714225426441,
                0.8937480472819048,
                0.8906244268527689,
                0.8776105697826014,
                0.8962310060420953,
                0.8965068863737133,
                0.8988918122096675,
                0.8980881556580923,
                0.8965271706122566,
                0.887935675736645,
                0.8864117489448786,
                0.8886460102069045,
                0.8978212416200834
            ]
        },
        "LGBM": {
            "mse": [
                4.5192484514142054e-06,
                4.530767136622784e-06,
                4.443463942572739e-06,
                4.596028974772679e-06,
                4.761977143000826e-06,
                4.5664273612709096e-06,
                5.078045032685504e-06,
                4.936131966096278e-06,
                4.8990491292432355e-06,
                4.534213437223663e-06,
                4.637100542921546e-06,
                4.4385554131559575e-06,
                4.4323518861692764e-06,
                4.760638480178398e-06,
                4.4662454819050494e-06,
                4.3110146468802695e-06,
                4.638923281249067e-06,
                4.97046902110267e-06,
                4.624139125356164e-06,
                4.589795481747409e-06
            ],
            "r2": [
                0.898679094369511,
                0.9019101902726042,
                0.8985347349168631,
                0.8949305229962438,
                0.8965785176079669,
                0.8962447416608474,
                0.8991773802603977,
                0.8929269191276343,
                0.8892005477198424,
                0.8902657237025293,
                0.8893116560442051,
                0.8968867710974027,
                0.9031378259591383,
                0.8952328426078531,
                0.9058377848849543,
                0.9007805763099771,
                0.9031873869380447,
                0.8963246898295849,
                0.8989819934605153,
                0.8955868275801857
            ]
        }
    },
    "quantile": {
        "SKL": {
            "mse": [
                5.073504719545777e-06,
                4.428637294960592e-06,
                4.227128241687177e-06,
                5.222925906687999e-06,
                5.0101705625463266e-06,
                4.693356582731054e-06,
                4.878977281597445e-06,
                5.007170883120698e-06,
                4.682359217799484e-06,
                4.651180074870784e-06,
                5.1364691684145225e-06,
                4.521157072067677e-06,
                4.697611930266445e-06,
                4.7051866627104705e-06,
                4.697856812335787e-06,
                4.614969710978342e-06,
                5.255252977075798e-06,
                5.374296482170823e-06,
                5.090847385831373e-06,
                4.781698008003732e-06
            ],
            "r2": [
                0.8862527479001345,
                0.904121272068258,
                0.9034747005655075,
                0.8805990788010165,
                0.8911882079532742,
                0.893360742174711,
                0.9031297934511399,
                0.8913859644368187,
                0.8941013198634179,
                0.8874349682670255,
                0.8773916457559497,
                0.8949678305930546,
                0.8973409792246537,
                0.8964531682663822,
                0.9009547044525283,
                0.8937849502781102,
                0.8903248141505509,
                0.8879015536821063,
                0.88878637935146,
                0.8912212405640577
            ]
        },
        "LGBM": {
            "mse": [
                4.5111720093033484e-06,
                4.639594847854148e-06,
                4.348972011787108e-06,
                4.598498472464615e-06,
                4.772457306165424e-06,
                4.557262804746416e-06,
                5.105472328794516e-06,
                4.7014760949715024e-06,
                4.835919021401319e-06,
                4.616904461575372e-06,
                4.788377151455661e-06,
                4.421700590365629e-06,
                4.471886655326127e-06,
                4.900505667997981e-06,
                4.388706470491321e-06,
                4.3184681830427325e-06,
                4.616585018173118e-06,
                4.977715199352235e-06,
                4.548697474313862e-06,
                4.521058879779721e-06
            ],
            "r2": [
                0.8988601670495687,
                0.8995541015207754,
                0.9006924319139114,
                0.8948740679929403,
                0.8963509075255065,
                0.8964529724843194,
                0.898632821906093,
                0.8980170032742276,
                0.8906283311910304,
                0.8882644858165847,
                0.8857006588007983,
                0.8972783298453999,
                0.9022738549141756,
                0.8921547916822675,
                0.9074725461407178,
                0.9006090307173339,
                0.9036535782260942,
                0.896173547196086,
                0.9006300764856457,
                0.8971505152654748
            ]
        }
    },
    "linspace": {
        "SKL": {
            "mse": [
                4.90118950054544e-06,
                4.796981939613866e-06,
                4.296603445016973e-06,
                5.189431080151033e-06,
                4.994130699586367e-06,
                4.711225518789767e-06,
                4.908766427754108e-06,
                4.867915639162816e-06,
                4.774599940436955e-06,
                4.694105587496429e-06,
                5.147620278302619e-06,
                4.5292918624040494e-06,
                4.697170946678429e-06,
                4.59365215334013e-06,
                4.600276545339457e-06,
                4.5245083541290566e-06,
                5.276017576820915e-06,
                5.462673757285674e-06,
                5.07359689730052e-06,
                4.708505729093594e-06
            ],