{
    "minibatch_kmeans": {
        "LGBM": [
            0.0,
            0.05331532568258716,
            0.05587023635908576,
            0.05279105613546827,
            0.054000069352653536,
            0.05520468719225255,
            0.05579153188961652,
            0.05473848482687006,
            0.05376113322252409,
            0.05323156173591004,
            0.055286402742455235,
            0.0545261751730619,
            0.05545098578135983,
            0.05427905159163904,
            0.05481696682197646,
            0.05365099913004839,
            0.055362602501995005,
            0.05474514936838851,
            0.05422861523638172,
            0.05392113481352541
        ],
        "XGB": [
            0.0,
            0.05365866073354099,
            0.05577715264750136,
            0.05348008490326008,
            0.05419446977916168,
            0.0560771230204067,
            0.0558151917531751,
            0.05548566214337487,
            0.053599126531151224,
            0.053390353121354185,
            0.05583104056028865,
            0.054742163123250955,
            0.056472248781279794,
            0.05474364455617342,
            0.05508996208120639,
            0.05421543166717333,
            0.05592994374816767,
            0.054769957932666216,
            0.05475678659415647,
            0.05373940129644495
        ],
        "CAT": [
            0.0,
            0.05485260390363007,
            0.056748550883923755,
            0.05349190749060273,
            0.05547518300614333,
            0.05740077315429712,
            0.057079678456969055,
            0.05623837489736839,
            0.054480703963189644,
            0.054382846051454,
            0.05628469229360349,
            0.055658288902099146,
            0.05665876165862486,
            0.05554962323614837,
            0.055757542051696904,
            0.054847991812670055,
            0.055987833803816806,
            0.055132883532907406,
            0.054838519142545394,
            0.054334525640813286
        ]
    },
    "linspace": {
        "LGBM": [
            0.0,
            0.055268315235522746,
            0.05751356290245788,
            0.05485735699949891,
            0.05516171621165813,
            0.0568935343912441,
            0.05727905886662568,
            0.056531757438008944,
            0.055876720747760025,
            0.054801301978588776,
            0.05690795925852304,
            0.05620306045347312,
            0.05738533886046576,
            0.056270247280327215,
            0.056549947349599075,
            0.054797055196223854,
            0.05739337861498352,
            0.05607123578141363,
            0.055086014817742925,
            0.05550873629386402
        ],
        "XGB": [
            0.0,
            0.05572348265345588,
            0.057335410048564274,
            0.05471668595704278,
            0.05536715220807427,
            0.0574500127123678,
            0.057513034002619416,
            0.057038789241038876,
            0.05599094837556376,
            0.0551563287216457,
            0.05747800815047484,
            0.056281083097317205,
            0.05748644348627539,
            0.05649156580844899,
            0.05688780095567001,
            0.05511468025085697,
            0.05709191066633377,
            0.05615948382776796,
            0.05529579648088552,
            0.05548059304666842
        ],
        "CAT": [
            0.0,
            0.05640159927216404,
            0.05803406177959918,
            0.05537544284832342,
            0.05574535130289307,
            0.05816555577429246,
            0.058238763324462234,
            0.05716222483540053,
            0.055960917704509804,
            0.055560891502950384,
            0.05750325084360558,
            0.05699111559853937,
            0.058033057221010674,
            0.056744156684759114,
            0.05742180485802245,
            0.055505163556344043,
            0.05728833987134073,
            0.05620767734611039,
            0.05632887873214361,
            0.05592344700962209
        ]
    },
    "none": {
        "LGBM": [
            0.0,
            0.05320999733523485,
            0.055977968692382515,
            0.05285110579720682,
            0.054050966304323315,
            0.05521661083182175,
            0.0556048651093309,
            0.05490681540881646,
            0.05384340267459276,
            0.05303148858272727,
            0.055208093791550394,
            0.05443140049778188,
            0.05554643903079929,
            0.054336801805828366,
            0.054755654033657404,
            0.05364473550841683,
            0.05568332437745957,
            0.054832261521683294,
            0.05427550719926298,
            0.05389310349817593
        ],
        "XGB": [
            0.0,
            0.0538745465474049,
            0.05559178909487648,
            0.0534677179919406,
            0.05430447105630364,
            0.05575297525113542,
            0.05593181719934761,
            0.055511324241645066,
            0.053925842270427134,
            0.053751734769188875,
            0.055604614896612205,
            0.05467967876802648,
            0.05633691183617077,
            0.05469694679802847,
            0.05503097908988279,
            0.05413973959470132,
            0.05563312522133909,
            0.05506977385404783,
            0.05471467356295918,
            0.0537926691377447
        ],
        "CAT": [
            0.0,
            0.05479194424369692,
            0.0566790356947383,
            0.05360575342077622,
            0.0554257867889201,
            0.05730532917317413,
            0.057569340494806095,
            0.055841867108165244,
            0.054359776862525154,
            0.05447447953633576,
            0.05607426140036401,
            0.05569102900417702,
            0.057034400920080046,
            0.05555451788306317,
            0.05591831182403395,
            0.055053188786078344,
            0.05580785636748577,
            0.055519541237000286,
            0.055032256265305286,
            0.054683338549717006
        ]
    }
}