{
    "minibatch_kmeans": {
        "LGBM": [
            2.329991458790107e-08,
            2.498121577118571e-08,
            2.552997673448062e-08,
            2.5551249669004702e-08,
            2.3984963890841026e-08,
            2.4985601395356964e-08,
            2.2723096841653986e-08,
            2.483021279571506e-08,
            2.343873231534386e-08,
            2.4520264083383987e-08,
            2.4531054431980745e-08,
            2.5124941898213877e-08,
            2.508075227577138e-08,
            2.4554962877321467e-08,
            2.581889151785062e-08,
            2.4034885032081588e-08,
            2.5955639880995188e-08,
            2.490727391720449e-08,
            2.7064144153965612e-08,
            2.4915402632635836e-08
        ],
        "XGB": [
            2.5790394782537127e-08,
            2.747892344413193e-08,
            2.7286661659574487e-08,
            2.7583339983918383e-08,
            2.666519294841423e-08,
            2.7413021552428203e-08,
            2.5382112222698224e-08,
            2.7061973301558125e-08,
            2.514996357745506e-08,
            2.7939476134164023e-08,
            2.763529603862548e-08,
            2.7222557464412997e-08,
            2.871863231678525e-08,
            2.712096313757942e-08,
            2.786022951795345e-08,
            2.6748792516078878e-08,
            2.8907602682056958e-08,
            2.8341155010503366e-08,
            2.9445367688304453e-08,
            2.668359641985747e-08
        ],
        "CAT": [
            2.48782661731498e-08,
            2.5071446468927773e-08,
            2.6106554016348772e-08,
            2.5279580834726704e-08,
            2.491304420119179e-08,
            2.608647026417198e-08,
            2.31479767740518e-08,
            2.473644249700536e-08,
            2.3055912332476175e-08,
            2.5400832150893496e-08,
            2.48105016321726e-08,
            2.554212976662745e-08,
            2.5094385051944547e-08,
            2.4846410854390042e-08,
            2.609861841766389e-08,
            2.4118996327853633e-08,
            2.5966501284096822e-08,
            2.517250636679496e-08,
            2.746599570614327e-08,
            2.4923210619248256e-08
        ]
    },
    "linspace": {
        "LGBM": [
            2.4315153686286885e-08,
            2.5540097196118508e-08,
            2.5668514662882327e-08,
            2.5721621054152353e-08,
            2.490827064943488e-08,
            2.5358526161332503e-08,
            2.3254543725884692e-08,
            2.5017260945134214e-08,
            2.372866833047562e-08,
            2.499235149859118e-08,
            2.5070844422208026e-08,
            2.5591758615914827e-08,
            2.697424780587438e-08,
            2.4492839957413696e-08,
            2.686876054493614e-08,
            2.4159988913036324e-08,
            2.6038071938951223e-08,
            2.546915397660552e-08,
            2.7377591574470286e-08,
            2.5206203526542907e-08
        ],
        "XGB": [
            2.6251843355230704e-08,
            2.7988229956612345e-08,
            2.7223575542476527e-08,
            2.7582818833380465e-08,
            2.7637930219011886e-08,
            2.7761132782472263e-08,
            2.5408531348682806e-08,
            2.7123210842308053e-08,
            2.6189574082581866e-08,
            2.8465259771491416e-08,
            2.8299161548451262e-08,
            2.8308282072681176e-08,
            2.881799648219382e-08,
            2.733088031231918e-08,
            2.741014962471069e-08,
            2.7142461347565455e-08,
            2.9297603386190297e-08,
            2.7870418702142345e-08,
            2.9524191819889533e-08,
            2.7071345722410838e-08
        ],
        "CAT": [
            2.5235127654719647e-08,
            2.5523101036418392e-08,
            2.609577642225141e-08,
            2.526202642005969e-08,
            2.583740494467377e-08,
            2.6316949479131327e-08,
            2.4144603542369385e-08,
            2.5829124699053342e-08,
            2.3406960186086865e-08,
            2.5826689997054947e-08,
            2.5712802220413305e-08,
            2.6443046009041566e-08,
            2.6482082306553007e-08,
            2.4967874493576228e-08,
            2.6116117176798366e-08,
            2.4421338501681504e-08,
            2.6580465550955095e-08,
            2.6941036817392622e-08,
            2.9025249471872185e-08,
            2.5848939035228308e-08
        ]
    },
    "quantile": {
        "LGBM": [
            2.355963198326697e-08,
            2.570570899048879e-08,
            2.5689862438158453e-08,
            2.666982840344786e-08,
            2.4473499214936285e-08,
            2.530391103051831e-08,
            2.260706952015158e-08,
            2.4844332889413067e-08,
            2.3686080180895063e-08,
            2.5445508651261167e-08,
            2.4963275092158166e-08,
            2.50605571292873e-08,
            2.6087790707430897e-08,
            2.5233231817481757e-08,
            2.668622253840233e-08,
            2.4490913897009925e-08,
            2.608929759130018e-08,
            2.5483063928678315e-08,
            2.7258698616380406e-08,
            2.4748220731316092e-08
        ],
        "XGB": [
            2.5825038602190262e-08,
            2.803749817245873e-08,
            2.7431682096580882e-08,
            2.7853352938999825e-08,
            2.785485745047265e-08,
            2.7597196756095942e-08,
            2.5203537851906755e-08,
            2.7552824601223167e-08,
            2.541020696879239e-08,
            2.890222203300654e-08,
            2.7917773960336994e-08,
            2.7736971654071708e-08,
            2.940756203966029e-08,
            2.732106293846991e-08,
            2.8488006318703408e-08,
            2.7419561644220062e-08,
            2.889074055879023e-08,
            2.7854283920663506e-08,
            2.989104683495783e-08,
            2.7174043074369724e-08
        ],
        "CAT": [
            2.4664141562117584e-08,
            2.623208000361914e-08,
            2.5181279191470254e-08,
            2.559520173004685e-08,
            2.5411640966774035e-08,
            2.6256210402880714e-08,
            2.3931849163275514e-08,
            2.5296494632573753e-08,
            2.282842023461959e-08,
            2.6126032262121653e-08,
            2.5661396002100603e-08,
            2.518306861422933e-08,
            2.6496482621627355e-08,
            2.540620714663477e-08,
            2.6614286807236015e-08,
            2.4462736865957517e-08,
            2.6487810513357034e-08,
            2.5620772212866373e-08,
            2.8051670613193295e-08,
            2.5886824070233565e-08
        ]
    },
    "none": {
        "LGBM": [
            2.3545793079706146e-08,
            2.509233206803405e-08,
            2.5438836039988254e-08,
            2.5345641612999205e-08,
            2.3910545022172876e-08,
            2.4613718845111695e-08,
            2.2950858092076352e-08,
            2.4722859715930052e-08,
            2.3529741491401757e-08,
            2.4607059809337326e-08,
            2.443377508555164e-08,
            2.5056203534320326e-08,
            2.5244904173077923e-08,
            2.4636209063057537e-08,
            2.624797284650525e-08,
            2.395595767287314e-08,
            2.572353960240796e-08,
            2.5095349530837122e-08,
            2.713134438963783e-08,
            2.4920471727082185e-08
        ],