{
    "minibatch_kmeans": {
        "LGBM": [
            0.006736572451661125,
            0.006839764503354578,
            0.006346545886695549,
            0.006469221842513849,
            0.006646033273060664,
            0.006497949503451668,
            0.006522932634092114,
            0.006555085387914109,
            0.006484417986824148,
            0.0066045698217339615,
            0.006418464765499585,
            0.006483146470553235,
            0.006425720522115538,
            0.006684221240534206,
            0.0066745325855191925,
            0.00662429584213224,
            0.0064698954426487985,
            0.00688263129570445,
            0.006390830797850985,
            0.006407972754144277
        ],
        "XGB": [
            0.006732890293707543,
            0.006854217744399726,
            0.0063348454482378466,
            0.0064198498048834395,
            0.006645464221546051,
            0.006527243770880351,
            0.00652479897632709,
            0.006551454126740603,
            0.006526951145515155,
            0.006673463119782662,
            0.0063737891470130375,
            0.006503360704103728,
            0.006440151733956902,
            0.006703026252702646,
            0.00663414744302981,
            0.006629273020612182,
            0.006453873239972765,
            0.0068635390992705485,
            0.006500378187457611,
            0.006436391533651799
        ],
        "CAT": [
            0.0068291624243749524,
            0.006925246130761636,
            0.006427323245313346,
            0.006469878159424136,
            0.006680260436992952,
            0.006596112542257039,
            0.00661783938730987,
            0.00660896887857782,
            0.006522502838119142,
            0.006698851177002588,
            0.006398712067440371,
            0.006612870559437266,
            0.0064806209027377494,
            0.00678721035948803,
            0.006694431160020136,
            0.00670549441687287,
            0.006482840034098165,
            0.006958634889346624,
            0.006449316159993169,
            0.006533062102324405
        ]
    },
    "linspace": {
        "LGBM": [
            0.007362169871343817,
            0.007469925872590436,
            0.006954445763618236,
            0.007063602963425613,
            0.007271693817716396,
            0.007054722728788327,
            0.006917039751900107,
            0.0072168913626398275,
            0.006924837730861162,
            0.007096519582867239,
            0.007044870536303632,
            0.007066894559640648,
            0.006854011591102887,
            0.007290887006704588,
            0.007284049172028972,
            0.007241865099298389,
            0.00708143190139745,
            0.00747696870986251,
            0.006999676749469121,
            0.007012949087709741
        ],
        "XGB": [
            0.007363200275715161,
            0.007499201252407254,
            0.006950552423962542,
            0.007030016451224519,
            0.00726902087663794,
            0.007056131209792331,
            0.006913378225484086,
            0.007214127677825655,
            0.006943814381151195,
            0.007125147689660859,
            0.007001913120709971,
            0.007076108042206235,
            0.006853701218495756,
            0.007299012754288826,
            0.007257323035016622,
            0.007249815471678245,
            0.00707850435646531,
            0.007475117323596015,
            0.0071225157147459086,
            0.007042739156623508
        ],
        "CAT": [
            0.007376588427424479,
            0.007497038436021293,
            0.006946165032091343,
            0.007033942385391047,
            0.007267434035756343,
            0.0070639059706605585,
            0.006933804895301555,
            0.007226202233045521,
            0.006923678364544269,
            0.007120581950773357,
            0.0069998334303683525,
            0.007122625571700353,
            0.006851297504491067,
            0.0073048918618124625,
            0.007264577991757016,
            0.007267998732624978,
            0.0070931253051513985,
            0.007476997735615205,
            0.0070205832401028555,
            0.0070536738677631165
        ]
    },
    "quantile": {
        "LGBM": [
            0.006829284332438867,
            0.006910832254601136,
            0.0064663472759782315,
            0.0065487335388640265,
            0.006741761722770927,
            0.00660092841403766,
            0.006627859729251356,
            0.006633863173684084,
            0.006602459085108804,
            0.006711448308853961,
            0.006509518861226843,
            0.00655329320753509,
            0.006558906742010186,
            0.00680801550893641,
            0.006764900940296854,
            0.00669841585961083,
            0.006533717477672266,
            0.0069813859450687564,
            0.006457629644769115,
            0.00648662544320411
        ],
        "XGB": [
            0.006821321229114515,
            0.0069190511846225974,
            0.006456382165428886,
            0.006517876998373092,
            0.006739003269647872,
            0.006608532004507011,
            0.006594480841154013,
            0.006628148764703365,
            0.006613384672465367,
            0.006739736350658533,
            0.0064689552307252525,
            0.006568213321253506,
            0.006539530325016441,
            0.0068200722777462825,
            0.006724582339843859,
            0.006699244956617105,
            0.00651031795150081,
            0.0069692110441154295,
            0.00655871258580379,
            0.0065094583272200844
        ],
        "CAT": [
            0.006910427662571175,
            0.0069516646696591,
            0.006547851821428284,
            0.006534626542507174,
            0.0067756114169129295,
            0.0066791108510072415,
            0.0066811702842813495,
            0.006668857746862464,
            0.006622208210505208,
            0.0068169302506702984,
            0.00649943715430006,
            0.006679239218143963,
            0.006597224324693691,
            0.006880870565319405,
            0.006777216981635119,
            0.006793942410899362,
            0.006545792332188355,
            0.007015699704687091,
            0.006501305398519922,
            0.006608062307307213
        ]
    },
    "none": {
        "LGBM": [
            0.006815363135572803,
            0.0069180051417131695,
            0.006459321978870348,
            0.006552172719844086,
            0.006734105901609544,
            0.006592039193016004,
            0.006624115523730542,
            0.006630210799356522,
            0.006607760166026651,
            0.00669831743687504,
            0.006524880850083276,
            0.0065508382780796875,
            0.006561783108000596,
            0.006803017298895455,
            0.0067600039781229556,
            0.006690722461337595,
            0.006530481309124546,
            0.006964344215310746,
            0.0064535708315207,
            0.006476491726849379
        ],
        "XGB": [
            0.006824277858411979,
            0.006927117859539861,
            0.006458788619633917,
            0.0065143741798130905,
            0.006735940405675233,
            0.006604662260495165,
            0.006624516074710959,
            0.006624930584298108,
            0.006643300513759154,
            0.006760189511108609,
            0.006477282240252201,
            0.006566326030612915,
            0.006570178647204367,
            0.006813201927508279,
            0.00673533161536115,
            0.00669879093694617,
            0.00651919139222401,
            0.006966070188974906,
            0.006556646480841512,
            0.006507095642129601
        ],