{
    "minibatch_kmeans": {
        "LGBM": [
            0.0,
            0.15323420776580104,
            0.1429177176566476,
            0.13847730733308572,
            0.16063480292677967,
            0.14229004716675397,
            0.1428760237017267,
            0.14752680050240558,
            0.13944239232801733,
            0.16235124804364046,
            0.14841581992705183,
            0.13750848148275394,
            0.1448596738786612,
            0.14688019819608972,
            0.15205291941271737,
            0.15149939124768652,
            0.14595345232982776,
            0.15094430508853293,
            0.14450635848506846,
            0.14912655536960218
        ],
        "XGB": [
            0.0,
            0.15690352102775423,
            0.16151437008747846,
            0.16211548468019085,
            0.15384096981805762,
            0.15836160313467432,
            0.15343689208232034,
            0.15876530544984196,
            0.15412503493659452,
            0.16211762167501417,
            0.15139107245352576,
            0.1681491489512984,
            0.15015639012474022,
            0.16872467909852226,
            0.1603379852279115,
            0.16835438494060428,
            0.1530498663874679,
            0.16523832993587786,
            0.16876982199945034,
            0.16911215826731632
        ],
        "CAT": [
            0.0,
            0.16633249084373727,
            0.17156242472466474,
            0.1563614401946102,
            0.164826766209439,
            0.17741198213116613,
            0.17366790861495682,
            0.16600763491583745,
            0.15340565715516508,
            0.17402643249214816,
            0.15922876169704017,
            0.1787132349062687,
            0.1667292399661463,
            0.16981557139228795,
            0.1625222650908923,
            0.16763489416891492,
            0.15504391657111727,
            0.15386259366566934,
            0.1627276813281488,
            0.1708040366403921
        ]
    },
    "linspace": {
        "LGBM": [
            0.0,
            0.19636275205714837,
            0.19222451990963385,
            0.1901758631572402,
            0.21337094025273784,
            0.18903444429979105,
            0.19173169365679474,
            0.19037372118092272,
            0.18951714892005894,
            0.2147625819204906,
            0.19134011618007496,
            0.18899699685373264,
            0.18777744237524657,
            0.19485910219396238,
            0.1970487066482325,
            0.19747951546777823,
            0.18591054071327076,
            0.198887049762062,
            0.19416472110303948,
            0.19402802503852482
        ],
        "XGB": [
            0.0,
            0.20429118543743569,
            0.2047429376483509,
            0.20309845023853998,
            0.19671196348012876,
            0.2038908846958486,
            0.20021550378146252,
            0.207123599964471,
            0.20022158009357588,
            0.2064231021410896,
            0.19618890444143713,
            0.21325044436279225,
            0.19004300533869103,
            0.21176005745538518,
            0.20585917370025578,
            0.21338192516455307,
            0.19346281001420507,
            0.2141744385202346,
            0.21607408779256082,
            0.21159510192443542
        ],
        "CAT": [
            0.0,
            0.20395376616782449,
            0.20728033528230067,
            0.1971908692552275,
            0.20620326191765248,
            0.21087854883143264,
            0.2083632021519747,
            0.20283031436960478,
            0.19682510417431506,
            0.2089950111919252,
            0.20229795756226943,
            0.20716738246438213,
            0.20177126257864703,
            0.20551680189797447,
            0.20033715222739962,
            0.20263050252173165,
            0.19570557766712815,
            0.19959461162558284,
            0.20657990915771052,
            0.209288266910575
        ]
    },
    "none": {
        "LGBM": [
            0.0,
            0.1481434432778764,
            0.13984058418588793,
            0.1326349278648187,
            0.153386412121699,
            0.1366698451639683,
            0.13686718113351365,
            0.14260858721649733,
            0.13553287750842358,
            0.15425479138966824,
            0.14501694650574504,
            0.13301343843814728,
            0.14365750339442532,
            0.13914793258358035,
            0.14628616220375892,
            0.14540078194333117,
            0.14111025646879863,
            0.1476694466290938,
            0.14024661699979585,
            0.14443016881009332
        ],
        "XGB": [
            0.0,
            0.16542337889519876,
            0.16606689227432536,
            0.16515422494732312,
            0.16040110443176164,
            0.1621237829567625,
            0.15766678396747047,
            0.16533597927126586,
            0.16344702328905064,
            0.16734589502015182,
            0.1598977375621126,
            0.1712769498541619,
            0.15718984425261606,
            0.17432905761686987,
            0.1654905155712789,
            0.17336824202590578,
            0.16126751905440867,
            0.17356309559257913,
            0.17261243309102303,
            0.17318970470715184
        ],
        "CAT": [
            0.0,
            0.1646840403301337,
            0.16966781458958996,
            0.15213387144674112,
            0.159517763048119,
            0.17545407542400926,
            0.16979304985075738,
            0.16299590566997793,
            0.150735283514852,
            0.1711432734263401,
            0.15553789534108603,
            0.17535485498746362,
            0.1636284771393159,
            0.16948712624908172,
            0.16141985017554122,
            0.1641425920041438,
            0.15163369745068261,
            0.15236039002518179,
            0.1575867095047742,
            0.1670895742413248
        ]
    }
}