{
    "minibatch_kmeans": {
        "LGBM": [
            0.0,
            87.33759879787038,
            88.11519873953723,
            86.10966782885069,
            107.08549612830875,
            91.82476599460989,
            96.4432432255356,
            90.85358268978017,
            92.2608121130594,
            103.18112411533372,
            98.79514661125384,
            88.21561320281316,
            89.2576087668525,
            90.19652509997363,
            91.6495198961528,
            92.96977464527626,
            94.34850398721449,
            97.22746080985318,
            95.20223550976735,
            93.61454931953146
        ],
        "XGB": [
            0.0,
            107.98853667411673,
            99.77329102201125,
            106.87210429596885,
            116.2960088592734,
            103.41583501387389,
            107.3432379323734,
            105.96645400154236,
            100.66858205372665,
            107.57844109582268,
            109.82066358682557,
            97.09679074810248,
            96.87473731445301,
            104.47845332632106,
            104.97752322435412,
            110.65663810843817,
            100.8367414394943,
            118.67744278740656,
            108.97949650129544,
            114.68982400304954
        ],
        "CAT": [
            0.0,
            132.12673932161255,
            120.64441416276962,
            115.5780327615909,
            147.87499427026384,
            146.6620240044848,
            135.7283753033933,
            127.06690752312076,
            121.94686850228682,
            135.01787001549528,
            134.39818361909826,
            118.8953977654262,
            129.90020784154024,
            119.17585180347545,
            117.0239305884359,
            124.84317087134559,
            119.10946445472689,
            121.50396603293925,
            136.35755528185774,
            138.13431216015113
        ]
    },
    "linspace": {
        "LGBM": [
            0.0,
            92.06357442252593,
            92.03858552554186,
            89.04118875927777,
            111.48474411308054,
            93.44839914151012,
            99.23205525799841,
            89.8036045448445,
            92.74115856495703,
            106.24677231739147,
            97.03008876236761,
            92.99564775023693,
            92.04335756404845,
            90.25169161288468,
            96.1262678705226,
            96.27396808717693,
            94.60514157248865,
            99.3143309651235,
            96.36592080228847,
            96.44612296737988
        ],
        "XGB": [
            0.0,
            102.8255049113244,
            101.35323684104496,
            108.69514198288623,
            113.01827816495644,
            102.24386445503144,
            110.55481531802415,
            110.27454980442332,
            105.59071031420397,
            113.81923012660312,
            115.45667950487912,
            103.04841333430598,
            101.01130855727799,
            102.98797281424564,
            108.20220419157134,
            119.11129970833365,
            101.02547827010282,
            118.69418288075232,
            111.55764666975281,
            120.21216318524887
        ],
        "CAT": [
            0.0,
            139.60405271314443,
            122.30914647788025,
            117.59480536064052,
            148.94279109257545,
            152.34054562771198,
            146.1492637865001,
            130.27538054394986,
            128.13295637009466,
            139.06735649087184,
            136.69065560745153,
            121.94832019375646,
            136.2514932042119,
            124.04367957650625,
            119.83218552547065,
            130.87456383303058,
            122.93030736668047,
            125.51120489272905,
            136.92119224148908,
            144.24972042126902
        ]
    },
    "none": {
        "LGBM": [
            0.0,
            89.32565606226987,
            92.48144817813,
            86.7335373445997,
            107.07493141137218,
            90.99690599248216,
            97.4212780492287,
            91.37915393022003,
            95.11554016448018,
            103.48305149087741,
            96.97448576064754,
            89.35522764382706,
            89.05359676486142,
            88.66392820785404,
            90.00005909223864,
            94.07620583858215,
            93.71358627078662,
            97.62877326764017,
            94.87491891146426,
            93.21189519759027
        ],
        "XGB": [
            0.0,
            104.04863758194242,
            99.13103768155518,
            103.75902314229869,
            112.06674336303399,
            100.2649472052831,
            104.8060830966693,
            107.31189318458891,
            102.78866705388835,
            111.09817823846022,
            111.7436664608003,
            96.62160160557774,
            97.67526534096551,
            99.2910379839654,
            102.16705219701129,
            112.76625324635859,
            102.74676687033994,
            115.26191220770878,
            103.8041266967058,
            113.43603848280601
        ],
        "CAT": [
            0.0,
            129.73175929535043,
            119.24753043239996,
            113.89566327466932,
            141.43892138663256,
            143.1603557636247,
            138.01004254650377,
            124.1912921117074,
            118.09995937259045,
            135.24547518442233,
            135.04352160484362,
            116.68511410074136,
            127.62808936449494,
            117.0846539696185,
            113.1457656445152,
            124.16840260958446,
            117.49609875820529,
            119.80550697469043,
            131.11668612854248,
            136.38950383436466
        ]
    }
}