{
    "minibatch_kmeans": {
        "LGBM": [
            0.04863554082319678,
            0.048715635971865165,
            0.053211278617046914,
            0.044345282208405445,
            0.04812051320470029,
            0.04672665989446272,
            0.04710829928317271,
            0.05016783329734877,
            0.04715097022453739,
            0.048938657839633894,
            0.048686456377219675,
            0.048092058672032846,
            0.04638206929016586,
            0.05575562877307451,
            0.04710577594255855,
            0.050018802935670056,
            0.0488933302757622,
            0.047777029738078236,
            0.04955498574621502,
            0.04707065352571944
        ],
        "XGB": [
            0.05237207875174028,
            0.054990819251733845,
            0.05338297946673566,
            0.05005813905959988,
            0.050475466618459044,
            0.05387618681897465,
            0.05113350016923648,
            0.05760957712488585,
            0.05041512707419699,
            0.05224444799787096,
            0.054968683866285915,
            0.05289503353379511,
            0.0522069277325853,
            0.060859257665005786,
            0.05147922765575018,
            0.055783344804569146,
            0.05599846573093915,
            0.05621271919813552,
            0.05396708266071499,
            0.053462155234232214
        ],
        "CAT": [
            0.059618557334286074,
            0.058674585114483827,
            0.05896780934506216,
            0.05063656428010759,
            0.05499117212708386,
            0.05911741636774489,
            0.059063639344607725,
            0.05818308012905745,
            0.052726348956004636,
            0.05648445724044938,
            0.055468368360422925,
            0.05541970999050107,
            0.055936456820577296,
            0.06299583174028701,
            0.05221471008054703,
            0.057091805686600286,
            0.05403374661902079,
            0.05398968645245733,
            0.05602160997370576,
            0.05571105973455314
        ]
    },
    "linspace": {
        "LGBM": [
            0.04944607971018443,
            0.04892124160235637,
            0.053340184398082156,
            0.04578003442128025,
            0.049600731464154654,
            0.04869930018440556,
            0.04828721310608407,
            0.051198516879414104,
            0.04884093822266323,
            0.050142801882107256,
            0.04992913550411274,
            0.048541692934066315,
            0.0473378246603005,
            0.05609927624141894,
            0.047568416806479455,
            0.05125668417171062,
            0.05010089861851055,
            0.048321356335178554,
            0.0503482261770266,
            0.04750933547385242
        ],
        "XGB": [
            0.05399673068319417,
            0.054822050926222575,
            0.05475551814848682,
            0.04992168521184395,
            0.05088249159424453,
            0.05500527557046167,
            0.0514813185275466,
            0.057571473839977905,
            0.05078680899382898,
            0.05554330582721656,
            0.05646755492925049,
            0.053198369060458536,
            0.053120070790607314,
            0.061456134728484865,
            0.05233441064567949,
            0.057839067367513625,
            0.05611327287998268,
            0.05643144813973704,
            0.05475000768454239,
            0.05412587328819962
        ],
        "CAT": [
            0.06110598827042678,
            0.05709149381622738,
            0.058747982001627556,
            0.05095127584322464,
            0.057167546102379015,
            0.06057611625841361,
            0.05883336672034867,
            0.05891797559157729,
            0.05317128808561401,
            0.0576439953971592,
            0.05611460831776999,
            0.05536634894832186,
            0.055641198632980754,
            0.06316753264242579,
            0.05413231098341437,
            0.05544271775794522,
            0.05584333693189388,
            0.05309819820779471,
            0.05581235554222943,
            0.056333040074809534
        ]
    },
    "quantile": {
        "LGBM": [
            0.04970443166415262,
            0.04817594456611335,
            0.05394874017315453,
            0.04465459858029547,
            0.048520782388986966,
            0.04843675505028103,
            0.046957475067293884,
            0.05047305322137036,
            0.04796987638699946,
            0.04902960893331244,
            0.04869176414729703,
            0.0472783842162038,
            0.04623768027892352,
            0.055712546376886676,
            0.046717215081203044,
            0.05033388239904521,
            0.047916310498452366,
            0.047472662249581514,
            0.04941532942343521,
            0.04692982205515167
        ],
        "XGB": [
            0.053003647711056916,
            0.05478115155329645,
            0.05353222302554702,
            0.050497445979151984,
            0.05032638127421078,
            0.05362105306975645,
            0.050242040971112296,
            0.056926692961613214,
            0.0506433027608158,
            0.05216367954954465,
            0.055779585976157564,
            0.05343279328624319,
            0.053849915312448614,
            0.061671625377113876,
            0.0518681028795702,
            0.05545500803444763,
            0.05632645716357942,
            0.055794688870604535,
            0.05394882537424702,
            0.05383927551901855
        ],
        "CAT": [
            0.06106377359656457,
            0.05686654756194704,
            0.058164876090819946,
            0.05092278745678775,
            0.055004781269327174,
            0.06036131596898445,
            0.05799454025407231,
            0.05737691207554503,
            0.051279331711989604,
            0.05597341100945391,
            0.05418709542097956,
            0.05494057139130812,
            0.05590909701903871,
            0.06395231861978012,
            0.053511704907106765,
            0.05695830624181397,
            0.056157823590370574,
            0.05318730356848635,
            0.05550592880345948,
            0.05604588249739258
        ]
    },
    "none": {
        "LGBM": [
            0.04872207060205113,
            0.04754327647761114,
            0.05350208031041591,
            0.04504858627957689,
            0.04831570452419395,
            0.04644448224327475,
            0.04657444968698151,
            0.05011002857971579,
            0.04795031812932261,
            0.04901901913638537,
            0.048694290533994364,
            0.04823920171351566,
            0.04637078610158678,
            0.05518704833476405,
            0.046900718414386394,
            0.04975900532143723,
            0.047649805258553085,
            0.047249554251658415,
            0.049064629210696944,
            0.04656767501963494
        ],
        "XGB": [
            0.052672230523806006,
            0.054692124564425695,
            0.05342383982902302,
            0.0501940674846254,
            0.050180363322871506,
            0.05278267900920011,
            0.05033703547821405,
            0.056946435701163624,
            0.050912670667892276,
            0.05419551232480597,
            0.05603657307099916,
            0.05287881880445997,
            0.0519066955596986,
            0.0611681624062395,
            0.052308173387461125,
            0.055650564327306896,
            0.05406781569016834,
            0.05622809232585222,
            0.054073587192812175,
            0.05426710063901255
        ],