{
    "minibatch_kmeans": {
        "LGBM": [
            22.1750741017113,
            22.727623062627433,
            23.48100949380356,
            25.788715671321786,
            20.814350613170273,
            22.495238562611064,
            25.54234904452485,
            17.83491182187996,
            23.532232348313343,
            23.702839185013445,
            27.28808329337518,
            20.310840873035488,
            26.83484310608264,
            23.59237412410737,
            26.179841768986098,
            19.09456062699177,
            22.560618963612864,
            22.140181950025255,
            23.972356578432006,
            20.121428944081625
        ],
        "XGB": [
            36.66504669189453,
            45.2802619934082,
            30.968036651611328,
            35.122108459472656,
            31.681379318237305,
            42.8101806640625,
            35.7176628112793,
            45.6693115234375,
            30.486194610595703,
            36.66339874267578,
            37.982967376708984,
            36.81899642944336,
            43.582130432128906,
            36.119754791259766,
            38.70206069946289,
            34.41012954711914,
            35.89760971069336,
            40.14275360107422,
            49.494598388671875,
            37.432167053222656
        ],
        "CAT": [
            72.02933054609724,
            53.18970665331441,
            40.670187223512684,
            36.98861682399442,
            58.084636004163706,
            64.27368033442153,
            57.88968294606135,
            62.53356861710625,
            36.799896446581705,
            58.330102303682494,
            56.95032678389136,
            46.84561302087819,
            50.67692457411921,
            47.44363041274727,
            46.689184225523086,
            43.16138892851559,
            42.359871044194335,
            45.002062495608584,
            54.86102892720925,
            57.979511539269566
        ]
    },
    "linspace": {
        "LGBM": [
            22.2789174856302,
            22.54132425949959,
            24.40559871015231,
            24.681032005482876,
            20.817278523920567,
            22.522590954186143,
            26.40870958136157,
            18.37606912094009,
            22.9451555760053,
            23.333872931823844,
            25.27669429766019,
            20.060369227901766,
            24.0577540678574,
            22.86075607601444,
            26.27087253491488,
            19.39495707357158,
            21.07339024065939,
            22.455258316702672,
            22.877541858099523,
            21.002988530175177
        ],
        "XGB": [
            38.69258117675781,
            44.113121032714844,
            32.085548400878906,
            34.51219940185547,
            29.4263858795166,
            41.62786865234375,
            36.20061111450195,
            47.37574005126953,
            31.536380767822266,
            36.00486755371094,
            35.78602981567383,
            38.799068450927734,
            44.128353118896484,
            36.25497817993164,
            38.89726638793945,
            33.5692024230957,
            33.303531646728516,
            40.9142951965332,
            51.28560256958008,
            36.31947326660156
        ],
        "CAT": [
            72.28306520064535,
            59.84057801681525,
            44.61965371792787,
            36.53649982754993,
            59.04614835999308,
            66.26680209314827,
            58.937275178389,
            61.6938379257723,
            37.90689317843835,
            52.49576881036293,
            63.98793207452586,
            47.6697355041593,
            52.265616814166656,
            46.92265666636171,
            50.67894468739039,
            41.16573605391535,
            47.32374655007689,
            51.22734791351593,
            68.57635448617334,
            59.19281784485601
        ]
    },
    "quantile": {
        "LGBM": [
            22.24134159880538,
            23.535134421257826,
            21.794648513349244,
            26.87227589105637,
            19.530994873225055,
            22.386875634783422,
            25.908682455658287,
            18.86001383312682,
            23.924375150537593,
            22.44361848770781,
            28.243762181090073,
            20.7181637916955,
            26.61974471053004,
            22.93315443387124,
            28.835388557623897,
            19.7861678182597,
            23.71598233832472,
            24.408028999850426,
            23.586834705769913,
            21.376698987056866
        ],
        "XGB": [
            35.62723922729492,
            43.20903778076172,
            31.067110061645508,
            33.63918685913086,
            30.71525001525879,
            42.04369354248047,
            35.02182388305664,
            46.393802642822266,
            32.36635208129883,
            35.35309982299805,
            39.659061431884766,
            38.013423919677734,
            43.33559799194336,
            34.53968048095703,
            38.52989959716797,
            33.78531265258789,
            33.49382019042969,
            41.74259948730469,
            50.44381332397461,
            35.90803527832031
        ],
        "CAT": [
            68.81020481049772,
            54.696937407554294,
            46.67326298891671,
            38.825807717949324,
            55.92373496896668,
            65.55910134376828,
            55.44000867080699,
            57.83566341591066,
            37.308788700558196,
            55.53118980172119,
            54.00772539369558,
            49.24445066881486,
            50.766898448488945,
            47.322585822667264,
            46.52330674836876,
            45.71094853762968,
            41.31694846729324,
            46.30494886591243,
            57.779407191290005,
            55.72688236074679
        ]
    },
    "none": {
        "LGBM": [
            21.670424908737356,
            22.20175342706316,
            24.21938582965113,
            26.131795864273105,
            19.490306547095194,
            22.051632227610284,
            24.77552705995316,
            17.93350777686984,
            23.64008586275704,
            23.867546576387003,
            27.576982675125016,
            19.992059355277117,
            23.603878489912496,
            21.71376998955202,
            26.543257497372085,
            19.33271674365715,
            21.466211152044572,
            21.862823834452534,
            22.786900641815233,
            21.303281760816972
        ],
        "XGB": [
            39.707828521728516,
            48.05644607543945,
            32.44773864746094,
            35.14285659790039,
            31.280479431152344,
            43.42793655395508,
            35.67034912109375,
            45.18913650512695,
            33.704017639160156,
            35.88973617553711,
            37.96390914916992,
            37.770809173583984,
            43.99393081665039,
            35.41426086425781,
            38.758087158203125,
            35.39137649536133,
            33.91029357910156,
            42.23747253417969,
            48.36201095581055,
            36.3698844909668
        ],
        "CAT": [
            76.98612438034421,
            54.59265229705191,
            49.31187627830766,
            38.88185768522896,
            61.525668101115315,
            62.13200325973928,
            56.33795640670302,
            60.24930597147329,
            37.255010381500156,
            54.512003578302064,
            63.67934631621333,
            49.828367091152835,
            51.99331874396299,
            46.492934864967864,
            47.89690441639435,
            44.283338707002684,
            45.25591993528676,
            50.25212997089266,
            56.9365520186192,
            55.25530714871479
        ]
    }
}