{
    "minibatch_kmeans": {
        "LGBM": [
            4.885522266106279e-06,
            4.8809215475021496e-06,
            5.64539647855624e-06,
            4.781918737742429e-06,
            5.530405237918325e-06,
            4.936496941371413e-06,
            5.2780499320532805e-06,
            5.201948739195962e-06,
            4.9553889093209276e-06,
            5.1063275776461685e-06,
            5.10857712767328e-06,
            4.6505376137462154e-06,
            4.743020016750027e-06,
            5.120038283598702e-06,
            4.779536206085092e-06,
            4.6266462860103654e-06,
            4.932620035160738e-06,
            5.474196011851147e-06,
            5.472954531757132e-06,
            4.894201163123643e-06
        ],
        "XGB": [
            5.134392180515282e-06,
            5.365157612224369e-06,
            4.657926819871027e-06,
            5.416738505775416e-06,
            5.094175032155521e-06,
            4.962846037688705e-06,
            5.313748559968032e-06,
            5.224308334102345e-06,
            4.9619812627454924e-06,
            5.464522572037665e-06,
            5.96665046413272e-06,
            5.2005184022695005e-06,
            5.7477719870410315e-06,
            5.664188214917645e-06,
            4.978144537829199e-06,
            5.223048320093312e-06,
            5.508250848677958e-06,
            6.258077611841366e-06,
            5.440326966658848e-06,
            5.596358558774931e-06
        ],
        "CAT": [
            5.571834287481657e-06,
            5.031361513836519e-06,
            4.908836512065053e-06,
            4.833401552692292e-06,
            5.364828108400705e-06,
            5.782745336190491e-06,
            5.724629234991983e-06,
            5.385931278496087e-06,
            4.7856649652239645e-06,
            5.288393452385858e-06,
            5.335532395305307e-06,
            4.935888460461303e-06,
            5.387276936856548e-06,
            5.527295460153381e-06,
            4.835704105220128e-06,
            4.768530242732168e-06,
            5.112996353363296e-06,
            5.312275043240028e-06,
            5.401093032377282e-06,
            5.329529502413827e-06
        ]
    },
    "linspace": {
        "LGBM": [
            5.096048978662126e-06,
            4.9479402169055475e-06,
            5.428203774906548e-06,
            5.015761689793017e-06,
            5.706635747657406e-06,
            5.223281805897048e-06,
            5.6240550811215925e-06,
            5.351367810587762e-06,
            5.0272491563321e-06,
            5.220429657929718e-06,
            5.352538750054814e-06,
            4.841549654906217e-06,
            4.939552130566221e-06,
            5.162553616040528e-06,
            5.085780921876664e-06,
            4.71159283932571e-06,
            5.235360631997608e-06,
            5.9169789493204826e-06,
            5.5541879733568105e-06,
            5.079326193832532e-06
        ],
        "XGB": [
            5.284161200025974e-06,
            5.273362654308986e-06,
            4.855606924263488e-06,
            5.5428861611651875e-06,
            5.3599808401945926e-06,
            5.011481308479466e-06,
            5.41884798792426e-06,
            5.384340466175043e-06,
            5.048895399493702e-06,
            5.46501754241064e-06,
            6.1652823352423235e-06,
            5.396013423590409e-06,
            5.945991846720768e-06,
            5.806079217406286e-06,
            5.2375559382e-06,
            5.222771320816849e-06,
            5.958210562996729e-06,
            6.730130422004933e-06,
            5.907709533580008e-06,
            5.750047574744089e-06
        ],
        "CAT": [
            5.749717658167442e-06,
            5.354543806849304e-06,
            5.06768167771231e-06,
            4.8833968432901065e-06,
            5.760232460756551e-06,
            5.831024914934973e-06,
            6.012905658226526e-06,
            5.442218794099816e-06,
            4.916541791430374e-06,
            5.709675861388441e-06,
            5.702245543585332e-06,
            5.393388473070207e-06,
            5.6643954745367045e-06,
            5.798839736999841e-06,
            4.975614761697728e-06,
            5.081622587673226e-06,
            5.259134297471584e-06,
            5.770832383761135e-06,
            5.762703651207163e-06,
            5.436232996178702e-06
        ]
    },
    "quantile": {
        "LGBM": [
            5.831007275584739e-06,
            5.657480115777211e-06,
            6.509250533517678e-06,
            5.885869189654441e-06,
            6.449518584655368e-06,
            6.0797826120719426e-06,
            6.120891138165384e-06,
            6.296937058075104e-06,
            5.822029374469377e-06,
            5.993215033401953e-06,
            5.938760498964674e-06,
            5.5282894433412704e-06,
            5.730600117305048e-06,
            5.918649095069622e-06,
            6.066820040916176e-06,
            5.4475269386836e-06,
            5.933957213993887e-06,
            6.5648017769093186e-06,
            6.053628998700313e-06,
            5.754150132799271e-06
        ],
        "XGB": [
            6.011418990447168e-06,
            6.229732739694224e-06,
            5.875806087098201e-06,
            6.156264624036818e-06,
            6.1602439482493196e-06,
            5.856506629334654e-06,
            5.8453264452726725e-06,
            6.36545776333139e-06,
            5.961482106552393e-06,
            6.4775465278559e-06,
            6.815811381634299e-06,
            6.001033408652698e-06,
            6.530009051184072e-06,
            6.31573434860996e-06,
            6.1417046015709214e-06,
            5.921312185551018e-06,
            6.52216639576685e-06,
            7.404425236053371e-06,
            6.291770917330594e-06,
            6.390379311119975e-06
        ],
        "CAT": [
            6.45005825400846e-06,
            5.987661718950399e-06,
            5.8574439507211744e-06,
            5.686870058729103e-06,
            6.500351224604372e-06,
            6.441818227181724e-06,
            7.019136326323762e-06,
            6.404902228441919e-06,
            5.860079116614521e-06,
            6.301452276415679e-06,
            5.982202450266747e-06,
            5.874275036921148e-06,
            6.234579151332868e-06,
            6.3595131110872356e-06,
            6.070324216622653e-06,
            5.688476967489102e-06,
            6.367719806479755e-06,
            6.73388547665631e-06,
            6.267118684369104e-06,
            6.297542717551874e-06
        ]
    },
    "none": {
        "LGBM": [
            4.898255827305805e-06,
            4.742150207103469e-06,
            5.393472199715765e-06,
            5.014234271968603e-06,
            5.5357376538640984e-06,
            4.940435804037053e-06,
            5.178427408415284e-06,
            5.12341652219064e-06,
            4.933018559814607e-06,
            5.004345855834714e-06,
            4.983330811875423e-06,
            4.511774051007947e-06,
            4.772608873954747e-06,
            4.987923709186325e-06,
            4.6930292064483685e-06,
            4.536391627001689e-06,
            4.965028410678778e-06,
            5.519848848318531e-06,
            5.11668654114777e-06,
            4.928593873107674e-06
        ],