{
    "kmeans": {
        "SKL": {
            "mse": [
                0.0067619688515529065,
                0.00690809719256043,
                0.006349223326942633,
                0.006469339449344642,
                0.0066648421424176695,
                0.006503004317128223,
                0.006511252455696542,
                0.006659553551525193,
                0.006562324126056038,
                0.0066700935737347335,
                0.006469260626596154,
                0.006456897908445223,
                0.006472804170471119,
                0.006873571745965038,
                0.006723572536875428,
                0.0067170523371145935,
                0.006454300059304739,
                0.006912639638088664,
                0.006444629852088502,
                0.006487313767405903
            ],
            "r2": [
                0.9789343479408278,
                0.9786113346133346,
                0.9802212427923961,
                0.9798139417662289,
                0.979071984226238,
                0.979571787736216,
                0.9796060159006525,
                0.979171022964052,
                0.9795250104431603,
                0.9792105600336508,
                0.9800937992068983,
                0.9797489565348156,
                0.9802037235410305,
                0.9784651507498258,
                0.9790399970465935,
                0.9786341760734614,
                0.980045458534992,
                0.9785554856572289,
                0.9799127612584245,
                0.9797740548310995
            ]
        },
        "LGBM": {
            "mse": [
                0.006759772904670646,
                0.006864951222242631,
                0.006331348019716977,
                0.006429960405347533,
                0.006681966669283171,
                0.006480092283517135,
                0.006519354684098846,
                0.0066142992676837655,
                0.006493746113108701,
                0.006648185833040876,
                0.006403544805476022,
                0.006450998208810525,
                0.006420124742306493,
                0.006714917573797319,
                0.006646783406810571,
                0.006639523270915894,
                0.0064740138640364195,
                0.006882793398465251,
                0.006380340432706533,
                0.006426635616474455
            ],
            "r2": [
                0.9789411890035385,
                0.978744922010296,
                0.9802769269829532,
                0.9799368148480235,
                0.9790182121547167,
                0.9796437624517748,
                0.9795806387987308,
                0.9793125640495945,
                0.9797389794687605,
                0.9792788423830538,
                0.9802960096921465,
                0.9797674600136422,
                0.980364837101117,
                0.9789622130933662,
                0.9792793787717287,
                0.9788807831109617,
                0.9799845100308417,
                0.9786480751956963,
                0.9801131446699349,
                0.9799632352835475
            ]
        }
    },
    "quantile": {
        "SKL": {
            "mse": [
                0.006861455563600824,
                0.006971142883222136,
                0.006445073380495845,
                0.0065310603915799655,
                0.006743503465763951,
                0.006610068228661205,
                0.006630090735867313,
                0.006740685752049375,
                0.006697771305880717,
                0.0067404812587363765,
                0.006573528727208402,
                0.0065525943197659925,
                0.006569552849253037,
                0.006915545013477138,
                0.006818018554379631,
                0.006774335436991915,
                0.006514700906735211,
                0.006973700863332702,
                0.006537141712929634,
                0.006537035901771868
            ],
            "r2": [
                0.9786244156553469,
                0.9784161342355682,
                0.9799226558881491,
                0.9796213560248312,
                0.9788249828148619,
                0.9792354625234484,
                0.9792338008755576,
                0.9789172671036149,
                0.9791024041318686,
                0.9789911747228548,
                0.9797729616542157,
                0.9794488198108658,
                0.9799078295912422,
                0.9783336488143232,
                0.9787455719035659,
                0.9784519680803537,
                0.9798587192753514,
                0.9783660604319766,
                0.9796244114419427,
                0.9796190327064692
            ]
        },
        "LGBM": {
            "mse": [
                0.006843031420612612,
                0.0069431350103116235,
                0.0064436412667344695,
                0.006510728401993428,
                0.006773300260011916,
                0.00659570617029189,
                0.006627446681331488,
                0.006672496528755092,
                0.006618948054401381,
                0.006723022549668832,
                0.006504902784225879,
                0.006529528256233421,
                0.0065369476375808245,
                0.00682249791262795,
                0.006729555320576254,
                0.006701787031477559,
                0.006536910362343634,
                0.0069487153644181504,
                0.006449493977457647,
                0.006509258615952471
            ],
            "r2": [
                0.9786818126345697,
                0.9785028514610468,
                0.9799271171315045,
                0.9796847972353313,
                0.9787314190414516,
                0.9792805787747387,
                0.9792420823554309,
                0.9791305414252502,
                0.9793483391420682,
                0.9790455902689094,
                0.9799841267130186,
                0.9795211628867193,
                0.9800075486260326,
                0.9786251646904947,
                0.9790213463719185,
                0.9786827324663636,
                0.9797900550516894,
                0.9784435708936651,
                0.9798976002872282,
                0.9797056358645817
            ]
        }
    },
    "linspace": {
        "SKL": {
            "mse": [
                0.007328779040665621,
                0.007473847158789372,
                0.006957638277159708,
                0.00705813492887067,
                0.007291414601997534,
                0.007087081155955102,
                0.00691409855188154,
                0.007225315489434471,
                0.007000963640519405,
                0.007131026072616459,
                0.0070373256121827816,
                0.007067428912682754,
                0.006849703423733338,
                0.007321639847427208,
                0.007297373924657741,
                0.0072817789710763895,
                0.007061298871689109,
                0.007525067394187218,
                0.007024972964652145,
                0.0070155790237628165
            ],
            "r2": [
                0.9771685565730223,
                0.9768596747303179,
                0.9783259414362828,
                0.9779767434045481,
                0.9771045080224077,
                0.9777369979898077,
                0.9783442560570615,
                0.9774014985775671,
                0.978156419178033,
                0.9777739192417173,
                0.978345838146228,
                0.9778341221857259,
                0.9790510234719019,
                0.9770613567144374,
                0.9772512338977429,
                0.9768378747760627,
                0.9781688208113595,
                0.9766556013167806,
                0.9781038923362914,
                0.9781270458389658
            ]
        },