{
    "minibatch_kmeans": {
        "LGBM": [
            0.0,
            4.671020711154792,
            5.145420827053271,
            4.605058458615038,
            4.388734694395257,
            5.113024624668169,
            4.684969506621931,
            5.124473892506447,
            4.862483817442888,
            5.12109859268814,
            4.321306880474934,
            4.6924658508043615,
            4.478990143508201,
            4.336862248606373,
            4.541256520063776,
            4.953619023249204,
            4.328152628992176,
            4.8722093840833205,
            5.026286477876608,
            5.289019579419864
        ],
        "XGB": [
            0.0,
            4.638351917266846,
            5.228457450866699,
            4.604536056518555,
            4.381188869476318,
            5.029872894287109,
            4.4032206535339355,
            5.278460502624512,
            4.903667449951172,
            5.156266212463379,
            4.267399311065674,
            4.7908501625061035,
            4.482141017913818,
            4.591856479644775,
            4.7021918296813965,
            5.08695125579834,
            4.2720794677734375,
            4.788783073425293,
            5.028308868408203,
            5.262369632720947
        ],
        "CAT": [
            0.0,
            4.713836116120872,
            5.387432092393936,
            4.8066528011305225,
            4.537072887280825,
            5.074367282041807,
            4.475894215478925,
            4.942131833940689,
            5.019746431311913,
            5.17304501202852,
            4.441334183475864,
            4.763504880519897,
            4.529328837678036,
            4.573417551900774,
            4.619197513963033,
            5.085236734742337,
            4.299324267546895,
            4.846961207719814,
            5.031053429816471,
            5.397020370913754
        ]
    },
    "linspace": {
        "LGBM": [
            0.0,
            4.709963959466998,
            5.126553259399926,
            4.667847235204216,
            4.330318972304425,
            5.016320808246466,
            4.568612445499591,
            5.153012677352306,
            4.940396948661048,
            5.100399033506283,
            4.3143337215351405,
            4.631034854898485,
            4.390214320271047,
            4.471228995470982,
            4.62057416674569,
            5.013941452225768,
            4.353258174429747,
            4.881340012386932,
            5.087859579637435,
            5.2837231035444905
        ],
        "XGB": [
            0.0,
            4.753005504608154,
            5.363392353057861,
            4.676747798919678,
            4.353684902191162,
            5.037185192108154,
            4.565801620483398,
            5.316099166870117,
            5.162334442138672,
            5.199221611022949,
            4.235602855682373,
            4.736580848693848,
            4.387921333312988,
            4.398296356201172,
            4.684691905975342,
            5.076780319213867,
            4.297835826873779,
            4.8023295402526855,
            5.094515800476074,
            5.322007656097412
        ],
        "CAT": [
            0.0,
            4.778368488872754,
            5.348054115281126,
            4.755243022113348,
            4.458181196054764,
            5.124462431332862,
            4.602055978799738,
            5.0437783552497075,
            4.972366514352766,
            5.140913217445662,
            4.304519233864821,
            4.76829710407617,
            4.5232821577080555,
            4.545746205227315,
            4.560753400043604,
            5.096453306847679,
            4.297788554426035,
            4.911699107973782,
            5.133928894031281,
            5.2830209683574045
        ]
    },
    "none": {
        "LGBM": [
            0.0,
            4.608117690028411,
            5.350789745501763,
            4.666389174742403,
            4.297067510415318,
            5.055155739150567,
            4.579550315483699,
            5.15198073035059,
            4.874859840550266,
            5.0559318290098725,
            4.347412876381656,
            4.7297350151318165,
            4.4348106304995785,
            4.4957810202435144,
            4.542574290271334,
            4.9730919818090085,
            4.312332003353876,
            4.85993698739056,
            4.916934872844193,
            5.208150818652134
        ],
        "XGB": [
            0.0,
            4.78281831741333,
            5.240075588226318,
            4.662936210632324,
            4.3642473220825195,
            5.0102128982543945,
            4.453192234039307,
            5.350208759307861,
            4.988471508026123,
            5.225121021270752,
            4.246240139007568,
            4.683935165405273,
            4.480888843536377,
            4.602326393127441,
            4.680399417877197,
            4.949981689453125,
            4.263935089111328,
            4.766578197479248,
            5.056929111480713,
            5.242701530456543
        ],
        "CAT": [
            0.0,
            4.7153312464245944,
            5.311812874835031,
            4.775293239102755,
            4.450939391577746,
            5.077974717788388,
            4.562266784466272,
            5.014027083470858,
            4.954787868523041,
            5.213620920937064,
            4.377497434875741,
            4.792548685254458,
            4.541973598481471,
            4.583751643559458,
            4.469834122365356,
            5.088505256847485,
            4.30859802763405,
            4.869984303572349,
            5.072078458184698,
            5.273212764342588
        ]
    }
}